股票代號,前第5天,前第4天,前第3天,前第2天,前第1天,後第1天,後第2天,後第3+天,後第4天,後第5天
6153.TW,-1.53%,+3.63%,+0.50%,-1.74%,+3.04%,+0.25%,-1.23%,-0.74%,-1.00%,-0.51%
8261.TW,-1.46%,-0.21%,-0.85%,-1.50%,+3.49%,+0.00%,+0.63%,-1.05%,+0.85%,+0.42%
6205.TW,+1.65%,-0.50%,-1.63%,-0.13%,-0.77%,+0.90%,-1.91%,-0.26%,-0.65%,+0.39%
1789.TW,+3.94%,-0.61%,+0.86%,-0.85%,+0.86%,-0.24%,+0.37%,+0.24%,+0.36%,+0.24%
911608.TW,+8.52%,+0.00%,+0.00%,-1.65%,+0.00%,-2.52%,+0.00%,-7.33%,+2.33%,-0.91%
3044.TW,-1.42%,+2.22%,-1.20%,-1.10%,-1.11%,+1.12%,-0.44%,-0.11%,+7.49%,-6.56%
3011.TW,-0.14%,+0.41%,-0.95%,-1.10%,-0.14%,+0.55%,+0.69%,+0.68%,+9.93%,+2.10%
00676R.TW,-0.44%,-0.33%,+0.33%,+0.33%,+0.11%,-0.33%,-0.11%,-0.33%,-0.89%,+0.22%
4961.TW,-1.35%,-3.62%,-1.59%,-2.91%,+5.37%,+1.48%,+0.76%,-0.24%,+0.69%,+1.03%
2012.TW,+0.00%,-0.36%,+0.00%,+0.36%,+0.36%,+0.00%,+0.00%,+0.72%,-0.36%,-0.36%
8114.TW,-0.62%,+0.00%,+0.62%,+0.31%,-0.62%,+0.00%,+2.48%,+0.91%,+0.60%,+0.60%
8028.TW,+4.42%,+0.96%,+4.42%,-0.60%,+0.33%,-0.67%,-1.77%,+1.80%,+0.98%,+1.12%
6443.TW,+1.89%,+0.00%,+2.78%,+0.45%,+1.35%,-0.88%,-2.68%,-1.38%,-0.47%,-0.93%
2748.TW,+0.35%,+2.11%,+0.52%,+0.34%,+2.21%,+2.50%,-1.63%,+3.47%,+0.48%,+0.16%
6525.TW,-0.52%,+1.22%,-0.34%,+0.17%,+1.72%,+6.61%,-1.27%,-0.97%,+0.81%,+0.00%
1802.TW,-2.03%,+0.69%,-1.37%,-1.74%,-2.13%,-1.81%,+3.32%,+0.00%,+1.07%,+0.35%
9938.TW,+0.00%,-3.14%,+0.51%,-0.70%,+0.10%,-0.10%,+0.51%,+0.81%,-0.30%,+0.20%
00635U.TW,+0.31%,+0.10%,+0.77%,+1.12%,-0.70%,+0.15%,+0.76%,-0.80%,+0.51%,-0.10%
2408.TW,+5.10%,-2.99%,-1.35%,-1.36%,+0.00%,-0.59%,+0.40%,+0.79%,+0.00%,-0.39%
2504.TW,+2.40%,+0.67%,+1.55%,-0.33%,+0.11%,+0.11%,-0.11%,+0.11%,+0.44%,+1.53%
2395.TW,+0.41%,+0.21%,+0.82%,-1.83%,-0.21%,-0.21%,+0.42%,+0.62%,+0.82%,+0.20%
3050.TW,+4.01%,-0.86%,+1.08%,-0.21%,+0.54%,-0.21%,-0.11%,+0.00%,+0.32%,+0.32%
6591.TW,-0.38%,+3.61%,+0.10%,-1.55%,-0.79%,-0.41%,-0.10%,-0.18%,-0.01%,+0.30%
6176.TW,+0.77%,-1.83%,+0.00%,-0.47%,+0.94%,-0.62%,+1.56%,+0.00%,+0.15%,+0.00%
2101.TW,+0.00%,+0.35%,-0.53%,-1.79%,+0.55%,+0.00%,-0.18%,+0.72%,+0.00%,+0.72%
1612.TW,+0.97%,+0.00%,+0.11%,+0.43%,-0.21%,+0.21%,+0.32%,+2.65%,+1.13%,+0.31%
00685L.TW,+0.98%,+0.00%,-0.49%,-0.68%,-0.20%,+0.79%,+0.49%,+0.39%,+1.55%,-0.38%
6446.TW,+2.42%,+0.68%,-2.35%,-0.69%,-0.35%,+0.35%,-0.69%,+3.48%,-1.01%,-1.02%
2374.TW,-3.26%,-1.81%,+2.11%,-1.55%,+0.52%,+1.04%,-1.29%,+0.26%,+0.26%,-0.26%
1443.TW,+3.99%,-2.56%,-1.15%,+0.83%,-1.98%,+0.17%,+1.01%,-2.16%,+1.87%,-2.17%
2025.TW,+0.00%,-2.58%,+2.32%,-2.27%,-0.66%,+0.00%,+1.00%,+1.98%,+0.65%,-0.96%
6141.TW,-1.58%,-1.07%,-3.24%,-0.28%,+0.84%,-1.11%,+1.97%,+0.55%,-0.82%,-2.49%
5243.TW,-0.99%,-0.55%,-0.78%,-1.24%,+1.14%,-0.34%,+2.15%,+2.99%,+0.00%,-1.07%
2303.TW,-0.41%,-0.82%,+0.41%,+0.41%,-0.41%,+0.41%,+0.82%,+0.00%,+0.40%,+0.40%
4968.TW,-2.70%,+3.17%,+1.15%,-3.42%,-3.15%,-2.85%,+2.51%,+0.00%,+0.00%,-6.12%
2417.TW,-0.99%,+0.50%,-0.50%,-0.40%,+2.41%,-0.49%,-0.49%,+1.98%,-1.46%,+0.99%
2402.TW,-0.83%,-2.79%,+2.87%,+1.68%,-1.10%,-1.67%,+3.11%,-0.82%,+3.31%,-1.60%
2351.TW,-0.75%,-2.28%,+0.97%,-1.73%,+4.50%,+2.06%,-0.55%,-0.92%,+0.00%,+1.49%
2420.TW,-1.53%,+1.13%,-0.56%,-0.14%,+0.42%,+0.84%,+0.56%,+0.14%,+1.66%,-0.54%
911622.TW,+0.00%,+0.00%,+0.00%,+0.00%,+0.00%,+0.00%,+0.00%,+0.00%,+0.00%,+0.00%
8222.TW,-0.42%,-0.64%,+0.86%,+0.00%,-0.85%,-1.72%,+1.75%,+2.15%,-1.05%,-0.21%
2497.TW,+0.62%,-0.93%,+0.94%,-0.93%,+0.31%,+0.31%,+2.34%,-0.91%,+2.46%,+0.00%
2059.TW,-0.46%,-1.40%,+1.65%,+0.23%,-0.46%,-0.70%,+1.05%,+3.13%,-2.02%,+0.69%
3030.TW,-0.38%,+0.00%,+0.00%,-0.38%,+0.39%,+0.00%,+0.64%,+0.76%,+0.13%,+0.25%
1786.TW,+2.93%,-1.09%,-1.11%,-1.57%,-3.18%,-3.17%,+0.36%,-2.17%,+0.49%,-0.86%
9802.TW,+1.48%,-0.61%,+1.59%,+0.00%,-0.36%,-3.14%,+0.50%,+2.23%,-0.97%,+0.12%
3022.TW,+0.64%,-1.05%,-1.28%,+0.65%,+0.75%,+0.21%,-0.11%,+0.32%,+0.53%,+0.42%
5906.TW,+0.00%,+3.98%,+3.28%,-9.52%,+0.00%,+0.19%,-2.53%,+1.80%,+0.59%,-1.36%
00641R.TW,+0.00%,-0.41%,+0.41%,+1.06%,-0.47%,-0.35%,-0.06%,-0.47%,-0.47%,+0.59%
2412.TW,+0.47%,+0.00%,+0.00%,+0.00%,-0.47%,+0.47%,+0.00%,+0.00%,+0.94%,+0.00%
2428.TW,+9.70%,+2.71%,-3.33%,+1.90%,+2.33%,-1.48%,-0.58%,-0.58%,+0.47%,-0.47%
4536.TW,-0.95%,-0.48%,+0.00%,+0.97%,+0.96%,-1.42%,+0.48%,+0.48%,+0.48%,-0.95%
2901.TW,-0.84%,+0.21%,-0.21%,-0.42%,+0.85%,+0.00%,-0.21%,-0.21%,+0.42%,+0.21%
3231.TW,+0.18%,+0.36%,-1.43%,-0.73%,+0.00%,+0.00%,-1.65%,+2.98%,+0.54%,-0.18%
2464.TW,+0.80%,+0.00%,-0.13%,+0.13%,-0.26%,-0.66%,+1.06%,+0.53%,+0.65%,+0.52%
2884.TW,+0.00%,+0.27%,+1.08%,+0.00%,-0.27%,+0.00%,+0.27%,-0.27%,+0.27%,+0.27%
2007.TW,+0.45%,+0.44%,-0.88%,-0.22%,+1.34%,-0.22%,+0.66%,+9.89%,+3.80%,-3.66%
6116.TW,+0.78%,+1.15%,+0.13%,-0.38%,+0.76%,-1.01%,+0.00%,-0.13%,-1.15%,-0.13%
2453.TW,+2.81%,+0.39%,-0.78%,+3.14%,-1.52%,-1.16%,+0.78%,+0.39%,+0.00%,+0.39%
9958.TW,+0.74%,-0.74%,-0.64%,+0.32%,+0.21%,+0.53%,-0.21%,-0.74%,-0.53%,+0.86%
006208.TW,-0.84%,+0.22%,-0.16%,-0.36%,+0.54%,+0.51%,-0.38%,+0.00%,+0.62%,-0.07%
3055.TW,-1.54%,-0.63%,+2.21%,-0.31%,+1.55%,+0.91%,+0.60%,-0.30%,-0.60%,+0.30%
2722.TW,+0.13%,-0.13%,+0.00%,+0.13%,+0.00%,+0.13%,-1.39%,+1.03%,+0.00%,+0.00%
2885.TW,+0.00%,+0.77%,-0.76%,-0.77%,+0.00%,+0.00%,+0.78%,+0.00%,+0.77%,+0.76%
4119.TW,+1.74%,-1.00%,+0.00%,-0.86%,+0.00%,+0.43%,-0.29%,+0.72%,+0.72%,-0.71%
2929.TW,+0.50%,+0.00%,-0.99%,-0.70%,-0.10%,-0.60%,+0.20%,+0.71%,-0.10%,+2.11%
1717.TW,+0.77%,+0.00%,-0.15%,-0.62%,+0.15%,+0.00%,+0.93%,-0.15%,+0.00%,+0.46%
4763.TW,+0.62%,+2.16%,+2.11%,+0.89%,+0.00%,-0.88%,-1.78%,+0.90%,+0.30%,+0.89%
2535.TW,+0.52%,+0.26%,+0.52%,-0.26%,+0.26%,+0.26%,+0.00%,+0.26%,+0.00%,+0.52%
2013.TW,+0.50%,+0.00%,+0.74%,-0.24%,+0.00%,-0.49%,-0.25%,+0.49%,+0.00%,-0.74%
1714.TW,-1.15%,+1.05%,-0.81%,-0.47%,-1.64%,-2.14%,+0.61%,+1.93%,+0.47%,+0.00%
2352.TW,+2.06%,+0.50%,-0.50%,-0.25%,+1.26%,+0.50%,-0.74%,-0.75%,+1.51%,+1.24%
1568.TW,+5.62%,-0.14%,+2.60%,+1.60%,-3.01%,-1.62%,+1.10%,+0.00%,+0.14%,+4.48%
2020.TW,+0.00%,+0.38%,+0.00%,+0.76%,-0.38%,+0.00%,+0.38%,+0.76%,+0.38%,-0.75%
3029.TW,+4.03%,-1.94%,+0.56%,-1.40%,+0.00%,-0.28%,+1.43%,-0.28%,+0.85%,-0.84%
4958.TW,+5.55%,-0.79%,-0.26%,-1.20%,+0.40%,-0.80%,+0.13%,-0.81%,+1.09%,+0.54%
3583.TW,+1.26%,-0.53%,+0.36%,-0.36%,+0.00%,+0.00%,+0.00%,+0.36%,-0.18%,+0.18%
3706.TW,-0.73%,+0.30%,+1.03%,+0.44%,+0.87%,+1.01%,+1.99%,+0.14%,-0.84%,+4.08%
3054.TW,+0.50%,+0.25%,+0.75%,-0.50%,+0.25%,-0.25%,-0.50%,+1.50%,+0.25%,+0.74%
2031.TW,+1.09%,+0.43%,-0.86%,-0.65%,+0.44%,+0.65%,-0.86%,+2.61%,-0.21%,+0.00%
6285.TW,+0.67%,+0.00%,-0.78%,+0.45%,+1.01%,-0.22%,+0.56%,+2.10%,-1.52%,-1.10%
00642U.TW,+0.88%,+0.29%,-0.93%,+1.17%,+1.27%,+1.48%,-0.11%,+1.07%,+0.17%,-5.00%
3576.TW,+0.37%,+0.37%,+0.37%,-0.73%,-0.37%,+1.48%,-1.09%,-0.74%,+0.37%,-0.74%
8112.TW,+0.39%,-0.98%,+0.59%,+0.00%,+0.59%,+1.36%,-0.58%,+0.19%,-0.39%,+0.58%
00633L.TW,+1.17%,-0.42%,-0.66%,-0.42%,+0.57%,+0.15%,+2.42%,+0.44%,+4.86%,+0.19%
1535.TW,-0.11%,-0.68%,+0.00%,+0.00%,+0.23%,+0.46%,+0.91%,+0.23%,-0.45%,+0.11%
4306.TW,-0.74%,-1.49%,-0.38%,-0.38%,-0.76%,-0.77%,+0.39%,+0.39%,+1.54%,-1.52%
8105.TW,+0.30%,+5.45%,+3.16%,+4.74%,-0.53%,+3.74%,-0.52%,+3.37%,-0.75%,-2.02%
1721.TW,+0.00%,-1.69%,-1.37%,-1.39%,+0.35%,+0.35%,+0.35%,+1.05%,+1.38%,-0.68%
1434.TW,-0.32%,+0.97%,-0.96%,+0.00%,-0.32%,-0.32%,+0.49%,+0.00%,+0.16%,+0.00%
2461.TW,-0.66%,-1.98%,-1.35%,-1.37%,+3.11%,+0.00%,-0.34%,+0.00%,+1.01%,+0.67%
8131.TW,-0.54%,+0.36%,+1.09%,+0.36%,-0.54%,-0.36%,+0.54%,-0.18%,+0.36%,-0.36%
00637L.TW,+0.87%,-0.47%,-0.71%,-0.48%,+0.40%,+0.72%,+2.06%,+0.47%,+5.02%,+0.07%
00664R.TW,-0.48%,-0.12%,+0.36%,+0.24%,+0.18%,-0.30%,-0.30%,-0.18%,-0.66%,+0.06%
2434.TW,+1.45%,-1.86%,-1.61%,+3.12%,+0.00%,+0.72%,+10.00%,+1.30%,-2.44%,-5.26%
8488.TW,+0.00%,+0.53%,+1.44%,-1.29%,-0.65%,+1.05%,+1.04%,+0.39%,-2.44%,-1.32%
1533.TW,+3.23%,-1.75%,+0.51%,-0.76%,+0.77%,-0.89%,-0.38%,+0.13%,+0.77%,-0.89%
4952.TW,+0.51%,+0.13%,-0.89%,-0.13%,-0.51%,+0.00%,+0.39%,+1.28%,+0.89%,+0.00%
1219.TW,+0.00%,+0.00%,+0.30%,-1.22%,+0.62%,+0.31%,-0.30%,+0.31%,+1.83%,-0.90%
8249.TW,-0.21%,-0.42%,-0.21%,-0.42%,+1.47%,+0.41%,+0.00%,+0.21%,-0.21%,+0.21%
5288.TW,+0.97%,-0.84%,-0.60%,-0.12%,+0.97%,+0.36%,+0.48%,+1.08%,+1.06%,-1.05%
2034.TW,+0.82%,+0.61%,+0.20%,-0.41%,-0.61%,+0.41%,-0.41%,+0.82%,+0.61%,-0.40%
2483.TW,+0.83%,+0.00%,-1.09%,+0.83%,+0.00%,-0.27%,+0.27%,+0.82%,+0.27%,+0.27%
3380.TW,-1.09%,-2.95%,+9.89%,-0.87%,-0.52%,-1.05%,+0.53%,-2.12%,-1.62%,+0.73%
1795.TW,+5.35%,-1.09%,-2.20%,-0.56%,+0.94%,-0.75%,+0.56%,+0.37%,+3.17%,-0.72%
2406.TW,+1.00%,-2.96%,+1.02%,-3.78%,+0.52%,+2.86%,-1.27%,-1.28%,+0.26%,-0.78%
1316.TW,-1.74%,-1.18%,+0.00%,-0.20%,-0.40%,+1.20%,-0.79%,+3.80%,-0.39%,-1.35%
1515.TW,+1.15%,-1.13%,+0.92%,+0.23%,-1.13%,+7.80%,-4.26%,+2.44%,+2.82%,+0.84%
00674R.TW,-0.39%,-0.15%,-0.59%,-1.29%,+0.80%,-0.30%,-0.75%,+0.81%,-0.60%,+0.05%
2427.TW,+0.90%,-0.25%,+0.38%,+0.00%,-1.77%,+2.71%,+0.25%,+0.00%,+0.25%,-0.12%
1536.TW,+1.01%,-2.68%,-1.72%,-0.70%,+2.11%,+2.76%,-0.67%,-1.01%,-0.68%,-0.69%
2528.TW,+9.95%,+4.76%,+10.00%,+0.00%,-4.13%,+4.31%,-2.48%,+2.12%,-1.66%,+0.00%
1463.TW,-0.36%,+0.36%,+0.18%,+0.18%,+0.54%,+1.26%,+0.18%,+0.00%,+5.51%,+0.51%
3665.TW,-0.45%,-2.71%,+2.09%,-1.14%,-1.84%,+1.64%,+3.23%,-0.45%,-0.22%,-2.03%
5880.TW,+0.32%,+0.00%,+0.32%,-0.32%,+0.00%,+0.00%,+0.00%,-0.32%,+0.64%,+0.00%
2349.TW,-0.40%,+0.20%,+3.57%,+5.36%,-1.27%,-0.55%,+0.37%,+3.14%,-0.36%,-1.62%
2401.TW,+4.26%,-1.86%,+1.89%,+0.37%,-1.11%,-0.75%,+0.75%,+0.00%,+2.62%,-2.92%
8104.TW,+1.71%,-0.52%,+1.34%,-0.87%,+0.21%,+0.29%,-0.30%,-0.45%,+0.76%,-0.75%
3563.TW,+0.53%,-0.74%,-0.64%,-1.18%,+1.96%,+2.45%,+9.90%,+4.74%,+0.90%,-2.69%
2910.TW,-0.18%,-3.44%,+0.75%,+0.00%,-1.49%,+0.00%,+0.00%,-0.38%,+0.00%,+2.65%
2369.TW,-1.69%,+0.69%,-0.34%,-2.06%,+1.05%,+1.39%,+4.11%,-0.66%,-0.66%,-0.33%
1773.TW,-0.31%,+0.31%,+0.00%,+0.00%,-0.31%,+0.31%,+1.41%,-0.15%,+0.47%,+0.00%
4956.TW,+0.47%,-0.24%,-1.18%,-0.48%,+0.96%,-0.71%,+1.20%,-0.95%,+0.96%,-0.95%
5876.TW,-0.56%,+0.33%,+0.23%,-0.37%,-0.10%,-0.03%,-0.07%,+0.40%,-0.13%,-0.23%
4977.TW,+1.15%,+2.14%,-0.12%,+0.74%,+2.33%,-0.60%,+2.53%,-0.35%,+0.71%,-0.23%
00632R.TW,-0.54%,-0.14%,+0.34%,+0.34%,+0.00%,-0.27%,-0.34%,-0.14%,-0.82%,+0.14%
3704.TW,-0.65%,-0.33%,-0.33%,+0.00%,-0.66%,+1.00%,+1.32%,-0.98%,+0.66%,-0.65%
8213.TW,-0.16%,+0.49%,+0.82%,-0.65%,+0.16%,+0.65%,+0.65%,+0.32%,-0.48%,-0.16%
2845.TW,+0.42%,+0.21%,+0.21%,-0.53%,+0.21%,+0.53%,+0.32%,+0.21%,+0.42%,+0.21%
3266.TW,+0.43%,-0.85%,+1.72%,-2.12%,-0.43%,+0.43%,-0.43%,-0.43%,+0.44%,+0.87%
2812.TW,+0.30%,+0.20%,-0.30%,+0.00%,+0.00%,+0.40%,+0.20%,+0.20%,+0.20%,+0.00%
1324.TW,+9.88%,-0.37%,+0.75%,+0.00%,-0.37%,-0.75%,+0.00%,-0.38%,+0.38%,+0.38%
2867.TW,-0.65%,+0.33%,+1.62%,+0.96%,-0.63%,+0.32%,+0.00%,+0.95%,+0.31%,-0.63%
4906.TW,-1.61%,-1.64%,+1.06%,-0.30%,+0.90%,+9.99%,-7.99%,-0.15%,-3.54%,-4.28%
1712.TW,+0.32%,+0.00%,+0.00%,-0.32%,+0.00%,+0.32%,+0.00%,+2.22%,+0.00%,-0.31%
1203.TW,-0.21%,+0.42%,+0.21%,-0.42%,+0.63%,+0.62%,-0.41%,+0.21%,+2.27%,+3.43%
2002.TW,+1.05%,+2.07%,+0.41%,-0.61%,+0.00%,-1.02%,+0.62%,-0.20%,+0.61%,+0.41%
2478.TW,-2.16%,+0.66%,-1.97%,+4.03%,+0.00%,-2.37%,-0.44%,+0.00%,-1.11%,-0.67%
4560.TW,-1.04%,+0.00%,+0.00%,-1.03%,+0.62%,+1.46%,-2.06%,-4.23%,+6.64%,-17.08%
4532.TW,-0.46%,-0.77%,+0.00%,+1.09%,+1.54%,+1.82%,+0.00%,-0.45%,+1.19%,+0.00%
6582.TW,+0.56%,-0.56%,-0.56%,+0.56%,+2.25%,+0.55%,-0.55%,-2.75%,+1.69%,+0.00%
9136.TW,+0.00%,-0.86%,-0.43%,-0.87%,+1.75%,-0.59%,+1.35%,+0.44%,+1.76%,+7.36%
2897.TW,+1.48%,+0.22%,-0.45%,-0.11%,-0.90%,+1.02%,-0.22%,-0.22%,-0.23%,-0.23%
3557.TW,+1.01%,-1.20%,+0.81%,-3.40%,+1.04%,+4.92%,+0.20%,+1.56%,-0.77%,-2.71%
9939.TW,-0.63%,-0.79%,+0.00%,-1.28%,-0.16%,-0.49%,+0.16%,+2.12%,-1.28%,+0.49%
1718.TW,-1.25%,+3.04%,+0.12%,-1.60%,-1.12%,+1.39%,-0.75%,+0.38%,+0.38%,-0.75%
6491.TW,+1.94%,-1.43%,+1.45%,+0.00%,+2.86%,-2.78%,+0.00%,+0.00%,+2.86%,+0.00%
2484.TW,-0.25%,-1.24%,+0.00%,+0.25%,-0.25%,+0.25%,-0.25%,+0.25%,+0.50%,+0.25%
2520.TW,-1.38%,+0.28%,+0.84%,-0.28%,+1.39%,-0.27%,+1.64%,-0.54%,+0.00%,-0.27%
6166.TW,+2.97%,-2.16%,+1.77%,-1.01%,+0.29%,-0.58%,-0.73%,-1.63%,+0.15%,+0.45%
2102.TW,-0.36%,+0.36%,-0.73%,+0.37%,-0.73%,+0.00%,+0.37%,+4.76%,+0.00%,-2.10%
1338.TW,+0.94%,+0.00%,-2.34%,+2.39%,-1.40%,-1.90%,+0.48%,+2.40%,-1.41%,+0.00%
3023.TW,+2.21%,+0.00%,-0.94%,-1.91%,-0.14%,-0.83%,-0.42%,-0.56%,+2.27%,-0.97%
2106.TW,-1.36%,+0.32%,+0.42%,-0.42%,+0.11%,-0.95%,-0.75%,-0.32%,+0.11%,+0.22%
3694.TW,+1.14%,+0.75%,+0.37%,-1.12%,+0.00%,+1.88%,+0.00%,+0.00%,-0.37%,-1.11%
2312.TW,+0.46%,+0.00%,+2.28%,-1.79%,-1.36%,+0.92%,+0.46%,+1.36%,+0.90%,+0.44%
2208.TW,+0.72%,-1.79%,+1.82%,-0.36%,-0.72%,+0.00%,+0.00%,-1.81%,+0.00%,+0.74%
2028.TW,+7.52%,-4.62%,+1.91%,-0.86%,+1.45%,+0.57%,-0.57%,-0.14%,-2.01%,+1.32%
1909.TW,-0.17%,+3.48%,-1.51%,-1.71%,-2.60%,-0.71%,+1.26%,+0.00%,+1.77%,-1.22%
2348.TW,-1.64%,+0.56%,+3.31%,-0.53%,-2.42%,+9.92%,+9.77%,+9.82%,+9.98%,+9.83%
2104.TW,+0.17%,+0.50%,-0.50%,-1.00%,+0.33%,+0.00%,+0.00%,+0.33%,+0.50%,+0.17%
2880.TW,+0.29%,-0.29%,+0.00%,-0.29%,+0.29%,+0.00%,+0.00%,+0.29%,-0.29%,+0.58%
8476.TW,-0.93%,-1.32%,-1.34%,+1.16%,-1.34%,-0.97%,-1.37%,+1.19%,-0.59%,+1.78%
1339.TW,-0.58%,-0.71%,+1.54%,+0.23%,+0.81%,-1.73%,+0.23%,+0.23%,+0.70%,+0.35%
1605.TW,+0.39%,-2.73%,-0.40%,-1.61%,+0.00%,+0.41%,+1.63%,+0.00%,+4.02%,-1.16%
00648R.TW,-0.19%,-0.25%,+0.63%,+0.88%,+0.12%,-0.68%,-0.44%,-0.31%,-0.69%,-0.13%
3006.TW,+0.39%,-1.41%,-1.30%,+3.03%,-1.15%,+0.00%,+0.52%,-0.90%,-0.52%,-2.74%
1442.TW,+0.24%,+0.97%,+4.08%,-1.61%,+0.23%,+0.70%,-0.46%,-0.23%,+0.00%,+0.47%
3376.TW,+0.69%,-1.70%,-1.97%,-0.59%,+0.95%,+0.35%,+3.04%,+2.39%,+0.22%,-0.33%
1303.TW,+0.71%,+0.42%,+0.14%,+0.42%,-0.98%,+0.99%,-0.84%,+0.14%,+0.71%,+0.00%
3021.TW,-0.33%,-2.34%,+1.71%,-4.71%,-1.06%,-1.43%,+2.54%,-0.71%,+0.36%,+0.71%
2633.TW,-0.63%,-3.16%,+0.65%,+1.52%,+1.49%,-0.42%,+2.53%,-1.65%,-1.67%,+0.43%
1441.TW,-0.95%,-0.36%,-2.53%,-6.44%,+0.40%,-0.13%,+0.00%,+4.88%,+3.90%,+0.12%
2543.TW,+1.00%,+0.44%,+0.55%,-1.63%,-0.11%,+0.11%,+0.88%,+0.55%,+0.33%,-1.74%
1762.TW,+2.02%,-1.59%,-2.82%,-1.24%,+0.84%,-0.62%,-0.63%,-0.63%,+1.06%,-0.42%
2388.TW,-0.99%,+3.00%,-0.97%,-0.98%,+0.00%,-0.50%,-0.50%,+1.00%,+0.00%,+0.50%
1256.TW,-0.35%,-0.70%,+0.00%,-0.71%,-0.36%,-0.36%,+0.00%,-0.72%,+7.97%,+0.00%
3673.TW,+3.86%,-4.19%,+0.00%,+2.43%,-2.37%,-0.49%,+0.00%,+0.00%,-1.95%,-2.99%
1516.TW,+0.29%,-0.29%,+0.00%,+0.29%,-1.47%,+0.00%,-0.89%,-2.70%,+1.54%,-0.91%
3413.TW,+7.50%,-2.62%,-0.90%,+0.60%,-0.30%,+0.90%,+4.46%,+2.28%,-1.95%,-0.57%
00693U.TW,+0.05%,+0.00%,+1.55%,-1.43%,-1.60%,+0.81%,-0.30%,-1.01%,+0.72%,-1.52%
2201.TW,+0.38%,+1.89%,+0.00%,+0.00%,+0.37%,-0.55%,+0.19%,+0.19%,+0.74%,+0.37%
1323.TW,+0.16%,+1.25%,-0.92%,+0.93%,-0.46%,+0.31%,+0.15%,+0.92%,+0.00%,+0.61%
1733.TW,+2.54%,-2.61%,-1.27%,-2.00%,-1.60%,-0.30%,+1.34%,+3.67%,-1.84%,-2.88%
00662.TW,+0.59%,-0.04%,-0.13%,-1.56%,+0.68%,-0.89%,+0.34%,+1.24%,+0.59%,+0.55%
8046.TW,-0.59%,+0.59%,-1.37%,-0.99%,+0.60%,+0.40%,-0.40%,+0.00%,+0.60%,-0.60%
1445.TW,-0.34%,-0.67%,+0.23%,-0.23%,-0.45%,-0.23%,+0.91%,-1.46%,+0.91%,+0.23%
1229.TW,+1.14%,+0.00%,+0.19%,+0.00%,+0.19%,+1.31%,-0.37%,-0.19%,+1.48%,+2.38%
2419.TW,-1.88%,+0.24%,+1.43%,-0.47%,+0.47%,+0.00%,-0.24%,+0.71%,+0.23%,+0.93%
2392.TW,+0.12%,+0.35%,+0.58%,+1.27%,-0.45%,+0.00%,+0.00%,+0.46%,-0.57%,-0.46%
3045.TW,-0.44%,+0.00%,-0.44%,+0.44%,-0.44%,+0.44%,-0.44%,-0.88%,+0.00%,+0.44%
00634R.TW,-0.90%,+0.00%,+0.45%,+0.34%,-0.34%,-0.45%,-0.79%,-0.11%,-2.17%,-0.58%
4164.TW,+0.47%,-0.82%,-0.36%,+0.36%,-0.36%,-0.71%,+0.60%,+0.12%,+0.71%,-0.71%
2024.TW,+0.34%,+0.11%,-0.34%,+0.23%,-0.11%,-0.56%,+0.11%,+2.49%,+0.55%,+0.11%
6415.TW,+2.37%,-8.43%,+1.99%,-2.30%,+0.36%,-1.62%,+2.02%,+4.32%,+0.00%,+0.52%
2207.TW,+0.14%,+6.17%,-0.41%,+0.00%,-0.41%,+0.41%,-0.68%,+3.69%,+1.19%,+1.17%
910322.TW,-0.26%,-2.31%,+0.00%,-1.31%,+0.00%,+0.00%,-4.26%,+1.11%,+2.75%,-1.87%
3321.TW,-0.81%,-0.41%,+0.82%,-0.41%,+1.23%,-0.40%,-0.41%,-2.04%,-0.42%,+0.42%
2542.TW,-0.79%,-0.20%,+0.20%,-0.40%,+0.20%,+1.00%,-0.59%,-0.60%,+0.80%,-0.60%
6431.TW,-0.98%,-1.39%,+1.91%,-1.97%,-1.01%,+9.64%,+9.72%,-8.86%,+1.85%,-2.73%
6625.TW,+0.52%,-0.31%,-2.83%,-0.55%,+0.49%,-1.46%,-0.82%,+0.72%,+0.00%,+0.00%
9917.TW,+0.68%,+1.02%,-0.45%,+0.00%,+0.22%,-0.22%,+0.34%,+0.11%,-0.89%,+0.68%
8271.TW,+1.39%,-0.25%,+0.63%,+0.37%,+1.86%,+2.68%,+0.36%,+0.24%,+1.77%,-0.35%
4540.TW,+0.26%,+2.70%,+2.85%,+2.35%,-1.76%,-1.20%,+0.31%,-1.04%,-0.70%,+0.00%
3056.TW,-1.00%,+0.50%,-0.75%,-0.76%,+0.25%,+1.01%,+0.25%,-0.25%,+0.00%,-0.25%
3669.TW,+0.24%,+0.24%,-1.89%,-1.44%,+0.98%,+0.00%,+0.24%,+1.45%,-0.48%,-0.72%
1309.TW,+3.34%,-1.01%,+1.12%,-0.40%,-0.30%,+1.52%,-0.80%,-0.91%,+0.41%,+0.00%
2360.TW,+2.48%,+0.95%,-1.67%,-2.12%,-0.87%,+1.64%,+0.86%,-0.85%,+1.29%,-0.21%
8016.TW,+0.89%,-0.55%,-0.33%,-1.33%,-1.35%,-1.71%,-0.70%,+1.17%,+3.58%,-2.23%
3094.TW,-0.22%,-0.65%,-0.22%,-1.10%,+0.89%,+0.22%,+1.10%,+0.87%,+0.43%,-0.21%
5484.TW,+0.17%,+0.17%,-0.50%,+0.00%,-0.66%,+0.67%,+0.00%,+1.33%,+0.16%,-0.82%
1454.TW,-0.96%,+0.97%,+0.00%,-0.72%,-0.24%,+0.00%,-0.36%,+1.57%,+2.38%,+0.12%
3014.TW,+1.34%,+0.26%,-1.58%,+0.40%,+0.00%,-0.27%,-0.80%,+2.15%,+0.13%,+0.00%
3406.TW,+3.22%,+0.00%,+0.31%,-1.71%,-1.11%,-0.96%,-2.10%,+1.81%,-1.29%,-2.13%
2383.TW,+2.06%,+2.02%,+4.35%,+0.00%,-5.30%,+0.00%,-2.00%,+1.22%,+0.00%,+0.00%
6235.TW,+2.58%,-1.01%,+0.51%,-1.52%,+0.00%,-0.26%,-0.52%,+0.78%,-0.77%,+0.00%
3149.TW,-4.48%,+0.26%,+0.26%,-3.11%,+0.00%,-3.21%,+1.66%,-1.36%,+1.10%,+5.18%
2023.TW,+0.41%,+0.81%,-0.80%,-1.62%,+0.82%,+0.00%,+1.22%,+6.05%,+0.38%,-2.27%
3454.TW,-1.25%,-2.65%,+1.17%,+0.13%,-0.90%,-0.26%,+0.52%,+1.29%,+2.29%,+0.00%
3543.TW,-1.20%,-1.21%,-0.25%,+1.31%,-0.08%,-0.57%,+0.00%,+2.04%,+0.88%,-0.08%
2345.TW,+1.67%,-2.24%,-1.53%,+0.62%,+0.77%,-0.31%,+0.61%,+0.91%,+2.72%,-0.74%
3018.TW,+1.17%,+0.00%,+1.67%,+6.33%,+3.69%,-2.99%,-0.83%,+0.95%,+0.00%,-1.06%
1776.TW,+0.88%,-2.18%,+0.45%,-0.44%,+0.45%,-0.44%,-0.45%,+1.79%,-0.88%,+0.44%
3686.TW,-0.46%,+0.46%,-0.61%,-0.92%,+0.15%,+0.77%,+0.15%,+0.15%,+0.61%,-0.61%
2415.TW,+0.00%,+2.15%,-0.53%,-2.29%,+0.72%,+0.36%,-0.36%,+0.00%,+1.08%,+0.35%
1806.TW,-1.98%,-1.62%,+0.55%,-0.54%,-0.27%,-1.10%,-0.97%,+2.38%,-0.41%,+0.27%
006203.TW,+1.05%,-0.08%,-0.08%,-1.61%,+1.09%,-0.68%,+1.40%,-0.42%,+0.91%,-0.65%
1337.TW,+2.21%,-0.72%,-1.45%,-0.37%,+0.00%,-1.11%,+0.37%,+0.75%,+3.70%,-1.07%
6155.TW,+9.90%,-3.60%,+1.40%,+3.69%,-2.22%,+0.91%,-4.05%,+0.94%,-1.40%,-3.77%
8103.TW,+0.78%,+1.25%,-0.92%,+0.00%,+0.47%,-0.77%,+0.31%,+0.00%,+1.09%,+0.31%
2883.TW,+0.24%,+0.00%,+0.24%,-0.84%,+0.12%,+0.00%,-0.12%,+0.00%,+0.36%,+0.24%
9937.TW,-1.13%,+0.38%,-0.51%,-0.13%,+0.13%,+0.00%,+0.00%,+0.00%,-0.51%,+0.26%
2308.TW,-0.59%,+0.00%,-1.18%,+0.00%,-0.60%,+0.60%,+0.00%,-0.30%,+0.60%,+0.00%
2324.TW,+1.74%,+0.00%,+0.24%,+0.73%,+0.48%,-1.20%,+1.22%,-1.20%,+0.00%,-0.24%
6108.TW,+0.82%,-1.31%,-0.66%,+4.49%,+1.11%,-1.26%,-0.16%,+0.00%,+0.64%,+0.16%
1907.TW,+0.98%,+0.00%,-0.97%,-1.47%,-1.00%,-0.80%,-0.30%,-0.10%,+3.76%,+0.49%
2375.TW,+0.42%,-1.46%,+0.42%,-1.68%,-0.21%,-0.64%,+7.11%,-0.20%,+0.00%,-0.20%
2905.TW,-6.14%,-2.03%,+1.38%,-0.91%,-0.23%,-0.69%,+0.93%,+0.23%,+0.92%,-0.23%
8201.TW,-1.58%,-3.61%,+2.92%,-1.62%,+1.23%,+3.25%,+9.84%,+2.15%,-1.05%,-1.42%
3605.TW,+0.00%,+0.00%,+0.00%,-0.59%,-0.79%,+0.20%,+3.18%,+0.19%,+0.00%,+1.15%
2474.TW,+3.61%,-1.06%,+1.83%,-3.45%,-0.78%,-0.47%,+2.05%,+0.62%,-0.92%,+0.31%
3013.TW,-6.96%,+0.47%,+0.00%,+0.47%,-1.16%,-1.17%,+0.00%,-0.47%,-0.48%,-0.48%
8473.TW,+4.25%,-1.81%,-0.15%,-0.77%,+0.31%,+1.08%,+0.15%,-0.61%,-0.31%,-0.92%
6598.TW,+0.00%,+1.13%,-0.86%,-1.40%,+0.51%,+2.94%,+0.00%,-0.65%,+0.43%,+0.00%
5284.TW,+2.80%,+0.00%,-0.48%,-0.64%,+0.00%,+1.29%,-0.64%,+0.00%,+0.00%,+0.64%
1467.TW,-2.56%,-9.91%,+0.67%,+7.13%,-0.62%,-0.63%,+0.74%,-1.78%,+0.00%,+0.75%
2387.TW,+1.25%,+0.49%,+0.98%,+0.00%,+1.46%,+1.20%,-1.66%,-0.48%,+0.00%,+0.00%
2609.TW,+0.44%,+0.00%,+0.44%,-0.43%,+2.18%,-1.28%,+0.43%,-0.86%,+9.57%,+1.59%
3057.TW,+1.13%,-1.86%,-2.65%,-1.17%,+0.00%,+0.00%,-1.18%,+3.98%,-1.15%,-0.39%
4764.TW,+1.90%,+0.00%,+0.00%,+0.75%,-0.74%,+0.00%,+0.00%,+0.00%,+0.00%,+0.00%
6472.TW,+3.25%,-2.42%,+1.24%,+0.00%,-1.72%,-2.00%,+8.14%,-3.76%,-2.44%,-0.75%
2365.TW,+0.68%,-0.11%,+0.56%,+4.25%,-1.50%,-0.11%,-0.44%,+0.22%,-0.55%,-0.11%
2425.TW,+0.00%,-1.45%,+0.88%,-1.16%,+1.76%,-0.29%,-0.29%,+0.00%,+0.00%,-0.29%
6128.TW,-0.61%,+0.61%,+0.00%,-0.49%,+0.00%,-0.24%,+0.49%,+0.00%,+0.00%,+0.12%
3008.TW,+0.31%,-0.61%,-1.03%,+0.73%,-0.93%,+1.87%,-0.51%,-0.31%,-1.13%,+0.62%
2313.TW,+1.51%,-0.64%,+1.07%,+1.69%,-1.04%,-0.42%,+0.85%,-0.84%,-1.27%,+1.07%
2390.TW,+2.55%,-1.07%,-1.80%,-0.37%,+0.37%,-0.73%,+2.21%,+1.08%,-0.71%,+0.00%
01004T.TW,+0.00%,+0.00%,-0.08%,-0.08%,-0.23%,-0.31%,-0.47%,+0.00%,+0.39%,+0.00%
2723.TW,+0.94%,-0.31%,+0.00%,-0.62%,+0.94%,-1.70%,+0.79%,+4.53%,-1.05%,-0.60%
1589.TW,+4.00%,-1.05%,-0.24%,-1.89%,+0.96%,+0.48%,+1.07%,+0.24%,+5.16%,-1.78%
1435.TW,-0.19%,+0.19%,+0.39%,+0.00%,-0.77%,+0.78%,+0.58%,+0.00%,+9.94%,-3.83%
3048.TW,-0.93%,+0.00%,-0.63%,-0.94%,+2.86%,-0.31%,+0.00%,-0.62%,+0.31%,+1.24%
9945.TW,-0.41%,-1.37%,-0.42%,-0.84%,-1.12%,-0.43%,+0.00%,-0.14%,+0.29%,+0.43%
9904.TW,+0.35%,+0.59%,-1.05%,-0.83%,-1.19%,-0.48%,-0.85%,+0.73%,+0.36%,-0.48%
6282.TW,-0.66%,+0.22%,-0.44%,+0.00%,+0.67%,+0.00%,-0.44%,-0.44%,+1.11%,-0.66%
1312.TW,+1.79%,-0.50%,+1.27%,+0.00%,+1.00%,+0.50%,+0.74%,-0.49%,+0.25%,+0.25%
3049.TW,+0.98%,-1.94%,+0.99%,-0.98%,+0.00%,+0.50%,+0.00%,+0.00%,-0.49%,-0.50%
1537.TW,-0.94%,-0.32%,-1.27%,-0.97%,+0.65%,-0.65%,+0.00%,+0.33%,+0.00%,-0.32%
2515.TW,+0.66%,-0.65%,-0.66%,+0.17%,-0.33%,-0.66%,+0.83%,+0.50%,+1.15%,+0.65%
4566.TW,-0.68%,-0.66%,+0.68%,+0.28%,+0.39%,+0.00%,+0.00%,+4.04%,+1.24%,+0.63%
1723.TW,+0.88%,+0.00%,-0.44%,+0.00%,+0.00%,+2.20%,+2.16%,+0.84%,+0.42%,+0.83%
2727.TW,+1.16%,-2.01%,+5.87%,-0.83%,+2.51%,+7.90%,-1.26%,-1.02%,+0.26%,+2.32%
00654R.TW,-0.30%,-0.42%,-0.06%,+0.42%,-0.18%,+0.18%,+0.72%,-0.36%,-0.06%,-0.78%
2465.TW,+6.09%,+1.64%,+0.81%,-3.68%,+1.00%,-0.16%,+3.79%,+0.00%,+6.35%,+10.00%
6531.TW,+0.00%,+0.00%,+0.00%,+0.00%,+0.00%,+0.00%,+0.00%,+0.00%,+0.00%,+0.00%
2457.TW,-1.14%,+1.15%,-0.38%,+0.38%,+0.00%,+0.38%,-1.14%,+1.53%,+0.38%,+1.88%
8926.TW,-0.65%,+0.00%,+0.00%,+0.65%,-0.22%,+0.00%,+0.43%,-0.43%,+0.22%,+0.86%
3028.TW,-0.27%,-0.27%,+0.27%,+0.00%,-0.27%,+0.54%,+0.00%,+0.00%,+0.27%,+0.27%
5515.TW,-0.33%,+0.00%,+0.22%,+0.11%,+0.22%,-0.22%,+0.33%,+0.33%,+0.77%,-0.11%
3481.TW,+0.78%,+1.15%,-1.14%,-0.77%,+4.26%,-2.23%,+2.66%,+1.11%,+0.37%,-1.09%
2409.TW,+0.87%,+1.29%,+0.00%,-1.28%,+2.59%,-1.26%,+1.28%,+0.00%,+0.00%,-1.26%
2033.TW,+0.76%,-0.22%,+0.00%,+1.84%,-0.32%,+0.00%,+0.21%,-0.11%,-1.17%,+0.65%
0050.TW,+0.26%,+0.00%,-0.26%,-0.52%,-0.07%,+0.26%,+0.39%,-0.07%,+0.92%,-0.06%
9955.TW,+1.12%,+0.00%,+0.74%,+4.74%,-1.74%,+0.35%,+2.47%,-0.34%,+0.35%,-0.69%
4526.TW,-0.49%,+0.25%,+0.25%,-0.49%,+0.49%,+0.00%,+0.49%,+0.00%,+1.22%,+0.48%
3090.TW,-0.36%,-0.18%,+0.54%,+0.00%,-0.89%,+1.44%,+0.00%,+2.31%,-0.52%,-0.17%
8374.TW,+0.00%,+0.29%,-0.86%,+0.87%,+9.74%,+0.78%,+0.00%,+1.04%,-0.77%,-1.81%
1410.TW,+0.20%,-0.81%,+0.41%,+0.20%,-0.20%,-0.82%,+1.03%,+0.20%,+0.41%,+0.00%
2301.TW,+1.60%,-1.77%,+0.20%,-0.80%,+0.60%,+0.80%,-1.19%,-1.61%,+2.04%,+0.00%
2382.TW,+2.69%,-0.15%,-0.93%,-0.78%,-0.16%,+1.73%,-0.62%,+2.49%,+1.67%,+1.64%
1711.TW,-0.26%,-0.53%,-0.80%,-0.27%,+0.27%,-0.27%,-0.27%,+0.54%,+1.34%,+0.26%
1102.TW,-0.53%,+0.54%,-1.07%,-1.08%,+0.73%,-1.62%,+1.83%,-1.08%,+1.82%,-0.71%
2032.TW,-0.40%,+0.41%,+0.00%,-0.91%,+0.10%,+0.00%,+0.31%,+1.02%,-0.20%,+0.00%
TXF.TW,+0.47%,-0.06%,-0.22%,-0.49%,-0.19%,+0.43%,+0.19%,+0.26%,+0.87%,-0.14%
6191.TW,+0.00%,-0.45%,-0.46%,+0.00%,+0.00%,-0.92%,+0.00%,+1.39%,-0.46%,-0.46%
8422.TW,+0.58%,+0.57%,-0.57%,+0.29%,+0.29%,+0.00%,+0.00%,-0.57%,+0.86%,+0.00%
3701.TW,+2.92%,-0.33%,+0.00%,+0.17%,-0.33%,+1.34%,+2.98%,+8.68%,-1.48%,-3.00%
4562.TW,-0.74%,+0.27%,-0.82%,+0.37%,+0.56%,-0.17%,+1.53%,-0.38%,+0.00%,+0.38%
5258.TW,-1.23%,+8.19%,-0.11%,-2.41%,-1.65%,-1.08%,+0.24%,-0.97%,-0.85%,+2.83%
3530.TW,-1.21%,+2.45%,-2.39%,+0.60%,+0.02%,+0.48%,+3.76%,+6.93%,+9.71%,-1.05%
1449.TW,-0.99%,+0.00%,-1.00%,-0.40%,+1.83%,-1.00%,+1.61%,+9.90%,+9.91%,-5.57%
3092.TW,+2.61%,-1.12%,-0.21%,-2.58%,-0.42%,-0.32%,-0.43%,+0.00%,+1.18%,-1.27%
1726.TW,+0.48%,+0.00%,+0.96%,+0.00%,-0.83%,+0.00%,+0.00%,-0.48%,+1.08%,+0.12%
2618.TW,-2.01%,+0.34%,-1.02%,+0.69%,-0.68%,-1.37%,+0.35%,+0.00%,+1.04%,+1.37%
2489.TW,-4.64%,-2.19%,+0.00%,+0.25%,+0.74%,-0.25%,+0.00%,+0.74%,-0.49%,+0.49%
3312.TW,-0.55%,-0.56%,+0.56%,+0.00%,+0.28%,-0.28%,-0.14%,+0.14%,+0.97%,+0.00%
2838.TW,+0.44%,+0.66%,-0.11%,-0.54%,-0.22%,+0.22%,+0.00%,-0.11%,+0.11%,+0.00%
3501.TW,+0.38%,-0.19%,+0.58%,-0.57%,+1.15%,-0.38%,+0.57%,-0.57%,+0.19%,+0.00%
8039.TW,+0.79%,+0.66%,-0.39%,-0.52%,-0.13%,+0.13%,+1.97%,+1.93%,-0.76%,-0.13%
8478.TW,-1.34%,-0.07%,-0.71%,+0.00%,+1.44%,+0.00%,-2.84%,+2.92%,-1.42%,+2.16%
6164.TW,-1.06%,+0.00%,-1.07%,-0.36%,+0.72%,+0.72%,+0.36%,+0.35%,+0.35%,+0.00%
3550.TW,-2.83%,-0.58%,+1.17%,-1.16%,+0.88%,+0.87%,-0.29%,+0.58%,+0.57%,+0.29%
6416.TW,+1.19%,-3.58%,-0.18%,+0.88%,-1.63%,+2.02%,+0.54%,+1.19%,+0.00%,-0.03%
3432.TW,-0.43%,-0.43%,+0.00%,-0.43%,+0.00%,-3.04%,+3.14%,+1.74%,+2.56%,-0.42%
1514.TW,+0.00%,-1.45%,+0.49%,-0.49%,+0.49%,-0.49%,-0.98%,+0.99%,+0.00%,+0.00%
6209.TW,-0.33%,-1.68%,+2.21%,-0.83%,+0.67%,+0.67%,-2.16%,-1.69%,+0.17%,-2.41%
4912.TW,+3.05%,+1.48%,+9.85%,+5.98%,+1.88%,-2.77%,+2.22%,-1.24%,-1.88%,+0.00%
3015.TW,+1.29%,-1.28%,+0.65%,-0.86%,+0.65%,+0.00%,+0.43%,+0.00%,+0.43%,+0.00%
3703.TW,+0.93%,+0.92%,-0.45%,-0.46%,-0.92%,-0.46%,+0.93%,+0.92%,-0.91%,+0.00%
1735.TW,+0.00%,+0.40%,-0.79%,+0.00%,+0.40%,+0.00%,+0.00%,+0.00%,-0.40%,+0.00%
1522.TW,+2.86%,-0.77%,-0.62%,-1.41%,+0.95%,-0.31%,-0.95%,+0.80%,+0.63%,-0.47%
6504.TW,+0.00%,-0.69%,-0.35%,+0.70%,+0.00%,+0.35%,+1.38%,-1.02%,+0.69%,-0.34%
6196.TW,+0.47%,-0.35%,+0.82%,-0.12%,+4.19%,-0.56%,-3.37%,-0.93%,+0.00%,-1.52%
3002.TW,-4.29%,-1.28%,+0.97%,-2.25%,-1.97%,-3.36%,+1.04%,+0.34%,-0.68%,+2.76%
4989.TW,+0.00%,+0.00%,+0.00%,+0.00%,+0.00%,+0.00%,+0.00%,+0.00%,+0.00%,+0.00%
6405.TW,-1.79%,+0.30%,+0.00%,+0.00%,+2.42%,-0.30%,+0.59%,+2.65%,+1.72%,-0.56%
2423.TW,+0.45%,+0.90%,+0.00%,-1.35%,+0.23%,-0.23%,+0.91%,-0.68%,+0.45%,+0.00%
00673R.TW,-1.36%,-0.85%,+1.53%,-1.18%,-1.91%,-1.90%,+0.40%,-1.38%,-0.15%,+6.06%
1616.TW,+1.77%,+4.36%,+6.51%,-2.82%,-0.81%,-1.30%,-4.12%,+4.12%,+0.17%,+0.16%
3593.TW,+1.99%,-1.46%,+0.00%,+0.99%,+0.00%,+0.49%,+0.00%,+0.49%,+0.00%,+0.00%
2546.TW,+0.53%,-0.79%,-0.27%,-0.27%,+0.27%,+0.00%,+1.07%,+0.26%,-0.79%,+0.00%
1220.TW,+0.00%,-0.92%,-0.47%,-0.47%,+0.47%,+0.47%,+0.00%,+1.86%,+0.00%,-0.46%
1307.TW,+1.23%,+0.13%,-0.81%,-0.41%,+0.00%,+0.14%,+1.22%,+0.40%,-0.27%,+1.21%
4960.TW,-0.36%,+0.00%,-0.36%,+1.81%,+2.84%,-1.72%,+1.75%,+0.69%,-0.68%,-1.72%
3437.TW,+1.12%,-0.56%,+1.86%,-1.65%,+0.37%,+0.93%,+9.91%,+9.85%,+7.29%,-0.85%
6024.TW,-0.28%,+0.00%,-0.14%,+0.00%,+0.83%,+0.27%,+0.68%,-0.27%,+0.54%,+0.00%
2637.TW,+0.00%,+0.32%,+0.00%,-0.32%,+0.00%,+1.13%,+0.32%,+0.48%,-0.47%,+0.16%
00683L.TW,-0.99%,-0.58%,-1.64%,-0.65%,+0.38%,-0.92%,-0.76%,+1.04%,-0.87%,+0.71%
1513.TW,+0.00%,+0.00%,+0.53%,-0.26%,-0.26%,+0.00%,+0.00%,-0.26%,+1.06%,+0.00%
1455.TW,-1.93%,+0.58%,-0.46%,-1.61%,-1.99%,+5.26%,+0.34%,-0.68%,+3.65%,+0.33%
3038.TW,-0.10%,-0.61%,-2.34%,-1.77%,+1.91%,-0.94%,+1.78%,+1.03%,+0.20%,-1.02%
8996.TW,+1.40%,+0.23%,-1.15%,-0.93%,+0.23%,+1.64%,+0.92%,+1.37%,+4.94%,-0.86%
8011.TW,-0.80%,+3.23%,-2.15%,-2.00%,+0.61%,+0.20%,+4.25%,+0.58%,+0.97%,-2.87%
2485.TW,-1.00%,-0.51%,+0.34%,-0.67%,+0.68%,+0.00%,+1.35%,+1.00%,-0.49%,+0.33%
3708.TW,+2.17%,-0.30%,-0.15%,-0.15%,-1.68%,+0.93%,+0.77%,+2.60%,+0.89%,-1.18%
1466.TW,-0.45%,-1.80%,-0.92%,+0.46%,+0.00%,+0.00%,-0.46%,+1.85%,-1.36%,+0.00%
00631L.TW,+0.95%,-0.44%,-0.44%,-0.64%,-0.20%,+0.48%,+0.78%,+0.14%,+1.92%,-0.13%
2108.TW,+0.22%,+0.22%,+0.86%,-1.06%,-0.22%,+0.43%,+0.00%,+0.64%,+0.64%,+0.64%
1409.TW,-0.78%,+0.11%,+0.11%,-0.79%,+0.00%,-0.34%,+1.82%,+0.56%,+0.33%,-0.55%
2049.TW,-0.24%,-2.15%,+1.47%,-1.93%,-1.72%,+3.75%,-0.96%,+0.00%,+0.49%,-2.66%
1582.TW,+0.29%,-0.15%,+0.00%,-0.29%,+1.03%,+0.44%,-0.72%,-1.02%,+1.03%,+0.44%
8438.TW,+0.00%,+0.00%,-3.98%,+0.00%,+0.00%,+0.00%,+0.00%,+0.00%,+0.00%,+0.00%
1560.TW,+0.42%,-1.67%,-0.57%,+0.85%,+0.28%,+5.49%,-1.34%,-1.08%,-1.09%,+2.07%
9105.TW,+0.00%,+0.00%,+0.34%,-0.68%,+0.00%,+0.68%,+0.34%,+0.34%,-0.34%,+0.67%
2353.TW,+0.00%,-0.33%,+1.34%,+3.31%,+2.24%,+1.25%,+0.00%,-0.31%,+0.31%,+4.02%
8467.TW,+0.00%,+0.00%,+0.00%,+0.00%,+0.00%,+0.00%,+0.00%,+1.71%,+0.00%,-1.69%
1736.TW,-0.61%,-0.62%,-0.12%,-0.74%,+1.12%,+1.36%,+1.59%,-1.32%,+0.24%,-0.85%
4564.TW,+0.32%,-1.07%,-2.67%,+2.35%,-2.03%,-0.90%,-2.73%,-2.49%,-3.23%,+1.06%
2331.TW,+3.69%,+0.47%,+0.24%,-1.18%,-0.48%,-0.96%,+0.00%,+0.24%,-2.65%,-0.50%
9910.TW,-0.83%,+0.00%,+0.83%,-2.07%,+0.42%,+1.26%,-0.41%,-0.83%,-0.42%,-1.27%
5471.TW,-0.88%,-1.19%,+0.00%,+0.15%,-0.45%,-0.30%,+0.76%,+0.00%,+0.15%,+0.75%
2540.TW,-2.12%,+0.00%,+0.00%,+0.22%,-0.65%,+1.96%,-1.28%,+0.00%,+0.65%,-0.86%
2498.TW,+0.00%,-0.85%,+2.01%,+0.70%,-1.67%,+0.14%,-0.28%,+0.14%,+1.13%,+0.42%
8110.TW,-1.46%,-1.85%,-1.13%,-0.38%,-1.15%,+1.16%,+2.30%,+0.75%,+0.37%,-1.48%
2481.TW,-0.58%,+0.59%,+1.46%,+0.57%,+0.00%,+0.86%,+1.13%,+0.00%,+0.84%,+1.67%
4722.TW,+0.65%,-0.32%,+0.00%,-0.16%,+0.49%,+0.97%,+1.12%,+0.32%,-0.31%,-0.16%
2477.TW,+0.77%,+0.25%,-1.01%,-0.26%,+0.00%,-0.51%,+0.00%,+0.77%,+0.51%,-0.25%
4438.TW,+0.00%,+0.00%,+1.21%,+0.60%,-0.59%,+0.60%,-0.30%,+3.27%,+3.46%,-2.51%
1414.TW,-0.16%,+0.47%,+0.31%,-0.16%,-0.31%,+0.00%,+0.79%,+2.65%,+0.91%,+0.00%
2393.TW,+0.10%,-0.71%,+1.85%,-1.11%,-0.82%,-0.62%,+0.41%,-0.10%,+1.03%,+0.31%
6269.TW,+1.77%,+0.00%,-1.30%,+0.44%,-1.32%,+0.44%,-0.44%,+0.44%,+0.00%,-1.33%
2305.TW,-0.54%,-0.40%,-1.08%,-1.23%,-0.55%,-0.56%,+0.28%,-1.39%,-0.99%,+0.43%
1611.TW,+0.52%,+1.67%,-0.13%,+0.13%,+0.00%,-0.50%,+2.15%,+9.93%,-5.19%,-2.14%
2913.TW,+1.81%,-0.59%,+0.00%,+0.89%,-0.88%,+0.30%,+1.19%,+0.29%,+0.29%,+3.50%
1457.TW,+0.00%,+0.50%,-0.49%,+3.47%,+0.00%,-1.91%,+0.98%,+0.00%,+0.48%,+3.37%
6230.TW,-1.20%,+0.81%,-0.40%,-1.61%,-0.41%,+0.00%,+0.82%,-0.82%,+0.82%,+0.41%
2413.TW,+0.41%,-2.88%,+0.85%,-0.84%,+0.42%,-0.42%,-0.85%,+0.43%,+0.00%,-0.43%
3535.TW,-3.42%,-1.97%,+0.40%,+1.60%,+2.76%,-2.30%,+1.18%,-0.78%,-0.78%,+0.39%
2103.TW,+0.94%,+1.09%,-1.99%,-2.03%,+0.32%,+3.18%,-0.93%,+2.18%,+3.20%,+0.30%
2317.TW,+1.46%,-0.48%,-0.48%,-0.97%,-0.49%,+0.99%,+1.46%,+0.00%,+0.96%,-0.48%
2488.TW,-1.31%,-0.36%,+1.69%,-0.95%,+0.00%,+0.84%,-0.36%,-0.60%,-0.24%,-0.48%
5534.TW,+0.28%,-0.98%,-0.28%,-1.00%,-0.58%,-0.14%,+0.00%,+0.00%,+0.43%,+0.00%
8163.TW,-0.19%,-0.95%,-0.96%,+1.94%,+4.00%,+6.23%,+1.55%,+1.87%,-2.33%,-2.05%
2431.TW,-0.67%,+0.34%,+1.68%,+3.97%,-1.91%,+2.27%,-1.59%,+1.61%,-0.95%,-0.64%
9921.TW,-3.05%,+2.57%,+0.28%,-0.28%,-1.39%,+0.56%,-1.69%,+0.57%,+0.28%,+1.70%
2451.TW,-0.99%,+1.00%,+0.00%,-2.18%,+0.00%,+0.30%,-0.20%,+1.62%,+1.49%,-1.96%
2010.TW,+0.00%,+0.00%,-0.42%,+0.00%,+0.42%,+0.00%,+0.00%,+0.84%,+0.83%,+0.00%
2516.TW,-2.50%,-0.14%,+0.57%,+0.28%,-0.14%,-0.99%,-0.43%,+1.00%,+0.28%,+0.00%
2302.TW,+1.00%,-0.83%,+0.50%,-0.83%,+0.00%,-0.84%,-0.67%,-1.02%,+1.03%,+0.00%
3025.TW,+0.00%,+3.46%,+5.20%,-1.77%,-0.36%,+0.36%,-2.52%,+3.32%,-1.43%,+7.25%
1432.TW,-6.03%,+1.51%,+1.86%,-1.46%,+0.37%,+0.37%,-0.37%,-0.37%,+0.00%,-0.37%
3661.TW,-0.50%,+1.33%,+0.99%,+3.09%,-1.42%,-1.92%,+1.14%,-1.45%,-4.92%,+0.86%
3033.TW,-0.29%,+0.29%,-0.29%,-0.29%,+0.29%,+0.29%,+0.00%,+0.00%,+0.29%,-0.29%
00646.TW,+0.09%,+0.14%,-0.23%,-0.56%,-0.09%,+0.38%,+0.19%,+0.70%,+0.23%,+0.05%
2314.TW,+1.55%,-1.98%,-1.09%,-0.31%,+2.05%,-0.46%,+4.19%,+4.62%,+9.54%,+2.21%
6451.TW,+2.43%,-2.37%,+0.97%,+0.48%,+4.31%,+5.96%,-1.30%,+0.44%,-2.18%,+0.89%
3308.TW,+1.19%,-0.39%,-2.50%,-2.02%,-0.83%,+0.42%,+1.10%,+0.00%,+0.27%,+0.95%
6224.TW,+0.00%,-1.13%,-0.16%,-0.65%,+1.32%,-0.16%,+0.98%,+0.00%,+0.64%,-0.16%
2038.TW,-0.65%,+0.52%,-0.39%,-0.13%,+0.26%,+1.05%,-0.26%,+2.46%,+1.27%,-0.12%
4137.TW,+3.25%,+0.70%,-1.04%,-0.70%,+1.06%,-2.10%,-0.71%,-1.44%,+1.82%,-1.79%
2739.TW,+0.29%,-0.71%,-0.29%,+0.57%,-0.29%,+1.00%,+0.28%,+0.00%,+0.71%,-0.84%
5225.TW,-1.85%,-1.89%,-2.24%,+0.00%,+0.00%,+1.80%,-1.61%,+0.98%,-1.13%,-0.16%
1438.TW,+1.84%,-0.60%,+4.84%,-3.27%,+0.00%,+0.40%,-0.99%,+0.00%,+3.80%,-2.31%
4927.TW,+0.71%,+0.88%,-0.35%,+0.70%,+1.73%,+0.17%,+2.21%,-0.83%,-1.17%,+0.00%
2511.TW,-0.42%,+0.42%,+0.00%,-0.42%,-0.42%,+0.42%,+0.84%,-0.41%,-0.42%,+0.42%
8150.TW,+0.36%,-0.90%,+1.63%,+0.54%,-0.36%,+3.39%,+3.79%,+1.99%,-1.95%,+1.00%
6438.TW,-1.47%,+2.53%,-0.73%,-0.73%,+0.29%,-1.18%,+9.97%,-1.08%,+0.14%,-1.64%
2359.TW,+0.85%,+0.00%,+1.97%,+2.21%,-0.54%,-0.54%,+0.55%,+2.17%,+0.00%,-0.53%
2891.TW,+1.04%,+1.03%,-0.25%,-0.76%,-1.28%,+0.78%,-1.55%,+0.00%,+1.83%,+0.00%
2455.TW,+2.22%,+1.99%,-0.35%,+0.00%,-0.89%,-1.08%,+0.73%,+2.70%,+7.02%,-0.33%
2492.TW,+2.66%,-3.33%,-3.07%,-0.40%,-1.19%,+1.61%,+0.79%,+1.76%,+0.39%,-0.77%
2347.TW,+0.00%,+3.22%,+0.30%,+0.74%,+0.44%,-0.15%,+1.91%,+0.14%,-0.29%,+0.14%
2332.TW,-2.92%,-2.15%,+2.19%,-0.86%,+3.46%,-0.42%,-0.42%,-0.42%,-1.27%,-0.43%
2404.TW,-0.93%,-0.31%,+0.31%,-0.16%,+3.13%,+2.88%,+0.00%,-0.29%,+2.81%,+1.01%
1722.TW,+0.12%,+0.37%,+0.12%,+0.86%,-0.37%,-0.12%,-0.49%,+0.74%,+0.49%,+0.12%
4916.TW,-9.01%,-1.44%,+1.62%,+0.80%,+0.32%,-1.26%,+1.28%,+0.79%,+0.47%,-1.09%
1418.TW,-0.45%,+0.00%,-0.15%,+0.00%,-0.90%,-0.60%,-6.68%,+0.00%,-7.32%,-5.09%
00663L.TW,+0.97%,-0.07%,-0.55%,-0.59%,-0.15%,+0.63%,+0.56%,+0.41%,+1.69%,-0.33%
2923.TW,+0.99%,-0.98%,+0.25%,-1.23%,+0.25%,-0.25%,+0.00%,+1.25%,-0.49%,+0.00%
1453.TW,+0.25%,-1.38%,+0.00%,+0.13%,+1.15%,-0.50%,+0.00%,+0.00%,-1.01%,+0.00%
1538.TW,+9.87%,+9.88%,+3.95%,-1.57%,-5.46%,+10.00%,+9.99%,+9.90%,-7.63%,+8.72%
2466.TW,+0.13%,+0.00%,+0.26%,+0.13%,+0.00%,+0.13%,+0.26%,+0.13%,+0.26%,+0.00%
2612.TW,+0.19%,+0.92%,-0.92%,-0.37%,-0.56%,+1.31%,-0.55%,+0.93%,+6.97%,-1.20%
2367.TW,+0.46%,-2.75%,-1.89%,+0.00%,-0.48%,+0.00%,+1.93%,+0.00%,+0.47%,+0.00%
2426.TW,-2.61%,+1.68%,-1.32%,+1.00%,+1.32%,-2.94%,+1.35%,+0.66%,+0.00%,+0.99%
3031.TW,-0.61%,+9.82%,+2.23%,-1.09%,-0.83%,-1.39%,+0.00%,+0.85%,-0.56%,-0.28%
3189.TW,+1.74%,-0.85%,-0.86%,-1.86%,+0.00%,+0.38%,+0.76%,-1.13%,-0.38%,-1.78%
2206.TW,+0.00%,+0.00%,+0.24%,-0.47%,+0.47%,+0.94%,+0.23%,+0.23%,-0.46%,+0.00%
2030.TW,+4.35%,+0.42%,-1.66%,+0.42%,+0.00%,-0.42%,+0.42%,+0.84%,+0.00%,-0.42%
2881.TW,+0.74%,+0.73%,-0.21%,-1.24%,-0.74%,+0.42%,-0.21%,+0.00%,+0.32%,-0.84%
3443.TW,-2.34%,-2.39%,-2.84%,+1.41%,-1.29%,+0.30%,-1.51%,+0.10%,+4.49%,-1.46%
2329.TW,-2.61%,-5.05%,+0.00%,-0.76%,+1.86%,+1.61%,+0.00%,-0.95%,+0.21%,-0.53%
2316.TW,-3.97%,-0.29%,+0.00%,+1.48%,-0.29%,-0.29%,+0.00%,-0.59%,+0.00%,+0.29%
2834.TW,+0.24%,-0.12%,+0.00%,-0.60%,+0.00%,-0.48%,-0.36%,+0.00%,+0.36%,+0.12%
2022.TW,-0.21%,+3.31%,-0.80%,-1.01%,-0.82%,+0.00%,+2.88%,+10.00%,+3.27%,-4.05%
00660.TW,+0.48%,+0.36%,+0.08%,-1.18%,-0.40%,+0.36%,+0.12%,+0.60%,+0.04%,-0.67%
1310.TW,+0.00%,+0.22%,+0.00%,-0.86%,+0.22%,+2.16%,-0.21%,+0.00%,+1.27%,-0.21%
4551.TW,+2.03%,+1.99%,-2.93%,-0.67%,-1.01%,+0.68%,-0.34%,+0.34%,-0.34%,-1.70%
5608.TW,-1.51%,+1.97%,-0.32%,+0.32%,+0.86%,+0.74%,-0.95%,+1.06%,+0.53%,+1.15%
5203.TW,+3.68%,-1.70%,+1.01%,+1.29%,+0.28%,+0.42%,+0.70%,-0.28%,+0.00%,+0.14%
4904.TW,+0.53%,-0.39%,-0.26%,+0.66%,-0.39%,-0.26%,-0.26%,+0.53%,-0.13%,-0.13%
1305.TW,+1.32%,+2.04%,+1.27%,-0.36%,-1.44%,+2.74%,-1.07%,-0.54%,+3.44%,-1.92%
3532.TW,-2.13%,-4.13%,+1.59%,+2.12%,-0.66%,+0.77%,+0.44%,-0.54%,-1.09%,-0.22%
1314.TW,+0.92%,+3.20%,-0.44%,-0.89%,+0.45%,+1.34%,+0.00%,+0.44%,+0.44%,-0.44%
1304.TW,+0.33%,+0.66%,+0.33%,-0.99%,-0.33%,+0.67%,+0.33%,+0.00%,+1.32%,-0.33%
9906.TW,+0.82%,-1.09%,-0.55%,+0.83%,+1.37%,+5.15%,-2.32%,+0.26%,-2.89%,+0.54%
1227.TW,-0.13%,+4.90%,-0.76%,-0.76%,+1.28%,+1.39%,-0.50%,-1.00%,+0.38%,-0.88%
2340.TW,+0.27%,+1.36%,-1.34%,-1.09%,-0.28%,+0.28%,+0.28%,-0.27%,+3.03%,-1.34%
3027.TW,-0.41%,+0.00%,-2.04%,+0.00%,+0.00%,-0.42%,+0.84%,+0.83%,+0.41%,+0.00%
3138.TW,+0.00%,+3.77%,+0.33%,+0.00%,-1.32%,+5.33%,+1.27%,-1.87%,+2.55%,-3.42%
3017.TW,-0.19%,+0.39%,-0.77%,-0.97%,-0.20%,+1.76%,-1.35%,-0.20%,+1.76%,+1.15%
3037.TW,-0.57%,+1.45%,-0.28%,-1.43%,+1.74%,-0.57%,+0.00%,-0.57%,-0.86%,-1.74%
4106.TW,+1.79%,-1.60%,-0.33%,+0.16%,-0.81%,-0.33%,-0.49%,+0.50%,+0.00%,+0.16%
3060.TW,-0.50%,+0.50%,-0.67%,-1.85%,+0.51%,+1.70%,+0.50%,+0.17%,-0.50%,-1.50%
1503.TW,+0.50%,+0.49%,+0.12%,+0.37%,+0.24%,-0.85%,+0.00%,+0.00%,+0.25%,-0.12%
4155.TW,-0.15%,+5.73%,+0.32%,+13.80%,+0.80%,+0.05%,+3.31%,-6.89%,-1.14%,-1.65%
2607.TW,-0.37%,+1.11%,-0.73%,-0.37%,-0.37%,+0.00%,+2.97%,+1.08%,+0.71%,-0.35%
4755.TW,+0.95%,+0.00%,+0.47%,-1.56%,+1.59%,+0.16%,-0.47%,-0.16%,+0.63%,+0.62%
5469.TW,+3.42%,-0.60%,-1.81%,-1.85%,+0.31%,-0.63%,+0.31%,+2.19%,-0.31%,-0.31%
3305.TW,-3.05%,-0.17%,+0.66%,-0.82%,-0.17%,+0.67%,+0.00%,+0.99%,-0.33%,+0.49%
6214.TW,+2.44%,-1.59%,+1.94%,-0.79%,+0.00%,+0.00%,+0.48%,+0.00%,+2.22%,-1.09%
00640L.TW,-0.21%,+0.72%,-0.77%,-2.69%,+0.64%,+0.74%,-0.21%,+1.10%,+0.73%,-1.08%
6552.TW,-0.35%,+0.18%,+2.12%,-0.35%,+0.17%,-0.87%,-0.53%,-0.53%,-0.53%,+0.36%
1216.TW,+0.00%,+1.05%,-0.17%,+0.00%,-0.17%,-1.22%,+0.53%,+0.70%,+3.66%,+1.85%
2887.TW,+1.56%,+0.38%,+2.30%,-2.25%,+0.00%,+0.38%,-0.38%,+0.77%,+0.76%,+0.00%
1471.TW,-1.39%,+1.41%,-1.79%,+0.81%,+1.61%,-0.99%,+0.60%,+9.92%,+9.93%,-3.45%
2493.TW,-2.86%,-1.65%,+1.50%,-0.55%,-0.74%,+0.19%,+0.74%,+0.55%,-0.37%,+0.00%
1590.TW,-1.30%,-0.73%,+1.62%,-3.04%,-2.84%,+5.38%,-2.92%,-0.90%,+1.06%,-1.35%
00638R.TW,-0.93%,+0.44%,-0.77%,+0.06%,+0.00%,-0.11%,-0.22%,-0.06%,-1.67%,-0.57%
1710.TW,+4.67%,+1.12%,+1.10%,-2.18%,+2.46%,+6.54%,-2.04%,-0.42%,+0.42%,-2.30%
6213.TW,+0.22%,-0.34%,+0.11%,-0.22%,-1.13%,+0.34%,+0.79%,-1.13%,+0.34%,-1.02%
9103.TW,-1.31%,+1.32%,+1.31%,-1.94%,-0.66%,+0.66%,-0.66%,+1.32%,-0.65%,+0.00%
1452.TW,+0.69%,+2.05%,+0.00%,-0.89%,-0.45%,+0.00%,+0.23%,+2.03%,+0.22%,-0.44%
2337.TW,+2.81%,-2.34%,+4.80%,+2.67%,+3.72%,+1.08%,-0.71%,+0.00%,+0.00%,-0.71%
6133.TW,-0.11%,+0.00%,-1.83%,+0.77%,+0.54%,+0.00%,+2.81%,-2.21%,+0.00%,-0.97%
3036.TW,+0.22%,+0.34%,+0.00%,-0.11%,-0.56%,+1.24%,+0.78%,+0.11%,+0.55%,+0.22%
3518.TW,-3.57%,-2.72%,+2.54%,-1.49%,+1.01%,-0.50%,+0.00%,+0.00%,+1.25%,-0.25%
2495.TW,+0.00%,+0.32%,-0.64%,-0.96%,-0.65%,-0.33%,+2.29%,+0.64%,+0.63%,-1.26%
6225.TW,+0.33%,+3.33%,-0.32%,-2.91%,+1.67%,-1.64%,-6.67%,+5.36%,+4.41%,-2.60%
1444.TW,-1.67%,+0.00%,+0.39%,-2.73%,-2.00%,+1.91%,+1.74%,+0.13%,+1.44%,-0.26%
0056.TW,+0.57%,+0.20%,-0.20%,-0.16%,+0.12%,+0.24%,+0.04%,+0.00%,+0.20%,+0.32%
8463.TW,+1.86%,-0.26%,-0.78%,+0.53%,-0.26%,+1.31%,+0.78%,+0.26%,-1.54%,+0.00%
2364.TW,-3.35%,+0.00%,+0.00%,+0.00%,-0.77%,-2.33%,+0.79%,+2.36%,-1.92%,+1.18%
2377.TW,+2.88%,-1.26%,-0.28%,-0.14%,-0.28%,-1.00%,-1.15%,+1.17%,+0.87%,+1.29%
1236.TW,-0.58%,-0.29%,+0.87%,-0.29%,+0.58%,-0.58%,+0.29%,+0.29%,-0.29%,+0.00%
2397.TW,-1.56%,+1.58%,-0.58%,-1.17%,+0.00%,+0.79%,+0.39%,-0.20%,+0.00%,+0.39%
00678.TW,+0.05%,+0.05%,+0.82%,-0.72%,+0.26%,+0.15%,-0.56%,-0.05%,+0.21%,+0.05%
1608.TW,+4.87%,+5.24%,-1.02%,-1.14%,+0.23%,-0.35%,+0.00%,+0.69%,+5.06%,-1.09%
2006.TW,+0.64%,-0.85%,+0.85%,-0.85%,-0.21%,-0.43%,+0.21%,+1.28%,+0.42%,+0.21%
3034.TW,+0.84%,-0.42%,-0.42%,+0.00%,-0.42%,+1.69%,+0.00%,-1.66%,+1.27%,-1.25%
3588.TW,+0.17%,-1.67%,-0.68%,-0.68%,-0.17%,+0.86%,-1.37%,-0.69%,+1.57%,+1.72%
4994.TW,+1.28%,-1.97%,-0.43%,+0.00%,+0.43%,+1.87%,+6.06%,+0.66%,-2.77%,+2.04%
2603.TW,+1.14%,+1.12%,-2.96%,+3.82%,-0.37%,+0.00%,+1.85%,+0.72%,+4.32%,+2.41%
3528.TW,+5.47%,-3.51%,-0.87%,+0.15%,-0.15%,+0.15%,-0.29%,+0.15%,+0.15%,-1.02%
1459.TW,-0.51%,+0.39%,+0.51%,-0.13%,+0.00%,-0.64%,+0.13%,+0.00%,+1.41%,+0.63%
3016.TW,-0.89%,-2.25%,+0.46%,+0.92%,-0.91%,+6.88%,-1.72%,-0.87%,+1.10%,-0.65%
6533.TW,-2.86%,+1.96%,-0.96%,-1.94%,+0.33%,-0.33%,+0.33%,+1.97%,+1.29%,-2.55%
9919.TW,+0.92%,-0.46%,+0.00%,+1.83%,+1.80%,+0.88%,-0.44%,+0.44%,+0.44%,-1.31%
1326.TW,-0.22%,-1.54%,+0.33%,-0.11%,-0.56%,+1.90%,-0.11%,-1.21%,+1.11%,+0.22%
1583.TW,+9.97%,+0.60%,-0.90%,-2.88%,+0.94%,-0.46%,-0.93%,-1.57%,+1.43%,-0.31%
00669R.TW,-0.35%,-0.30%,+0.42%,+1.00%,+0.12%,-0.82%,-0.29%,-0.12%,-0.83%,+0.12%
4919.TW,+0.98%,+0.73%,+3.01%,+0.35%,-0.70%,+2.58%,-1.83%,+0.70%,-0.93%,-0.23%
6142.TW,-0.74%,-1.74%,+2.03%,+0.12%,+0.74%,+1.72%,-0.60%,-0.24%,+0.00%,-0.61%
2321.TW,+1.48%,-0.36%,-4.74%,+2.68%,+0.75%,+0.37%,+0.00%,-4.06%,-3.08%,+0.00%
2327.TW,+1.00%,-2.48%,-0.20%,+1.73%,-1.90%,+1.02%,+1.92%,+3.47%,+0.48%,-2.38%
1473.TW,+0.00%,+0.20%,+0.58%,-0.39%,+0.19%,-0.39%,+0.00%,+0.58%,+0.97%,+1.92%
6278.TW,+0.20%,+0.39%,-0.78%,-1.19%,+0.40%,-1.00%,+0.60%,+1.00%,-0.59%,+0.00%
3005.TW,+0.36%,-0.71%,-1.44%,-1.58%,+0.00%,-1.73%,+0.88%,-0.87%,+0.88%,+0.75%
2009.TW,+2.40%,+5.15%,-1.56%,-1.47%,+1.49%,+0.11%,-0.23%,+0.91%,+0.00%,+0.11%
2610.TW,-1.07%,-1.72%,+0.99%,-0.22%,-0.22%,-0.11%,-0.55%,+0.00%,+0.44%,+0.66%
2836.TW,+0.41%,+0.10%,+0.00%,-0.41%,+0.20%,+0.20%,-0.30%,+0.20%,-0.10%,+0.10%
2611.TW,-1.18%,+1.34%,-1.47%,+1.04%,+0.15%,+0.59%,-1.02%,+0.59%,+1.03%,+0.15%
2379.TW,+0.99%,+0.00%,+1.47%,-0.97%,-0.49%,+0.98%,-0.49%,-0.49%,+2.94%,-2.86%
1760.TW,+1.06%,-0.66%,+0.01%,-0.55%,+0.01%,+0.37%,-0.77%,+0.19%,-1.36%,+0.18%
4552.TW,+8.15%,-2.42%,+0.00%,+1.49%,+0.00%,+1.46%,-0.96%,-0.49%,-0.49%,+0.98%
3533.TW,+4.96%,-4.05%,+0.35%,-1.05%,-2.13%,+1.81%,-1.07%,+0.00%,-1.08%,-1.82%
6120.TW,+0.36%,-0.73%,+1.10%,-0.72%,+0.00%,+0.00%,+0.36%,+0.73%,+0.00%,+0.36%
2882.TW,+1.32%,+0.80%,+0.20%,-1.59%,-0.81%,-0.61%,-0.61%,-0.21%,+0.41%,-1.23%
6456.TW,+8.87%,-6.17%,-2.82%,+1.45%,-1.43%,+5.80%,-1.37%,+5.79%,-0.44%,+0.44%
4737.TW,+2.34%,-0.67%,-2.84%,+0.97%,-0.97%,-2.65%,+0.00%,+4.01%,+1.24%,-0.14%
5434.TW,-0.31%,-1.03%,-1.67%,-1.38%,-0.54%,-0.65%,+1.85%,-1.07%,+0.86%,+0.00%
3059.TW,+0.00%,-1.44%,+0.42%,+0.42%,+0.21%,-0.41%,-1.24%,+0.00%,+0.42%,-1.26%
9924.TW,+0.00%,-0.12%,+0.61%,+0.36%,-0.36%,+0.61%,+0.60%,+0.36%,+0.24%,+0.12%
4938.TW,+2.61%,+2.76%,-0.43%,-2.05%,-0.55%,+2.88%,-1.51%,+1.09%,-0.11%,+0.00%
1470.TW,+0.00%,+0.00%,+1.87%,+0.00%,+0.26%,+0.00%,-2.09%,+0.80%,+0.00%,+0.53%
3338.TW,-1.32%,-1.50%,-0.85%,+1.02%,-0.17%,+1.52%,+0.17%,+1.00%,+0.49%,-0.33%
3702.TW,+0.13%,+0.25%,+0.12%,-0.12%,+0.37%,+0.12%,+0.25%,-1.11%,+1.37%,+1.60%
6136.TW,+0.40%,-0.20%,+0.20%,-0.40%,+0.40%,+0.00%,+0.00%,+0.20%,+0.40%,+0.20%
2548.TW,-0.58%,+0.73%,-0.29%,-0.87%,-1.03%,+0.00%,+0.59%,-0.15%,+0.29%,+0.44%
00651R.TW,-0.85%,-0.29%,+0.10%,+0.48%,+0.00%,-0.67%,-0.29%,+0.38%,-1.25%,+0.19%
2615.TW,-0.90%,+0.91%,-0.60%,-0.60%,+0.61%,+0.60%,-0.30%,-0.30%,+3.63%,+0.58%
4807.TW,-3.32%,+2.22%,+1.19%,-1.22%,-2.70%,+1.03%,-2.16%,-2.01%,+2.65%,+1.16%
2606.TW,+3.78%,-1.66%,+0.00%,-1.68%,+0.51%,+2.04%,+0.83%,+1.32%,+2.12%,+0.96%
5519.TW,-0.43%,-1.30%,-1.75%,-0.89%,-0.90%,+0.00%,-0.91%,+0.92%,+0.91%,+0.45%
1308.TW,+0.83%,-0.27%,+0.27%,-0.55%,+0.27%,+0.00%,+1.10%,+0.54%,+0.81%,+0.00%
3596.TW,-0.10%,-1.24%,+0.52%,+0.73%,-0.31%,-0.10%,+1.04%,+0.21%,+0.62%,+0.00%
6550.TW,+0.85%,-0.48%,+0.00%,+0.04%,+0.48%,-0.68%,+0.68%,-1.56%,+0.37%,-0.53%
6168.TW,+0.10%,+1.42%,+2.00%,+0.98%,-1.46%,-0.49%,-0.99%,+1.00%,+0.50%,+0.49%
2468.TW,+0.00%,-0.88%,+1.79%,-0.44%,-0.88%,+0.44%,+0.00%,-0.44%,+0.44%,+0.00%
2851.TW,-0.34%,-0.35%,+1.04%,+0.00%,-0.69%,+0.69%,+0.00%,+0.34%,+0.00%,+0.34%
3041.TW,+2.68%,+0.33%,-0.65%,+0.00%,-1.63%,+1.99%,-0.98%,+0.99%,+0.33%,-1.30%
2472.TW,-0.54%,+0.81%,+0.40%,-0.93%,+0.81%,+4.01%,+0.39%,+1.28%,-0.38%,-0.63%
6426.TW,+2.08%,+0.51%,+6.60%,+4.76%,+2.27%,-4.00%,-2.78%,+0.48%,-1.42%,-2.64%
6112.TW,-0.50%,+0.34%,+0.00%,-0.17%,+0.00%,+0.00%,+0.17%,+0.00%,+0.17%,+0.00%
2601.TW,+4.71%,-3.23%,+2.50%,-0.35%,+2.22%,-0.68%,-3.33%,+1.78%,+0.93%,+5.90%
6005.TW,+0.10%,-0.10%,+0.10%,-1.10%,+0.00%,-0.71%,+0.10%,+0.10%,+1.22%,+0.10%
3051.TW,+0.25%,-0.49%,-0.74%,+0.75%,+4.22%,+1.19%,-2.12%,-1.44%,+1.46%,-1.20%
2449.TW,-0.17%,+1.03%,-1.02%,-0.34%,+0.34%,-0.17%,+0.86%,+0.51%,-1.01%,+1.19%
2702.TW,+0.31%,+0.00%,+0.00%,-0.31%,-0.62%,+0.31%,+0.31%,+0.00%,-0.93%,-0.31%
2616.TW,+0.43%,-0.86%,-0.14%,-0.87%,+0.73%,+0.14%,+0.29%,+0.14%,+0.14%,+0.00%
3167.TW,-0.95%,-1.60%,+0.16%,+0.33%,-0.65%,+0.00%,+0.49%,+0.16%,+1.46%,+0.00%
6579.TW,+0.35%,-0.77%,+1.28%,-0.33%,+0.33%,+1.01%,-1.00%,-1.68%,+1.78%,+0.76%
2892.TW,+0.79%,-0.78%,+0.52%,-0.26%,+0.00%,+0.79%,-0.52%,+0.00%,+0.26%,+0.26%
2889.TW,+0.32%,+0.32%,-0.11%,-0.43%,+0.00%,+0.11%,+0.00%,+0.11%,+0.00%,+0.21%
2014.TW,+0.57%,+7.09%,-0.96%,-0.54%,-0.43%,+0.11%,-1.52%,+2.98%,+0.32%,-1.60%
2438.TW,+9.99%,+9.96%,-7.16%,-1.82%,-4.80%,-0.46%,+1.04%,-1.14%,+0.58%,+1.26%
2231.TW,+0.77%,+3.20%,+0.74%,+0.73%,-1.60%,+0.59%,+1.91%,+1.01%,-0.71%,+0.00%
2354.TW,+0.45%,-0.67%,-1.23%,-0.79%,-0.11%,-0.57%,+0.23%,-0.23%,+0.92%,-0.91%
8442.TW,+0.55%,-0.18%,+0.00%,+0.00%,-0.18%,-0.18%,+0.00%,+0.00%,+0.00%,+0.00%
00666R.TW,-1.09%,+0.37%,-0.12%,+0.67%,+0.43%,-1.15%,-0.43%,+0.74%,-1.89%,-0.12%
6541.TW,+3.38%,-2.09%,+2.15%,+0.00%,+0.59%,-0.41%,-1.85%,+0.56%,+0.30%,-2.54%
1904.TW,+0.00%,+1.06%,+0.00%,-1.05%,-0.35%,+0.00%,+0.00%,-0.35%,+1.77%,-0.70%
1512.TW,-3.91%,-4.07%,+0.47%,-2.34%,+9.92%,+9.90%,+9.93%,+10.00%,+9.53%,-2.00%
3062.TW,-2.00%,-0.51%,+0.51%,-1.28%,+0.00%,+0.26%,+0.52%,+4.10%,+2.96%,-1.91%
9929.TW,+2.74%,+2.22%,+0.00%,+0.00%,-0.87%,-1.75%,+0.45%,+1.78%,-3.93%,+0.91%
3043.TW,-0.70%,+4.93%,-3.69%,+0.00%,+4.18%,-3.01%,+0.34%,-0.34%,-1.72%,-1.40%
3416.TW,+0.17%,+0.50%,+0.33%,+0.33%,+1.33%,+0.98%,+2.92%,+2.05%,-1.55%,-0.63%
2115.TW,+2.80%,+0.16%,+0.32%,+0.00%,-2.07%,+1.46%,+0.96%,+3.33%,-0.46%,-0.46%
4142.TW,+1.18%,-0.23%,-0.23%,-0.70%,-0.94%,+0.00%,+0.24%,-0.24%,+0.48%,+1.18%
5388.TW,-0.13%,-0.54%,+0.81%,+0.13%,+0.13%,+0.40%,-0.13%,-0.80%,+0.00%,+1.62%
1541.TW,-2.68%,-1.47%,+1.49%,+0.92%,+0.55%,-0.90%,+0.18%,+0.55%,-0.36%,+0.91%
2530.TW,-0.34%,+0.00%,+0.00%,+0.00%,-0.34%,+0.69%,+9.97%,+1.87%,-1.23%,+0.31%
3419.TW,-0.47%,-1.41%,+0.72%,-0.71%,+0.24%,+0.00%,+3.33%,-0.69%,+3.94%,+1.12%
5222.TW,-1.71%,+0.59%,+1.28%,-0.62%,+1.00%,+4.91%,+4.63%,-0.53%,-1.21%,-1.16%
1528.TW,-1.91%,-1.95%,-0.50%,+0.50%,+0.00%,+0.00%,+0.50%,+0.50%,+0.49%,+0.00%
8072.TW,+0.25%,-0.25%,-0.74%,+0.25%,-0.25%,+0.00%,+0.50%,+0.25%,+1.98%,-0.97%
2344.TW,+4.56%,-2.33%,+0.00%,+1.79%,-0.29%,+0.29%,-1.17%,+0.59%,+2.06%,-1.44%
1460.TW,-2.74%,-1.88%,+1.27%,+0.31%,-0.63%,+0.95%,+0.94%,+1.86%,+0.30%,-0.91%
2105.TW,+0.33%,+0.00%,+0.00%,-0.33%,-0.17%,-0.17%,-0.50%,+1.52%,+0.33%,+1.16%
2460.TW,+0.00%,+0.81%,+4.03%,-1.16%,+0.78%,-0.78%,+0.78%,+3.89%,-1.87%,+0.76%
4999.TW,-0.19%,+0.77%,+0.38%,-1.14%,+0.19%,+0.00%,+0.38%,-0.76%,+0.39%,+0.00%
3035.TW,+0.28%,+1.96%,-0.27%,+0.83%,+0.95%,-0.54%,-1.36%,+0.69%,+0.55%,-0.54%
2357.TW,-0.71%,+0.89%,-0.71%,+0.89%,+0.35%,-1.06%,+0.89%,+0.53%,+2.11%,-1.55%
00686R.TW,-0.51%,+0.00%,+0.10%,+0.51%,+0.20%,-0.40%,-0.30%,-0.20%,-0.81%,+0.10%
2801.TW,-0.28%,-1.14%,+0.29%,-0.29%,+0.29%,+0.58%,+0.29%,+0.00%,+0.00%,+0.29%
3040.TW,+1.32%,+1.78%,-0.12%,+0.58%,+2.21%,+2.27%,-1.56%,+0.34%,+1.24%,-0.11%
2491.TW,-0.14%,-0.14%,-0.29%,-1.02%,+0.74%,-1.46%,-1.78%,+1.06%,+1.64%,-0.15%
2439.TW,+1.34%,-0.79%,-0.80%,-0.27%,-1.08%,+2.17%,-1.06%,+0.54%,-3.48%,-6.93%
2371.TW,-0.96%,+0.97%,+1.91%,+1.88%,-2.30%,-1.89%,+0.48%,-0.96%,+0.00%,+0.00%
2614.TW,+2.31%,-1.85%,+0.63%,-0.42%,-0.52%,-0.73%,+0.42%,-0.11%,-0.95%,+0.32%
2204.TW,+0.18%,+1.09%,-0.36%,-1.26%,+0.91%,+0.36%,+0.72%,+2.33%,+0.35%,-0.52%
5871.TW,-1.27%,+3.97%,-1.97%,-1.89%,+0.26%,+1.66%,+0.00%,+1.89%,-0.37%,-1.61%
1110.TW,+0.00%,+0.00%,+0.31%,-0.31%,+0.00%,+0.00%,-0.94%,+0.00%,+0.63%,+0.31%
2429.TW,-3.56%,-3.32%,+2.29%,+4.48%,+8.57%,-7.24%,+6.38%,+0.67%,+0.00%,-2.98%
1809.TW,-1.78%,-0.90%,+1.37%,+0.00%,+1.35%,-0.89%,+0.00%,+0.45%,+0.45%,+0.44%
2342.TW,+4.11%,-10.00%,-4.97%,+3.08%,+2.09%,-0.58%,-2.06%,-3.00%,+2.17%,-2.42%
1609.TW,+0.50%,+0.99%,-0.49%,-0.33%,-0.33%,+0.00%,-0.49%,+5.79%,-0.16%,-1.41%
1440.TW,+4.91%,-0.36%,-2.89%,-1.49%,+0.75%,-0.75%,+0.38%,+0.75%,+1.87%,+1.10%
5269.TW,-1.38%,+1.25%,-1.85%,-1.25%,+1.59%,-1.41%,-0.16%,+3.17%,-0.15%,-0.92%
2069.TW,+0.37%,+0.73%,-1.45%,-1.84%,-0.37%,-1.13%,-1.33%,+1.35%,-1.14%,-0.38%
5285.TW,+5.91%,+0.12%,+8.91%,+5.11%,-3.14%,-0.22%,+0.89%,-0.55%,-0.67%,-3.25%
6243.TW,+0.00%,-1.91%,+1.17%,-1.15%,+0.78%,+0.00%,+4.25%,-1.85%,+1.13%,-1.87%
3229.TW,-1.90%,+3.86%,+9.77%,+9.75%,+9.65%,+9.86%,+4.49%,+9.82%,+9.78%,+8.40%
9941.TW,+0.82%,+0.46%,+1.50%,+0.34%,+9.94%,+9.97%,+0.47%,+4.19%,-0.89%,-2.70%
1301.TW,+0.11%,+0.00%,+0.00%,-0.56%,-0.56%,+0.00%,+0.00%,+1.14%,+1.35%,-0.33%
6202.TW,+1.40%,+0.34%,+0.17%,-1.37%,-0.70%,-1.58%,+0.89%,+0.18%,-0.35%,+0.53%
912000.TW,+1.12%,+0.00%,+0.00%,-2.58%,-3.41%,+1.96%,-1.92%,+0.00%,-1.57%,+0.00%
1101.TW,+1.62%,+1.45%,-0.85%,-0.14%,-0.72%,+0.29%,-0.87%,+0.58%,+0.87%,-0.43%
3504.TW,-0.66%,-1.59%,+0.54%,+0.00%,+0.94%,-1.06%,-1.34%,-0.27%,+6.41%,-3.97%
2903.TW,-0.31%,+0.00%,-0.63%,-0.95%,+0.00%,-1.92%,+1.30%,+0.00%,+1.29%,+0.00%
5521.TW,-0.84%,-0.43%,+0.43%,+0.00%,+0.00%,-0.85%,+1.29%,+0.42%,-0.42%,+3.39%
2421.TW,-0.77%,+0.62%,-1.69%,+1.72%,+0.15%,+0.00%,+2.14%,+0.15%,+0.15%,+1.35%
1525.TW,+0.00%,+0.98%,-1.93%,+0.99%,+9.76%,+9.78%,-0.81%,+4.49%,-1.95%,-0.80%
6239.TW,-0.11%,+1.19%,-1.18%,-0.54%,-0.65%,+2.74%,-1.60%,-0.54%,+0.65%,+1.41%
9907.TW,-0.35%,-0.35%,-0.70%,-0.35%,+0.36%,-0.35%,+1.42%,+1.40%,+0.35%,+0.69%
3010.TW,+0.40%,+1.11%,-1.10%,-0.70%,+0.51%,+0.10%,+0.20%,+0.00%,+1.21%,+2.78%
2886.TW,+0.40%,+0.60%,-0.80%,-0.61%,-0.41%,+0.41%,+0.41%,-0.20%,+0.00%,-0.61%
2376.TW,+1.02%,-0.25%,-1.77%,-0.64%,+0.39%,-0.78%,-0.78%,+1.05%,-0.13%,+1.30%
5706.TW,-0.56%,-0.70%,+0.71%,+0.14%,-0.70%,-0.42%,+0.57%,-0.42%,+0.28%,-0.28%
1419.TW,+0.25%,-1.87%,+1.65%,+0.00%,+0.00%,+0.50%,-1.12%,+0.00%,+0.13%,-0.13%
6412.TW,-0.33%,+1.81%,-1.61%,+3.93%,-3.00%,+2.44%,+6.03%,-1.20%,-1.52%,-0.77%
4720.TW,+1.40%,-1.38%,-0.35%,-0.35%,+0.00%,+1.06%,-0.35%,-1.05%,+0.71%,+0.35%
3019.TW,+0.00%,-0.36%,+0.00%,-0.55%,-0.73%,-0.55%,-1.11%,+0.37%,-0.93%,-1.13%
3545.TW,+1.43%,+0.78%,-0.93%,+2.36%,-1.38%,-0.93%,+0.79%,+0.00%,-0.31%,-1.10%
6283.TW,+0.00%,+0.00%,+0.00%,+0.00%,+0.00%,+0.00%,+0.00%,+0.00%,+0.00%,+0.00%
2458.TW,+2.51%,+0.93%,+0.00%,-0.81%,-0.12%,+0.00%,+0.93%,+0.12%,-0.58%,-0.70%
1597.TW,+4.92%,-0.26%,+2.35%,+9.95%,+7.89%,-0.65%,-0.43%,+2.83%,+1.69%,-0.83%
00665L.TW,+1.47%,+0.12%,-0.52%,-1.01%,-0.45%,+1.31%,+0.65%,-0.52%,+3.12%,+0.31%
2328.TW,+1.29%,-1.82%,+1.30%,-1.28%,+0.00%,-0.37%,+0.74%,+0.37%,+1.10%,-1.27%
9926.TW,+0.13%,+0.00%,+0.00%,-0.37%,+0.00%,+0.25%,+0.13%,-0.12%,-0.25%,+0.00%
1439.TW,-5.15%,+1.14%,-0.28%,-0.28%,+9.94%,+9.82%,+4.24%,-1.13%,+5.02%,+5.43%
4915.TW,+7.09%,-5.09%,+1.25%,-1.77%,+0.72%,+0.36%,-0.36%,+1.07%,-1.06%,-0.36%
0052.TW,-0.13%,-0.09%,-0.54%,-0.28%,+0.24%,-0.11%,+0.88%,+0.04%,+0.87%,+0.00%
00670L.TW,+1.24%,+0.18%,+0.00%,-3.33%,+1.09%,+1.17%,+1.15%,+0.44%,+1.48%,+1.03%
2241.TW,+4.53%,-1.36%,-0.07%,-2.92%,+0.02%,+1.26%,-0.33%,+2.11%,+0.30%,-0.41%
1447.TW,-3.22%,+1.25%,-0.68%,-0.41%,+0.28%,+1.66%,+0.95%,+0.94%,+2.80%,-0.78%
1213.TW,+0.57%,+0.00%,+0.57%,-0.57%,+0.00%,+0.00%,-0.29%,+0.86%,+0.28%,-1.13%
5234.TW,-0.22%,+3.35%,+0.22%,-1.19%,+0.98%,+0.00%,-0.65%,+0.22%,+0.22%,-0.65%
00653L.TW,+0.56%,+0.32%,+0.95%,-0.82%,+0.47%,-0.90%,-1.03%,+0.64%,-0.20%,+2.07%
3515.TW,+1.07%,-1.59%,-1.98%,-1.28%,+0.00%,+9.85%,-2.88%,+0.35%,+4.51%,-2.66%
1805.TW,+0.00%,+0.00%,-1.53%,+0.00%,+0.00%,+0.00%,-1.16%,+0.00%,+0.39%,+0.39%
2634.TW,-0.14%,+0.14%,+0.00%,-0.43%,+0.00%,+0.00%,+1.00%,+1.84%,-0.83%,-0.42%
2363.TW,-0.76%,-0.61%,-0.46%,-0.15%,-0.62%,+0.78%,+1.24%,+1.37%,+0.75%,-0.60%
2911.TW,-1.42%,+0.96%,+0.00%,-0.47%,-0.48%,+0.48%,+0.48%,+0.00%,-0.47%,+0.00%
6117.TW,-0.28%,-0.56%,-1.69%,+1.43%,-0.85%,+1.71%,+2.80%,-0.54%,-0.55%,+1.38%
3645.TW,+5.39%,+0.19%,-0.77%,-1.36%,+0.39%,-0.98%,-0.79%,-2.59%,-1.64%,+0.63%
2414.TW,+0.55%,+0.00%,+0.82%,+0.00%,+0.00%,+0.00%,+0.00%,-0.27%,+0.54%,+0.00%
2705.TW,-0.12%,+0.25%,-0.86%,+0.25%,+0.25%,+0.25%,-0.25%,+0.49%,+0.37%,+0.49%
2355.TW,-1.03%,+0.69%,+0.00%,-0.69%,+1.21%,-0.68%,+1.55%,+1.53%,-1.00%,-1.69%
1465.TW,-2.70%,-0.40%,-0.40%,+0.80%,+0.00%,+0.00%,+0.40%,+1.19%,-0.39%,-0.39%
1598.TW,+0.12%,+0.12%,-1.69%,+0.37%,+2.08%,+0.00%,-0.12%,+0.36%,+0.36%,-1.91%
2480.TW,+3.54%,-1.71%,-0.63%,-0.79%,+0.00%,+0.80%,+0.48%,+0.47%,+0.31%,+0.63%
2233.TW,-0.98%,+3.45%,+0.95%,-1.89%,+0.00%,+1.44%,-0.47%,-2.38%,-1.46%,-0.50%
2527.TW,+0.74%,+0.49%,+0.24%,-0.49%,+0.00%,-0.49%,+0.25%,+0.00%,+0.00%,-0.25%
4108.TW,+5.88%,-1.39%,+0.70%,-1.05%,+0.00%,+0.00%,-1.41%,+1.97%,+0.00%,-0.53%
2330.TW,+0.00%,-0.73%,-0.24%,-0.25%,-0.25%,+0.99%,+0.00%,+0.24%,+0.73%,+0.00%
2385.TW,+0.49%,-0.37%,+1.23%,-2.67%,+1.25%,-0.74%,-0.25%,-2.48%,+1.02%,-0.38%
1529.TW,+0.00%,+0.00%,-0.57%,-0.29%,+0.58%,-0.57%,-0.29%,+0.00%,+0.29%,-0.58%
1413.TW,-1.32%,+0.50%,+0.50%,-0.50%,+0.17%,+0.33%,-0.33%,+0.17%,+9.98%,+1.21%
3004.TW,-1.12%,+0.21%,+1.85%,+0.20%,+1.01%,+0.60%,-0.40%,-0.20%,-0.20%,+1.60%
3296.TW,+1.12%,+0.00%,+0.00%,+2.22%,+0.00%,-0.27%,-1.09%,-1.10%,+0.28%,+0.00%
910861.TW,-0.83%,+0.84%,-0.83%,+0.42%,+0.00%,-0.42%,-2.10%,-1.29%,+1.30%,+0.86%
6442.TW,-0.76%,+1.33%,+8.27%,-3.13%,+1.25%,+1.59%,-1.92%,-0.71%,-1.61%,-1.64%
8081.TW,+0.14%,-0.14%,-0.42%,-0.71%,+0.00%,+0.85%,-0.28%,+2.12%,+0.14%,+1.93%
1727.TW,+0.00%,+0.00%,-1.52%,-0.77%,+0.00%,-1.55%,+0.00%,+0.00%,+3.94%,-2.27%
4943.TW,-0.39%,+8.53%,-4.29%,-2.24%,-0.38%,-1.15%,-1.16%,+1.18%,-2.71%,-4.78%
1587.TW,+3.45%,+6.55%,-3.45%,-1.20%,+1.82%,-0.27%,+0.27%,+0.60%,-0.62%,+0.60%
2017.TW,+3.40%,-0.85%,-0.54%,+0.54%,-0.11%,-1.71%,-0.65%,+2.63%,-0.96%,-0.86%
2912.TW,-0.55%,+1.46%,-1.44%,-1.65%,-0.19%,+0.37%,+3.15%,+1.26%,-1.95%,-0.72%
6197.TW,+1.12%,+0.63%,-2.21%,+0.16%,+0.00%,-0.48%,+1.29%,+0.96%,-0.32%,-0.16%
9110.TW,+0.54%,+0.27%,+2.93%,-4.39%,+2.16%,-0.79%,+1.07%,-2.11%,-1.62%,+0.55%
9914.TW,+0.66%,-1.95%,-0.33%,-0.33%,+3.01%,-1.30%,+0.99%,+1.30%,+2.25%,-0.94%
3024.TW,-0.20%,-1.60%,-0.81%,+0.00%,+2.57%,-0.10%,+0.20%,-0.30%,-0.70%,-0.30%
2605.TW,+2.00%,-0.73%,-0.74%,-0.50%,-1.50%,+1.52%,+1.00%,+0.99%,+5.87%,+0.69%
2712.TW,+0.00%,+0.59%,+0.00%,+0.00%,-0.39%,+0.39%,+0.00%,+0.00%,+0.00%,-0.39%
3652.TW,-3.02%,-2.67%,-0.46%,-0.46%,+1.84%,-1.58%,-0.46%,-0.23%,+0.69%,+0.00%
4935.TW,+1.09%,-1.52%,+0.00%,-0.55%,-0.55%,+0.00%,+0.78%,-0.66%,+0.11%,+3.22%
1436.TW,+0.00%,+0.00%,+0.00%,-0.52%,+0.00%,+0.13%,-0.39%,+0.00%,-0.65%,+0.13%
1215.TW,+0.00%,-1.04%,+2.27%,-0.51%,+0.86%,+4.93%,+0.00%,+2.11%,+9.37%,-0.44%
1708.TW,+0.54%,-0.53%,+0.00%,-0.18%,+0.18%,+0.18%,+0.72%,+0.71%,-0.35%,+0.18%
2915.TW,-0.43%,-0.11%,-1.30%,+0.22%,-0.55%,-0.33%,+0.00%,-0.22%,+1.11%,+0.55%
8210.TW,+2.03%,-0.18%,-0.54%,+0.18%,+0.18%,+0.55%,-0.18%,-0.72%,+0.73%,+0.18%
2613.TW,-0.75%,+0.76%,+0.00%,+0.00%,-1.13%,+0.76%,+0.00%,+1.13%,+0.00%,+0.00%
2547.TW,+0.37%,+0.37%,-0.74%,-1.12%,+1.89%,-1.12%,+0.38%,-2.62%,+1.15%,-0.76%
00656R.TW,-0.66%,-0.06%,+0.48%,+0.54%,-0.24%,-0.78%,-1.03%,-0.06%,-2.87%,+0.25%
2399.TW,-1.89%,+0.48%,+1.44%,+0.94%,+9.35%,-1.71%,+3.04%,+0.00%,-1.27%,-2.99%
1468.TW,-0.98%,+0.50%,-1.67%,-0.30%,+0.50%,+1.00%,+0.50%,+0.00%,+0.49%,-0.98%
2820.TW,+0.00%,+0.33%,+0.66%,-0.33%,+0.66%,-0.98%,-0.33%,-0.33%,+0.66%,+0.99%
3042.TW,+0.90%,-0.78%,-1.01%,-0.57%,-0.46%,-1.03%,+0.35%,+0.93%,+0.23%,-0.23%
4934.TW,+0.79%,-0.78%,-1.57%,-0.80%,-0.40%,+3.24%,-0.78%,-0.79%,+0.00%,-0.80%
2424.TW,+0.00%,+0.00%,-1.80%,+6.57%,+3.30%,-0.83%,+0.00%,+0.00%,+0.00%,+0.00%
6271.TW,-1.29%,-3.48%,+1.35%,+0.44%,+0.88%,-0.44%,+2.64%,+0.43%,+0.00%,+0.43%
2441.TW,+0.80%,+0.45%,-0.11%,-0.34%,-0.11%,+0.34%,+0.00%,-0.11%,-0.34%,+0.68%
8464.TW,-1.09%,-2.83%,+2.91%,-1.57%,+0.80%,-2.37%,+0.81%,+0.64%,+1.92%,-2.35%
2442.TW,+1.60%,-1.15%,-1.74%,+0.88%,+0.44%,+0.58%,+0.14%,+0.29%,+2.31%,-0.28%
3257.TW,+0.58%,+0.00%,+1.16%,+0.29%,-0.85%,-0.29%,+0.86%,+0.00%,+1.57%,+1.41%
8940.TW,+1.10%,-1.09%,+1.10%,+0.00%,-1.81%,+0.37%,+6.62%,-2.07%,+0.00%,-1.41%
8021.TW,-2.25%,+2.11%,-1.88%,-1.53%,-0.78%,+0.00%,+0.20%,+0.00%,-1.56%,-1.59%
00671R.TW,-0.38%,-0.38%,+0.22%,+1.85%,-0.59%,-0.59%,-0.70%,-0.11%,-0.76%,-0.44%
8070.TW,-3.75%,+1.62%,+1.28%,-0.95%,+0.32%,-0.63%,-0.96%,+0.97%,+1.28%,+0.32%
1905.TW,-1.02%,+0.62%,-0.62%,-1.14%,-0.21%,+0.52%,+0.00%,+1.04%,+1.13%,-0.71%
1456.TW,-1.80%,-0.92%,+0.93%,-0.92%,+0.00%,-1.85%,+2.36%,+0.00%,+1.84%,+0.45%
1402.TW,-1.22%,+3.31%,-2.60%,-1.64%,+0.21%,-0.62%,+1.47%,+0.00%,+0.41%,+0.41%
1313.TW,+0.39%,+1.18%,+0.39%,-0.77%,+0.00%,+0.78%,+0.77%,+0.38%,+0.76%,-0.38%
3450.TW,-0.76%,+0.00%,-0.38%,-0.38%,+1.54%,+0.00%,+2.65%,-0.74%,-1.12%,-0.38%
3003.TW,+1.64%,-1.82%,+0.51%,+0.41%,+2.04%,+1.40%,-0.79%,-0.20%,-1.10%,-2.32%
00688L.TW,+0.56%,+0.15%,+1.02%,+1.51%,+0.64%,+0.10%,+0.20%,-1.28%,+0.89%,+0.05%
4555.TW,+1.64%,-0.81%,+0.33%,-0.16%,+0.00%,-0.16%,-1.63%,+0.33%,-0.16%,+0.00%
2444.TW,+1.84%,-0.90%,+0.91%,-0.60%,+2.42%,+0.00%,+0.30%,-0.59%,-0.89%,+1.20%
2323.TW,-0.80%,-0.81%,+1.36%,+0.27%,-0.27%,+0.27%,-0.53%,+1.34%,-0.80%,+0.27%
2368.TW,-1.81%,+0.00%,+0.00%,+0.92%,-0.46%,+0.00%,+0.92%,-0.45%,+0.00%,+0.46%
1476.TW,+0.46%,-2.88%,-3.28%,+0.65%,-0.64%,-0.32%,+0.32%,+1.45%,-0.32%,-1.59%
3058.TW,-0.97%,+0.00%,+0.00%,+0.00%,-0.49%,+0.49%,+0.00%,+0.00%,+1.47%,-0.97%
9933.TW,-0.77%,-0.39%,-0.78%,-2.06%,-0.70%,+0.10%,-0.30%,-0.40%,+0.20%,+0.61%
6277.TW,-0.12%,-0.72%,+0.12%,-0.12%,+0.24%,-0.36%,+0.36%,+2.42%,-0.47%,+0.59%
5607.TW,-0.35%,+0.00%,-0.35%,-0.70%,+0.00%,+1.06%,-0.35%,-0.35%,+0.70%,-1.05%
6152.TW,+0.43%,-0.43%,-0.21%,-0.22%,-0.75%,-0.11%,+0.00%,+0.54%,+0.54%,+0.00%
2890.TW,+0.22%,-0.11%,+0.76%,-0.54%,+0.00%,-0.43%,+0.11%,+0.43%,+0.00%,+0.32%
2486.TW,-0.54%,-1.20%,-0.55%,-0.55%,+0.56%,+0.33%,-0.77%,+0.56%,+0.33%,-0.22%
2454.TW,+0.00%,-1.40%,+0.71%,+0.00%,-0.23%,-1.65%,-0.48%,+4.09%,+5.54%,+0.44%
6257.TW,-0.38%,+1.70%,-0.56%,-0.75%,+0.00%,+0.75%,-0.56%,+0.38%,+0.37%,+0.00%
6414.TW,+5.88%,+0.53%,+1.05%,-2.08%,+0.80%,+0.00%,+1.72%,+0.26%,-0.78%,-1.56%
4739.TW,+6.11%,+1.97%,-1.19%,-1.50%,+9.92%,+0.69%,-2.76%,+0.71%,-1.69%,+0.29%
1626.TW,-0.15%,-3.65%,-0.16%,+0.16%,-3.63%,+2.45%,-2.40%,-0.49%,-3.45%,+0.51%
2482.TW,+0.00%,+0.00%,+1.17%,-0.39%,-0.39%,+0.00%,+0.78%,+0.00%,+0.77%,-0.38%
3168.TW,+11.96%,+8.80%,-0.91%,-0.46%,-2.86%,-1.71%,+4.63%,-4.98%,+0.97%,+0.96%
2236.TW,+1.52%,+10.00%,+0.00%,-3.12%,-1.54%,-3.27%,-0.59%,+2.22%,-2.46%,+1.63%
1225.TW,-0.80%,+0.00%,+0.00%,-0.71%,+0.91%,-1.01%,+0.61%,+1.21%,-0.30%,+0.50%
2731.TW,-0.66%,+0.22%,-0.77%,-0.89%,+0.90%,+0.44%,+1.88%,+0.33%,+1.08%,-0.32%
2380.TW,+0.58%,-1.44%,-0.15%,+2.35%,+3.01%,-2.09%,-0.57%,+0.29%,+0.71%,+0.14%
6206.TW,-0.30%,+0.80%,-0.50%,-0.30%,-0.70%,-0.91%,+0.51%,+0.61%,+0.81%,+0.50%
2852.TW,-0.37%,+0.00%,-0.74%,+0.74%,-0.37%,+0.37%,+0.37%,-0.73%,+0.37%,-0.37%
3026.TW,+0.38%,+0.88%,-1.86%,+0.00%,+1.27%,+0.00%,-0.12%,+0.38%,+0.25%,+0.00%
3617.TW,+0.11%,-2.58%,+0.33%,-0.77%,-0.67%,+2.12%,-0.11%,+0.11%,+1.42%,+0.75%
2338.TW,-1.50%,+0.30%,+0.30%,-1.52%,+2.46%,+1.80%,-0.59%,-1.78%,+0.00%,+0.60%
2501.TW,+0.26%,-0.52%,-0.53%,+1.06%,-0.26%,-0.52%,+1.32%,-0.26%,+0.26%,+0.52%
2597.TW,-0.34%,-0.57%,-0.23%,+1.27%,-1.03%,+0.58%,+1.03%,-0.68%,+0.00%,+0.00%
5907.TW,+0.58%,-5.43%,+0.41%,-0.20%,-1.02%,+1.65%,+0.00%,+0.41%,-1.21%,+0.61%
9908.TW,+0.39%,-0.20%,-0.20%,+0.00%,-0.59%,+0.20%,+0.20%,+0.20%,-0.20%,+0.79%
2855.TW,+0.74%,+0.00%,+0.00%,-0.74%,-0.37%,-0.75%,+0.00%,+0.38%,+0.37%,+0.75%
3032.TW,+0.00%,+1.26%,+1.00%,-0.74%,+3.61%,+0.96%,+1.07%,+1.18%,+0.12%,+1.05%
1477.TW,+1.16%,+6.90%,+0.72%,-2.14%,-0.36%,-0.36%,+0.73%,-0.73%,+0.73%,-1.09%
6505.TW,+1.43%,+2.35%,-2.29%,-0.94%,-0.95%,+1.44%,-1.42%,+1.44%,+0.00%,+0.00%
2405.TW,-0.25%,+1.65%,-1.12%,+0.50%,+0.38%,+1.75%,+0.00%,-0.12%,+3.81%,-1.18%
6477.TW,-0.30%,+0.90%,+0.00%,+0.00%,-0.60%,-1.20%,-0.61%,-0.61%,+0.61%,-0.30%
1340.TW,+0.87%,-0.76%,+0.11%,+0.22%,+0.43%,+5.19%,+0.41%,+0.72%,-0.92%,-0.72%
00655L.TW,+1.36%,-0.41%,-0.77%,-0.78%,+0.50%,+0.95%,+2.04%,+0.32%,+5.33%,+0.00%
2630.TW,+0.65%,+1.19%,-3.42%,+2.30%,-2.85%,-1.49%,-2.85%,-2.76%,+1.77%,-1.39%
2356.TW,+0.00%,+2.16%,+0.63%,-3.57%,+0.22%,-0.22%,-2.18%,+1.56%,+0.88%,-0.22%
6139.TW,-0.30%,+0.30%,-1.06%,-0.15%,+1.23%,-0.76%,-0.77%,+0.31%,-0.31%,+0.15%
1906.TW,+0.21%,+0.63%,-1.26%,-1.49%,-0.86%,-0.43%,+0.65%,-0.43%,+1.31%,-0.86%
1519.TW,+0.30%,+0.00%,-0.89%,+0.30%,+0.00%,+0.60%,-0.30%,+0.30%,+0.00%,+0.30%
2239.TW,+6.12%,-0.29%,+0.29%,+0.00%,-0.29%,-0.58%,-2.33%,-1.19%,+0.30%,+0.30%
1235.TW,+0.17%,+0.00%,+0.00%,-0.35%,+0.00%,+0.00%,-0.70%,+0.53%,+0.00%,+0.18%
8466.TW,-0.42%,+0.42%,+0.00%,-0.84%,+0.85%,-0.42%,+0.00%,-0.42%,+0.43%,-0.42%
1504.TW,+0.84%,-3.99%,+0.17%,-1.55%,+1.05%,+1.39%,-0.68%,-1.21%,+1.57%,-0.69%
6192.TW,+2.50%,+0.19%,+3.00%,+10.00%,+2.31%,+0.65%,-2.25%,-2.63%,-0.17%,-0.68%
2436.TW,+1.07%,-0.71%,-1.25%,-1.81%,+2.76%,+0.00%,+1.25%,-0.53%,-0.53%,-0.71%
2027.TW,+0.30%,+0.90%,-0.30%,-0.89%,+0.00%,+0.30%,+0.30%,+0.60%,+0.59%,+0.29%
00650L.TW,+1.06%,+0.57%,-0.48%,-0.04%,+0.20%,+1.29%,+0.12%,-0.28%,+1.87%,+0.08%
2440.TW,+0.00%,-2.34%,-1.44%,+0.97%,-2.88%,+0.00%,+0.50%,+7.88%,-4.57%,+0.48%
9918.TW,+0.00%,+0.47%,+0.00%,-0.16%,-0.47%,+0.47%,+0.31%,+0.00%,-0.31%,+0.00%
3711.TW,-0.40%,-0.80%,+3.11%,-0.66%,-0.26%,-0.53%,+1.33%,+0.79%,+0.52%,+0.39%
8033.TW,-0.71%,-0.36%,-1.44%,-1.09%,+0.74%,+0.37%,+0.49%,-0.73%,+4.63%,-1.28%
4967.TW,-0.07%,+0.86%,-0.99%,+0.00%,+0.93%,+6.30%,+2.53%,-1.30%,+11.78%,-0.59%
00675L.TW,+1.11%,-0.25%,-0.42%,-0.60%,-0.17%,+0.52%,+0.60%,+0.34%,+1.69%,-0.33%
2467.TW,-1.10%,-0.28%,+0.83%,-0.28%,-2.21%,+1.41%,+0.00%,+1.39%,+1.92%,-0.54%
6215.TW,+0.75%,-1.49%,+1.89%,+6.69%,-2.09%,-1.42%,-0.36%,+1.09%,+0.36%,+3.93%
3653.TW,-0.14%,-1.58%,-0.73%,-0.15%,-0.59%,+0.30%,-1.47%,+0.30%,+3.87%,-0.29%
8462.TW,+0.67%,-0.88%,-0.11%,+0.11%,-1.45%,+0.00%,+1.47%,+0.44%,+0.66%,+0.22%
00680L.TW,+0.83%,-0.15%,+1.28%,+1.88%,+0.60%,-0.35%,+0.40%,-1.48%,+0.70%,+0.15%
5538.TW,+2.50%,+3.48%,-2.02%,+0.34%,+0.00%,+0.00%,-0.68%,+0.52%,+0.00%,+0.00%
9931.TW,+0.65%,+0.00%,+0.00%,+0.00%,+0.32%,+0.80%,+0.00%,-0.64%,+0.00%,+2.57%
8101.TW,-0.64%,-0.21%,-0.21%,-0.65%,+0.43%,-0.86%,-1.09%,-0.22%,+9.91%,-4.01%
4557.TW,+0.73%,+1.82%,+5.95%,-1.23%,-1.02%,-1.72%,-0.23%,+2.58%,-1.94%,-0.70%
3479.TWO,-0.56%,+0.57%,-0.56%,+0.00%,+0.00%,+0.57%,-2.07%,-1.92%,+0.39%,+0.58%
3171.TWO,-2.01%,-0.29%,-0.59%,-0.30%,-1.19%,-0.90%,+0.61%,+0.90%,-0.90%,+0.00%
4721.TWO,+3.32%,-6.64%,-1.61%,-1.75%,+2.49%,-0.23%,+1.16%,-0.92%,+0.46%,+0.92%
3086.TWO,+0.33%,-2.95%,+4.28%,+1.51%,-1.06%,-3.12%,+2.44%,+3.14%,+9.77%,+9.57%
4544.TWO,+0.86%,+0.05%,+0.00%,+0.00%,+0.00%,+0.00%,+0.00%,+0.00%,+0.00%,+0.00%
4510.TWO,-0.29%,-1.46%,+0.30%,-0.30%,+0.30%,+0.00%,+0.00%,-0.30%,+0.59%,+3.24%
6194.TWO,-0.57%,+0.00%,+0.00%,+0.00%,+0.00%,+1.71%,-0.28%,-0.28%,-0.56%,+0.00%
6124.TWO,+1.32%,+0.00%,-2.93%,-1.17%,-1.02%,+5.65%,-3.89%,+0.00%,+2.19%,-2.97%
4556.TWO,+0.00%,+0.00%,+0.66%,-1.95%,+0.00%,+0.00%,+0.17%,+0.17%,+0.17%,-0.83%
6624.TWO,-0.43%,+1.49%,-1.90%,-0.24%,+0.26%,-0.15%,+0.13%,+0.57%,+1.58%,-4.96%
3081.TWO,+2.77%,-2.15%,-0.18%,+0.74%,+2.92%,+0.89%,+4.75%,+0.34%,+1.00%,-0.50%
6485.TWO,-1.67%,-2.91%,+0.12%,+1.12%,+2.34%,+0.36%,+1.44%,+1.42%,+1.40%,-0.80%
6294.TWO,+2.59%,+0.42%,+0.42%,+0.42%,+0.00%,-1.66%,-1.27%,-0.43%,+0.00%,+0.43%
5403.TWO,+1.11%,+0.00%,+0.00%,-0.14%,+0.28%,+2.06%,-0.54%,-0.14%,-0.27%,+0.00%
5455.TWO,-5.45%,+9.99%,-8.44%,+0.84%,+0.00%,+0.00%,+0.00%,+1.39%,-2.87%,+9.99%
6113.TWO,+0.00%,+0.11%,+0.11%,-0.63%,+0.53%,+0.32%,-0.63%,+0.11%,+1.17%,+9.95%
3372.TWO,-1.20%,-1.51%,-4.30%,+0.80%,-0.32%,+0.48%,-0.64%,+2.08%,+4.70%,-1.95%
6158.TWO,+0.66%,+0.00%,-0.22%,+9.83%,+3.38%,+0.00%,+3.27%,+0.19%,+0.37%,+0.93%
8433.TWO,+3.52%,-1.28%,+0.86%,-0.85%,+1.72%,+0.00%,+0.42%,+3.80%,+1.63%,-1.20%
3499.TWO,-0.68%,+0.00%,+0.00%,+0.00%,+2.74%,+1.33%,+0.33%,+0.00%,-0.33%,+0.66%
6223.TWO,-1.40%,+0.47%,-0.47%,-1.42%,-0.96%,+0.97%,+0.00%,+1.92%,-1.89%,+0.00%
6261.TWO,-0.79%,+0.11%,+0.34%,-0.23%,+0.00%,+0.23%,+0.34%,-0.11%,+0.68%,+0.11%
3434.TWO,-0.37%,+0.37%,-1.47%,+2.24%,+0.00%,+0.36%,+0.00%,+0.36%,+2.90%,+0.70%
3219.TWO,+0.00%,+0.00%,+0.00%,+0.00%,+0.00%,+0.00%,-0.86%,-3.75%,-8.98%,+0.00%
4951.TWO,-1.34%,-0.68%,-2.43%,-0.78%,+1.65%,-1.31%,+0.00%,-0.39%,-0.39%,+0.39%
4537.TWO,-3.08%,+0.00%,+0.34%,-4.45%,+0.54%,+0.00%,+0.36%,+0.36%,+0.00%,+0.44%
4167.TWO,+3.01%,-1.04%,-1.05%,-0.64%,+0.86%,+0.21%,-1.06%,+1.72%,+1.69%,-0.41%
2743.TWO,-0.65%,-0.13%,+0.00%,+0.00%,-4.49%,+0.00%,+4.70%,-3.77%,+3.78%,+0.07%
6617.TWO,+0.00%,-0.82%,-0.39%,+0.08%,-5.06%,-1.23%,-1.66%,+0.39%,+0.50%,-0.30%
8354.TWO,-0.93%,+0.31%,+0.31%,-0.93%,+0.63%,+0.00%,-1.55%,+0.32%,-0.63%,-0.63%
4554.TWO,-1.98%,-0.40%,+0.54%,-0.27%,+1.22%,-0.13%,+0.00%,+0.00%,+3.74%,+0.00%
6173.TWO,+0.83%,-1.03%,-1.87%,+2.11%,-1.45%,-0.84%,-0.21%,-1.27%,-1.51%,+3.93%
3224.TWO,+0.00%,+0.00%,-0.46%,+2.86%,-0.22%,-1.23%,-1.13%,-2.17%,+0.23%,-0.23%
8930.TWO,+0.00%,-1.04%,+0.35%,-0.35%,-0.35%,+0.70%,+0.35%,-0.69%,+1.05%,+0.35%
4765.TWO,-2.80%,+0.29%,-1.73%,+0.49%,+0.31%,-0.60%,-1.11%,+3.19%,-0.29%,-2.20%
4150.TWO,-3.04%,+1.80%,-1.18%,+0.73%,-1.25%,-0.33%,-0.33%,-1.07%,-1.02%,-0.55%
5355.TWO,-0.14%,+1.39%,-0.68%,+0.14%,+0.14%,+0.00%,-0.28%,+0.00%,+0.41%,+0.55%
006201.TWO,+1.30%,-0.68%,-0.86%,+0.00%,+0.26%,+0.17%,+0.26%,+1.55%,+0.76%,-0.42%
3184.TWO,+5.24%,-0.50%,-0.95%,-0.56%,-0.61%,+1.63%,+0.30%,+0.45%,-0.25%,-0.90%
3609.TWO,-2.20%,+0.00%,+5.47%,-1.22%,-0.62%,+0.00%,+0.00%,-0.31%,+0.00%,-0.31%
8923.TWO,+0.00%,-1.76%,+0.00%,+0.00%,+0.00%,+1.50%,+0.00%,+0.00%,-1.18%,+0.00%
8068.TWO,+0.00%,-4.09%,+0.00%,-0.79%,-2.87%,-1.64%,+0.00%,-0.33%,+0.00%,+9.87%
1586.TWO,+0.00%,+3.53%,+1.19%,+0.51%,+1.01%,-0.33%,-3.00%,+0.34%,+0.86%,-0.17%
8932.TWO,+0.00%,-2.56%,-0.25%,-1.38%,-0.64%,+6.54%,-0.12%,-0.36%,+0.48%,-3.61%
8908.TWO,+0.00%,+0.00%,+0.00%,+0.00%,+0.00%,-0.34%,+0.00%,+1.38%,+1.36%,-2.35%
4174.TWO,+3.26%,-1.11%,-0.56%,-1.13%,+0.00%,-0.57%,+0.00%,-0.38%,+0.77%,-0.38%
5276.TWO,+0.78%,+0.00%,-1.54%,-1.17%,+1.19%,-1.17%,+0.00%,+0.00%,+0.20%,+0.59%
6240.TWO,+1.10%,+1.20%,+0.00%,-1.19%,-1.20%,-1.22%,-1.11%,-0.12%,+0.12%,+3.12%
8472.TWO,-1.81%,-0.74%,+0.12%,-0.74%,+1.49%,+0.61%,-1.22%,+0.25%,+0.74%,+3.66%
3306.TWO,+0.86%,-1.70%,-1.73%,+0.22%,+6.37%,+2.48%,-3.02%,-1.04%,+2.10%,-1.44%
6473.TWO,-1.58%,+3.05%,-1.92%,+0.00%,-0.53%,+1.06%,-2.11%,+0.00%,+10.00%,-2.83%
6127.TWO,+0.72%,-1.43%,-2.17%,+0.37%,+2.58%,-1.44%,+0.00%,+0.36%,+0.00%,+0.73%
5206.TWO,+3.09%,+0.50%,-0.50%,-0.20%,-2.40%,+2.16%,-1.81%,+0.51%,-0.71%,+0.21%
5464.TWO,-9.79%,-1.94%,+1.19%,+1.17%,+0.00%,-1.54%,-1.18%,+0.79%,+0.00%,+1.57%
3284.TWO,+0.74%,+0.00%,-0.74%,+0.25%,+0.00%,-0.74%,+0.25%,-0.25%,+0.00%,+0.00%
4528.TWO,-1.45%,-0.82%,+0.66%,-0.49%,+4.29%,-0.32%,-1.27%,+0.32%,-1.28%,-0.32%
5353.TWO,-2.61%,-0.89%,+0.00%,+0.45%,-0.45%,+0.00%,+0.00%,-0.45%,+0.00%,+3.17%
6129.TWO,+0.47%,+0.47%,-1.28%,-1.29%,+0.12%,+0.95%,+3.89%,-0.79%,+0.34%,+0.11%
5475.TWO,+3.15%,+3.82%,+1.32%,+9.87%,+3.04%,-3.33%,+1.19%,-2.62%,-5.25%,+1.99%
5289.TWO,-1.33%,+1.35%,+0.44%,-2.20%,-4.05%,-0.94%,-0.95%,+3.35%,-1.85%,-2.83%
5514.TWO,-1.44%,+0.73%,-1.25%,+0.53%,+1.05%,-0.10%,+0.62%,+1.54%,-0.61%,+0.10%
3587.TWO,+2.82%,+2.74%,-0.44%,+0.89%,+3.10%,+0.86%,+0.85%,-0.84%,-0.43%,-0.43%
5202.TWO,+1.29%,-0.36%,+0.00%,+1.64%,-0.36%,+0.90%,+3.74%,+0.17%,+1.89%,-2.19%
6532.TWO,-2.71%,-1.20%,-2.02%,+0.41%,+0.00%,+0.20%,+0.41%,+0.81%,-0.20%,+0.00%
3685.TWO,-0.17%,-0.68%,-0.85%,+0.52%,+0.69%,+0.34%,+0.17%,+0.51%,+0.51%,-0.17%
4529.TWO,+3.82%,-2.83%,-0.87%,+0.29%,-0.15%,-0.44%,-0.29%,+0.00%,+0.00%,+1.18%
3523.TWO,+0.52%,+1.04%,+0.10%,+7.62%,-2.87%,+0.49%,-0.98%,+0.99%,+0.98%,-4.17%
4908.TWO,+0.91%,+0.90%,+0.00%,-0.30%,+0.30%,+0.00%,-0.60%,+0.30%,+0.00%,-0.90%
6245.TWO,+3.42%,-0.77%,-1.00%,+1.57%,-1.22%,-0.56%,-1.24%,-0.91%,+1.84%,-0.11%
5009.TWO,+0.26%,+1.05%,-1.30%,-0.26%,+0.00%,-0.53%,+0.53%,+2.12%,-0.26%,-0.26%
5278.TWO,+2.22%,+0.00%,-1.19%,+0.40%,-2.59%,+5.73%,-0.58%,+4.67%,+4.83%,+6.74%
3317.TWO,-1.57%,-0.27%,-3.72%,+0.55%,+5.22%,+1.31%,-1.55%,+0.52%,-0.26%,+3.92%
4416.TWO,-0.63%,-0.51%,-2.79%,-0.78%,+0.00%,+0.00%,-1.32%,+2.13%,-0.39%,+5.90%
4905.TWO,+2.50%,-0.67%,+1.56%,-0.22%,+0.88%,-0.11%,+0.11%,+0.00%,-1.09%,+1.32%
8155.TWO,+1.93%,-0.76%,-1.53%,-1.16%,+0.39%,+0.52%,-0.65%,+0.00%,+0.26%,+1.30%
4744.TWO,-0.09%,+1.56%,+6.42%,+2.59%,-0.49%,-3.44%,-3.79%,+2.20%,+0.82%,+3.03%
8359.TWO,+0.35%,+0.00%,-0.22%,-0.07%,-0.92%,+2.00%,-1.36%,+0.15%,-0.39%,-0.68%
4121.TWO,+5.38%,-2.98%,-0.44%,-0.88%,+0.44%,-0.44%,+0.00%,+0.00%,+0.00%,-1.33%
8042.TWO,+3.74%,-1.55%,+0.00%,+0.17%,-0.52%,+0.00%,-0.18%,+0.53%,+1.05%,+0.00%
4402.TWO,+3.80%,-0.77%,-0.39%,+9.94%,+9.93%,+10.00%,+9.97%,+10.00%,+7.27%,+9.83%
8034.TWO,-0.44%,-7.46%,+6.16%,-1.79%,-1.82%,-1.39%,-1.88%,+3.83%,+3.69%,-1.78%
4109.TWO,-0.73%,-2.21%,+0.25%,+0.75%,+0.50%,-0.99%,+0.00%,-0.25%,+1.75%,-1.23%
8024.TWO,-0.92%,+0.00%,+0.00%,-0.46%,+0.00%,+1.40%,+0.00%,+0.00%,+0.46%,+1.37%
4503.TWO,-2.78%,-6.67%,+10.00%,+9.83%,+1.52%,-0.83%,-2.18%,+3.77%,-1.65%,+1.51%
6461.TWO,+0.03%,-0.41%,-2.16%,+0.00%,-0.32%,+2.40%,-1.47%,-0.03%,+1.05%,-2.56%
3339.TWO,+0.53%,+5.63%,-5.83%,+0.53%,-5.81%,-2.80%,+8.65%,-2.83%,-6.38%,-9.92%
6026.TWO,+0.44%,+0.00%,-0.66%,-0.77%,+0.00%,-1.00%,-0.56%,+0.00%,+1.70%,-0.11%
4538.TWO,+0.00%,+2.80%,+1.49%,-2.44%,+0.00%,-1.00%,-0.66%,+0.66%,+1.01%,+1.00%
2719.TWO,+0.00%,-1.79%,-3.20%,-0.47%,+0.47%,+1.42%,+0.47%,+0.93%,-1.38%,+0.00%
6492.TWO,+2.49%,+0.00%,-2.02%,+0.41%,+1.23%,+3.25%,+2.36%,+0.00%,+0.38%,-1.53%
3323.TWO,+2.88%,-1.17%,-0.71%,+1.43%,+0.00%,+0.47%,+0.23%,+1.63%,-0.69%,+0.23%
8091.TWO,-1.12%,+0.65%,+0.96%,-0.79%,+3.84%,-1.69%,-0.47%,+0.16%,+0.00%,-0.94%
2064.TWO,-0.27%,-0.27%,-0.27%,-0.54%,+0.27%,+0.27%,+0.54%,+0.00%,+0.54%,+1.08%
6187.TWO,-0.27%,-1.22%,-1.64%,-1.53%,-1.41%,-0.29%,+0.57%,+1.43%,-1.83%,-3.16%
6027.TWO,+0.00%,+4.35%,-5.56%,+0.00%,+0.00%,-1.03%,+1.04%,+0.00%,-3.53%,-2.74%
8941.TWO,+0.85%,+1.12%,-0.83%,-1.11%,-0.28%,-1.55%,+1.87%,-0.56%,+0.28%,-0.42%
3285.TWO,-0.78%,+0.00%,+2.08%,-0.26%,+1.02%,-0.25%,+2.28%,-0.25%,-0.50%,+0.00%
3581.TWO,-4.06%,+0.00%,+9.88%,-3.43%,+1.55%,-0.44%,-1.97%,+0.67%,+0.44%,-3.32%
5301.TWO,-0.43%,+0.21%,-0.85%,-1.29%,+0.00%,+0.00%,+0.87%,-0.65%,+0.00%,+0.22%
5488.TWO,+4.80%,-0.57%,-0.58%,-0.93%,-1.05%,+0.12%,+0.24%,+3.06%,-0.46%,-0.80%
8938.TWO,-1.87%,-0.35%,-0.52%,+0.35%,+1.22%,+1.55%,+0.51%,+0.00%,-0.17%,-0.84%
5310.TWO,+0.00%,-0.68%,-0.34%,-0.68%,+0.00%,+0.00%,-0.34%,+0.17%,+1.04%,-0.17%
4401.TWO,-0.74%,-0.74%,+0.00%,-0.63%,-0.38%,+0.76%,+0.88%,+1.37%,+0.98%,+1.33%
6147.TWO,+0.45%,+1.58%,+0.78%,-0.55%,-1.44%,-1.24%,+0.11%,+2.95%,+0.11%,-0.66%
8032.TWO,-1.18%,-0.79%,+1.60%,+0.00%,-0.98%,+0.00%,+0.60%,+0.00%,+0.40%,+0.00%
6231.TWO,-1.48%,-1.16%,-0.67%,-0.68%,+3.41%,-1.65%,-1.01%,-0.17%,+0.17%,+0.34%
5015.TWO,+1.70%,-0.93%,-0.38%,+0.00%,+0.00%,+0.19%,+0.19%,+0.94%,+0.56%,-0.37%
1269.TWO,+1.06%,+0.31%,-2.40%,+0.00%,+0.00%,+0.00%,+2.46%,-0.30%,-1.05%,+0.00%
5344.TWO,-4.20%,-1.16%,+1.04%,+0.65%,-0.90%,+0.26%,+2.71%,+0.25%,-0.63%,-0.38%
3664.TWO,+0.93%,+0.31%,+0.00%,+0.31%,-0.92%,+0.00%,+0.31%,+4.00%,+3.85%,+9.97%
3218.TWO,+6.51%,-3.64%,-2.06%,-1.23%,+0.89%,-1.41%,-1.78%,-0.73%,-0.18%,-1.10%
3325.TWO,-1.35%,+0.68%,-1.13%,+0.92%,-1.36%,-1.84%,-0.47%,-0.71%,+0.24%,-0.71%
5228.TWO,+0.00%,+0.00%,-1.23%,+0.00%,+0.00%,+1.63%,-0.06%,+0.00%,+0.00%,+2.32%
4161.TWO,+0.72%,-1.97%,+0.00%,-1.47%,+0.74%,-2.03%,+2.07%,-1.85%,-0.38%,+0.75%
6536.TWO,+4.85%,+3.74%,-6.87%,-0.02%,+4.91%,+0.00%,+1.43%,+2.02%,-3.39%,-4.94%
5452.TWO,-0.53%,-0.53%,-1.72%,+0.11%,+0.22%,+1.96%,-0.32%,+0.00%,+0.32%,-0.53%
3259.TWO,-0.86%,+0.87%,+0.00%,+0.86%,+7.43%,-0.53%,+6.42%,-1.01%,+0.51%,-1.26%
6279.TWO,+9.94%,-2.39%,-1.36%,-1.93%,-1.69%,+2.01%,+1.97%,-1.65%,-0.84%,-0.56%
3324.TWO,+1.27%,-5.76%,-0.80%,-1.88%,-0.55%,+0.27%,+0.68%,-1.63%,-1.66%,-1.69%
3577.TWO,+0.56%,+0.14%,-0.14%,-0.28%,+0.14%,+1.26%,-0.55%,+0.56%,+0.55%,+0.27%
3357.TWO,+0.81%,-0.04%,+0.84%,-1.59%,+0.69%,-0.28%,+0.80%,-0.32%,-0.08%,+0.00%
4609.TWO,-0.95%,+0.32%,-0.21%,+0.00%,-0.11%,+1.91%,+1.04%,+0.21%,-2.16%,+1.90%
6146.TWO,-0.84%,-1.42%,-3.74%,+0.60%,-0.89%,-0.30%,+0.00%,+0.90%,+0.30%,-2.08%
6221.TWO,-0.40%,-1.01%,+0.00%,+0.00%,-1.22%,+1.23%,-0.20%,+0.61%,-0.61%,+0.81%
4431.TWO,+0.71%,-0.67%,+0.00%,+0.47%,-0.41%,+0.00%,+1.06%,+1.16%,-0.75%,-0.09%
8489.TWO,-4.91%,-1.29%,+5.88%,-3.70%,-2.56%,+0.00%,-2.63%,+0.34%,+1.01%,+0.00%
8935.TWO,+0.00%,-1.27%,-2.95%,+0.00%,-0.95%,+9.20%,+1.23%,-1.21%,-1.23%,-0.71%
8342.TWO,+1.87%,+0.62%,-0.98%,-0.58%,+0.33%,+0.85%,-0.23%,-0.98%,-0.62%,+0.62%
2733.TWO,+0.12%,+4.36%,-1.82%,-0.53%,-2.26%,+1.14%,-2.99%,+0.70%,-0.12%,-2.34%
5227.TWO,+0.88%,-3.27%,-2.25%,+3.23%,-0.22%,+1.12%,+2.21%,+3.03%,+1.05%,+1.46%
3521.TWO,+0.33%,-0.33%,+0.55%,+0.33%,+0.33%,+1.86%,-0.54%,-1.95%,+2.10%,-0.76%
3564.TWO,-10.00%,-7.13%,+3.39%,-1.04%,-0.70%,+1.23%,+1.56%,-0.85%,+0.69%,-0.68%
6419.TWO,+1.41%,-3.24%,+1.44%,+2.36%,+0.92%,+9.82%,-4.37%,-7.83%,+0.00%,-3.77%
2724.TWO,-7.01%,-6.11%,+9.76%,-8.70%,+0.87%,+0.21%,+9.21%,-8.82%,+8.82%,+0.00%
3232.TWO,+0.23%,-1.59%,+9.91%,+0.21%,+0.42%,+10.00%,-6.44%,+2.02%,-2.78%,-6.94%
4565.TWO,+1.13%,+2.51%,-0.30%,-1.88%,+0.00%,+0.53%,-0.14%,+2.41%,-1.38%,-0.05%
6015.TWO,+0.14%,+0.00%,+0.29%,-0.57%,+0.29%,+0.00%,+0.00%,+0.29%,+0.00%,-0.14%
8291.TWO,+0.00%,-2.40%,+4.30%,-4.13%,+1.43%,-9.09%,-1.56%,+9.48%,+0.00%,+0.00%
6210.TWO,+0.00%,-0.36%,+0.36%,+0.12%,-0.36%,+0.36%,+0.00%,-0.48%,-1.08%,-0.24%
5859.TWO,-0.34%,+2.19%,-0.34%,-0.91%,+0.00%,-1.71%,-0.23%,-0.35%,+0.35%,-0.93%
5543.TWO,-1.61%,-0.20%,+1.84%,-2.81%,+0.00%,+0.62%,+2.05%,-2.62%,-0.83%,+0.00%
3691.TWO,+4.07%,-2.73%,+1.41%,+0.00%,-0.20%,+3.17%,+0.19%,-1.15%,+2.14%,-1.33%
4760.TWO,-1.83%,-2.53%,+0.41%,+0.05%,+0.36%,+0.00%,-0.05%,+0.00%,+0.05%,+0.00%
4806.TWO,-0.82%,-0.66%,-3.00%,-2.23%,+0.88%,+1.05%,+0.34%,-5.67%,+2.00%,-1.79%
3078.TWO,-0.87%,-0.70%,+0.35%,-0.18%,-0.35%,+0.18%,+0.53%,+0.00%,+0.53%,+0.00%
3388.TWO,+0.15%,+0.00%,+0.00%,+0.15%,-0.15%,+0.15%,+3.22%,-0.89%,-0.30%,+0.45%
3115.TWO,+0.00%,+1.98%,-0.39%,-4.69%,+4.10%,-1.57%,-0.80%,-1.21%,+2.45%,-0.40%
6259.TWO,-4.91%,+5.16%,+0.00%,-5.28%,+0.00%,+1.20%,-7.48%,+8.94%,+0.00%,-5.86%
6103.TWO,+10.00%,+0.00%,+0.00%,-4.96%,+0.00%,-0.87%,+0.00%,+0.00%,-3.51%,-9.55%
6596.TWO,+0.04%,+0.00%,+0.00%,-1.87%,+0.00%,+1.85%,+0.00%,+0.00%,+0.00%,-0.66%
6160.TWO,-0.49%,-2.20%,-0.50%,-0.25%,+1.51%,+1.98%,-0.24%,-1.95%,+1.74%,+1.22%
5426.TWO,-0.38%,+0.00%,+0.00%,+0.00%,+0.00%,+0.00%,+0.00%,+0.00%,+0.77%,+0.00%
4980.TWO,+2.80%,-0.27%,-4.73%,+2.30%,+1.51%,-7.08%,-6.34%,+5.59%,+0.00%,+2.18%
8048.TWO,+4.23%,+0.00%,+0.20%,+0.00%,+5.26%,-2.31%,-0.39%,+0.00%,+1.19%,-1.17%
8050.TWO,-0.52%,+1.23%,+0.35%,-0.52%,+0.52%,-0.17%,+0.52%,+0.17%,-0.34%,+1.03%
3455.TWO,-8.84%,+0.79%,-1.18%,-0.20%,-0.20%,+0.60%,+3.57%,-1.15%,-1.55%,-0.39%
6122.TWO,+0.00%,+0.48%,-0.47%,+0.00%,-0.48%,+0.96%,+0.00%,+0.00%,-0.95%,+0.48%
6435.TWO,-1.50%,+2.16%,-0.25%,-0.75%,+9.91%,-6.05%,-0.12%,+0.00%,-1.09%,+1.11%
3633.TWO,+3.06%,-0.64%,-0.08%,-0.49%,+0.23%,+0.05%,+0.21%,-0.28%,+0.08%,-0.10%
8942.TWO,+2.61%,+0.60%,-1.34%,-0.30%,-0.45%,+0.00%,+0.30%,+1.21%,+0.00%,+0.30%
6530.TWO,+2.74%,+0.00%,+0.00%,-3.79%,+0.00%,-0.65%,+0.65%,+0.00%,+0.00%,+3.61%
3226.TWO,-0.99%,+0.00%,+0.50%,-1.33%,-1.18%,+0.85%,-1.35%,+1.20%,+0.17%,+0.34%
3390.TWO,+0.44%,-0.65%,-0.66%,+0.88%,+0.44%,-1.08%,-0.44%,-0.88%,-2.89%,+0.23%
4117.TWO,-6.42%,+2.86%,-0.56%,-4.75%,+12.96%,-3.32%,-0.16%,+0.05%,-2.69%,+0.44%
8038.TWO,+1.63%,-1.60%,-0.13%,+0.63%,-0.75%,+0.38%,+0.12%,-0.50%,+0.00%,+3.63%
4726.TWO,+6.30%,-2.07%,-1.66%,-1.23%,+0.00%,+0.16%,+1.24%,+0.31%,-1.23%,+0.62%
8349.TWO,+4.67%,+2.70%,+1.62%,+1.99%,+0.00%,-0.49%,-0.98%,+1.49%,-0.49%,+4.41%
4530.TWO,-1.45%,-1.26%,+1.81%,-1.57%,+0.11%,-3.08%,-2.08%,+4.14%,-1.51%,-1.20%
6493.TWO,-1.00%,+1.01%,+0.00%,+0.00%,+0.00%,+0.00%,+0.00%,+3.50%,-1.71%,+0.00%
8931.TWO,-1.51%,-0.22%,+0.44%,-0.65%,-0.44%,+1.32%,-0.22%,-0.44%,-0.44%,+1.10%
3693.TWO,+1.31%,+0.65%,-1.93%,+1.64%,+0.00%,-1.61%,+0.98%,-0.65%,+1.47%,+0.64%
6290.TWO,+0.68%,+1.35%,-0.93%,-1.48%,+0.00%,+2.46%,-1.07%,+1.75%,+0.13%,-1.98%
6234.TWO,+0.00%,+0.30%,-0.30%,-0.90%,+0.30%,-0.61%,+1.22%,+0.30%,+9.91%,+1.91%
3360.TWO,+0.65%,+1.29%,-1.48%,-1.08%,+0.65%,-0.22%,+1.30%,-0.64%,-0.22%,+0.86%
3260.TWO,+4.84%,-1.09%,+1.78%,+2.70%,-1.31%,-0.80%,-0.67%,+0.40%,-0.67%,+0.81%
2035.TWO,+0.21%,-0.21%,-0.21%,-0.62%,-2.08%,+0.21%,+1.70%,-1.67%,+0.00%,-1.49%
6418.TWO,+0.00%,+0.00%,-0.93%,+1.62%,+0.00%,+2.43%,+0.00%,-0.22%,+0.00%,+0.00%
5230.TWO,-0.35%,-1.05%,+0.83%,+0.35%,+1.17%,+0.58%,+0.34%,+1.14%,-0.23%,+0.11%
3169.TWO,-0.52%,-3.63%,+3.94%,-1.38%,+9.97%,-2.54%,+0.00%,-0.98%,-0.49%,-1.32%
3516.TWO,-2.00%,+0.00%,+1.02%,-1.72%,-0.21%,+1.13%,-1.43%,+0.00%,+0.41%,-1.23%
3071.TWO,+0.34%,+0.00%,+0.34%,-2.05%,+2.80%,-0.68%,+0.00%,-1.37%,+1.04%,-0.69%
4741.TWO,-1.00%,-0.22%,+0.12%,-1.02%,+0.55%,+0.34%,-2.57%,+1.99%,+0.88%,-0.90%
8906.TWO,-5.86%,+4.33%,-1.49%,-2.36%,-1.72%,+0.00%,+0.00%,+0.53%,-1.05%,-1.94%
4966.TWO,-0.44%,-0.88%,+1.49%,-0.59%,-0.59%,-0.15%,-0.45%,+0.90%,+5.18%,-0.56%
6186.TWO,-0.88%,-0.89%,+0.45%,-0.22%,-0.22%,+0.45%,+1.79%,-0.88%,+0.00%,+0.22%
6169.TWO,-0.19%,-0.56%,+1.14%,-1.50%,+0.19%,-1.14%,+3.65%,+6.67%,+9.90%,+6.79%
8171.TWO,-0.64%,-0.86%,-0.54%,-0.44%,+0.77%,-0.43%,+2.73%,+0.96%,-1.05%,-1.06%
8085.TWO,-3.34%,+5.81%,-1.93%,-0.91%,+0.61%,+0.61%,+2.71%,-0.88%,+0.15%,-0.74%
8416.TWO,-0.11%,-0.33%,-0.87%,-0.55%,+0.44%,-0.11%,+0.00%,-0.11%,+0.22%,-0.22%
1570.TWO,+2.42%,-0.68%,-1.02%,-1.72%,-0.35%,+4.56%,-0.67%,-0.34%,-0.34%,-1.36%
3444.TWO,-0.26%,+0.00%,+0.26%,-0.26%,+0.26%,-0.77%,+0.26%,-0.26%,+0.52%,-0.26%
8027.TWO,-0.15%,-1.31%,+0.00%,-0.59%,-0.45%,-0.30%,+1.80%,+0.00%,-0.29%,-1.33%
4991.TWO,+1.70%,-1.34%,+1.36%,-2.01%,-1.54%,+0.87%,+1.55%,-0.51%,+2.04%,-0.17%
4542.TWO,+2.82%,-8.23%,+1.00%,-1.32%,+3.33%,+3.23%,-0.63%,+9.91%,+9.87%,+1.56%
3597.TWO,+0.00%,+0.00%,+0.00%,+0.00%,+0.00%,+0.00%,+0.00%,+0.00%,+0.00%,+0.00%
5536.TWO,+6.23%,+0.93%,+0.00%,-1.53%,+4.35%,-0.30%,-2.69%,+1.23%,-0.61%,-1.22%
6104.TWO,-0.51%,-4.38%,+1.35%,-0.27%,+0.27%,-0.80%,+0.54%,+2.93%,+0.13%,+0.13%
4197.TWO,+0.35%,+0.00%,+0.00%,+0.35%,-0.49%,+0.00%,+2.94%,+0.00%,-0.61%,+0.00%
4192.TWO,+1.50%,-0.16%,-0.82%,-0.50%,+0.50%,-1.49%,+0.67%,-0.67%,-1.68%,+3.75%
8074.TWO,+0.17%,+0.52%,+0.69%,+0.00%,-1.03%,+1.04%,-0.51%,+0.52%,+0.17%,+0.17%
2245.TWO,+0.37%,-0.39%,-0.39%,+0.55%,+1.40%,+0.00%,+2.10%,-0.08%,-1.06%,-0.55%
4924.TWO,+0.00%,+0.48%,+0.24%,-0.36%,-0.24%,+9.94%,+9.48%,+0.00%,-1.99%,+1.52%
8182.TWO,-0.64%,-0.32%,-0.65%,-0.65%,-0.33%,-0.33%,-0.33%,+0.66%,-0.33%,+0.00%
2926.TWO,-2.24%,-1.31%,-0.33%,-0.33%,+0.00%,+2.33%,+0.65%,-0.65%,+0.98%,+0.00%
4732.TWO,+1.43%,-0.47%,+0.00%,-0.52%,+0.37%,-3.04%,-0.81%,+0.00%,-1.36%,+0.00%
8047.TWO,+9.79%,-8.14%,+4.22%,+2.83%,-2.36%,-1.61%,+0.41%,-0.41%,+1.23%,-0.40%
3211.TWO,-0.50%,+0.50%,+0.62%,-1.24%,+0.00%,-0.25%,+0.00%,+0.88%,+0.25%,+0.75%
9962.TWO,+0.46%,+0.91%,-0.90%,+0.00%,-0.45%,-0.46%,+0.46%,+0.46%,-0.91%,+0.46%
6180.TWO,+2.22%,-0.77%,+4.21%,+0.45%,+2.53%,+4.51%,+0.00%,+2.50%,+0.00%,+3.12%
6284.TWO,+3.88%,-0.75%,+0.50%,-1.25%,-1.01%,+0.77%,+1.01%,-0.75%,-0.51%,-0.51%
4558.TWO,+0.00%,-2.17%,+0.00%,+0.00%,+0.00%,+0.00%,+0.00%,+0.00%,+0.00%,+0.00%
5211.TWO,+0.49%,+0.73%,-0.24%,-1.21%,-0.25%,+4.67%,+0.70%,-0.70%,-0.47%,+0.47%
3558.TWO,-1.13%,-0.76%,+1.15%,+0.76%,+4.51%,+0.72%,-2.14%,+1.82%,-1.08%,-0.36%
1260.TWO,+2.99%,-0.07%,+0.43%,-0.18%,+1.25%,+0.35%,+1.87%,-2.70%,+0.00%,+0.18%
3595.TWO,-5.08%,+1.79%,+1.75%,+0.00%,+0.86%,-2.56%,+1.75%,+0.00%,+0.00%,+6.03%
7402.TWO,+1.08%,+1.88%,-1.05%,+3.86%,+2.05%,+0.00%,-0.88%,+2.41%,+0.12%,+0.25%
5267.TWO,-0.97%,+0.00%,+0.69%,+0.00%,+1.93%,-0.10%,-0.12%,+1.94%,+2.80%,+0.00%
4738.TWO,+10.08%,-0.24%,+16.18%,+2.70%,+0.20%,-2.22%,+1.86%,-3.65%,-1.68%,-3.00%
5863.TWO,+0.30%,-0.69%,+3.28%,+0.00%,-2.79%,+2.77%,-2.60%,+0.89%,-0.49%,+0.00%
8240.TWO,+1.06%,+0.79%,+1.56%,+5.13%,+2.93%,-1.90%,-2.90%,+0.50%,-0.50%,+0.50%
5601.TWO,-0.90%,-0.68%,-2.29%,+2.58%,+0.46%,+0.00%,+0.00%,+0.00%,+0.45%,+0.00%
5210.TWO,-1.22%,+0.15%,+0.93%,-0.46%,+0.62%,+0.61%,+0.00%,+4.86%,-1.88%,-0.30%
4183.TWO,+2.27%,-2.59%,-1.52%,-1.54%,+1.96%,-2.69%,+0.00%,+0.20%,+2.76%,-1.15%
2061.TWO,+3.50%,+0.00%,-0.51%,-1.34%,+0.31%,-0.62%,+0.73%,+0.73%,-0.10%,+1.34%
3663.TWO,+0.00%,-1.16%,+0.00%,+0.00%,-2.94%,+1.82%,-0.60%,-0.90%,+0.60%,-1.80%
6588.TWO,+0.28%,-0.87%,+3.06%,-1.31%,+1.16%,-3.93%,-3.14%,-1.10%,+1.97%,-3.45%
4563.TWO,+0.00%,+0.00%,+0.00%,+0.00%,+0.00%,+0.16%,-0.90%,+0.00%,+0.00%,-0.65%
6494.TWO,+3.12%,+1.84%,+2.55%,+5.08%,-0.79%,+1.39%,+7.65%,+0.36%,+0.73%,-1.08%
3707.TWO,-4.86%,-0.73%,-2.94%,-1.52%,+3.08%,+2.24%,-0.73%,-0.74%,-1.48%,+0.75%
3064.TWO,+0.93%,-1.61%,-4.43%,-10.00%,-9.76%,-9.91%,+10.00%,+1.82%,+2.38%,+9.88%
3498.TWO,+0.00%,+0.00%,+2.13%,-1.70%,+0.39%,+0.00%,+0.19%,-0.57%,+0.96%,-0.57%
3297.TWO,+0.00%,-3.47%,-1.44%,-1.09%,+0.74%,+1.83%,+3.60%,+2.43%,-1.02%,+0.00%
3310.TWO,-1.04%,-2.31%,+1.07%,-0.42%,-1.07%,-0.43%,+0.00%,-1.95%,+1.99%,+0.43%
3097.TWO,+0.68%,-0.65%,+0.00%,-0.03%,+1.24%,-1.04%,+0.52%,+0.26%,+0.65%,-0.13%
6578.TWO,-1.55%,+0.34%,-0.31%,+0.00%,+1.24%,+0.86%,+0.06%,-0.06%,-0.49%,+0.55%
4432.TWO,-4.24%,-0.91%,+1.18%,-2.08%,+1.86%,+0.26%,+0.39%,+0.39%,+0.13%,-0.64%
4513.TWO,-1.91%,+0.69%,+1.02%,-1.46%,+0.00%,+0.80%,-1.13%,+0.34%,+1.14%,-0.79%
3313.TWO,+4.81%,+1.19%,+0.00%,-3.07%,+1.51%,-2.08%,-0.76%,+0.46%,+0.00%,-1.07%
4433.TWO,-1.44%,-0.42%,+1.26%,-0.83%,+2.50%,-1.83%,+1.45%,-0.41%,-0.41%,-1.23%
3529.TWO,-1.03%,-1.44%,+1.59%,-0.26%,-0.52%,+0.00%,-1.97%,+4.56%,-0.38%,+0.39%
8436.TWO,+1.18%,+1.46%,-0.57%,-1.16%,+0.00%,-0.58%,-0.59%,+0.30%,+0.29%,-0.29%
6276.TWO,-1.82%,+0.93%,-0.34%,+1.73%,-0.68%,-1.03%,+1.15%,-0.46%,+1.49%,-1.35%
6182.TWO,-1.10%,-1.67%,-1.69%,+2.01%,-1.13%,+7.41%,-2.12%,+0.27%,+1.35%,-1.07%
4931.TWO,+0.00%,+0.00%,+0.00%,+0.00%,+0.00%,+0.00%,+0.00%,+0.00%,+0.00%,+0.00%
6499.TWO,+9.95%,+3.09%,-0.83%,-1.56%,+3.28%,+0.51%,+2.96%,-2.08%,+0.10%,+0.81%
6171.TWO,-2.06%,-1.68%,+0.85%,+4.24%,-2.44%,-1.67%,+1.27%,+0.42%,+0.00%,+0.00%
8071.TWO,+9.89%,-2.89%,+3.64%,-2.24%,+0.65%,-0.97%,-0.66%,+0.00%,+0.33%,+0.66%
3632.TWO,-0.62%,+0.31%,-3.44%,-1.62%,-1.64%,-1.00%,-0.68%,+1.70%,+0.00%,-1.34%
5013.TWO,+1.56%,-0.62%,-0.31%,-0.16%,+0.62%,-0.31%,+0.16%,+0.00%,-0.62%,+1.25%
6548.TWO,-0.70%,+0.71%,-0.85%,-3.27%,+1.32%,-1.16%,-2.79%,+4.07%,+6.09%,+0.55%
5314.TWO,-0.23%,-0.46%,-0.92%,-0.92%,+3.73%,-9.44%,+3.47%,+0.72%,-3.57%,+0.00%
6407.TWO,-1.15%,-4.67%,-0.41%,-1.64%,+4.58%,+9.56%,+0.65%,-0.36%,+3.41%,-3.93%
4138.TWO,+2.55%,+0.18%,-1.42%,+0.00%,-0.54%,+0.72%,+0.36%,+1.25%,-0.35%,-0.71%
3594.TWO,+1.47%,+1.21%,-0.48%,-0.72%,-0.48%,+0.49%,+0.00%,-0.48%,+0.24%,+0.00%
4561.TWO,-0.35%,-0.93%,-1.91%,+0.69%,-0.43%,+0.03%,-2.66%,+1.39%,-1.67%,-1.02%
6175.TWO,+3.63%,-1.50%,-1.27%,-1.80%,-0.79%,+1.58%,-0.78%,+0.52%,+4.17%,-3.00%
2718.TWO,+0.00%,+0.00%,+0.00%,+0.00%,+0.00%,+0.00%,+0.00%,+0.00%,+0.00%,+0.00%
3490.TWO,+0.44%,-1.62%,+1.04%,-1.33%,+0.60%,+0.00%,+0.89%,-0.88%,+0.30%,-0.74%
5321.TWO,-4.20%,-3.56%,-4.12%,+3.70%,-1.00%,+1.44%,+0.85%,-0.56%,+0.57%,-3.24%
4430.TWO,+0.00%,+1.65%,-1.21%,+0.20%,-1.02%,+0.83%,-0.20%,-0.21%,+0.41%,-0.20%
3379.TWO,-2.24%,+0.66%,+4.56%,+2.80%,-3.33%,+9.72%,+5.43%,-2.44%,-4.44%,-6.10%
3625.TWO,-0.70%,+0.00%,+3.00%,+0.51%,-0.51%,-0.34%,-2.41%,+0.88%,+4.71%,-1.83%
3141.TWO,+3.52%,-1.98%,-1.16%,+0.00%,-0.44%,-1.03%,+0.30%,+0.15%,+2.81%,-1.01%
6291.TWO,+1.05%,+0.00%,-9.69%,+9.96%,-5.23%,-1.10%,-0.37%,-9.70%,-8.26%,+4.05%
2221.TWO,-3.33%,+0.40%,-1.21%,-1.22%,+0.21%,+0.21%,-0.21%,-1.44%,+0.63%,-0.62%
6140.TWO,+1.87%,+0.00%,-2.29%,+0.00%,+0.00%,+0.47%,-0.47%,-1.41%,+0.00%,+0.95%
4559.TWO,+0.00%,+4.32%,+0.00%,+0.00%,+0.00%,+0.00%,+0.00%,-0.10%,+0.10%,-0.10%
3603.TWO,+3.21%,-3.11%,+2.14%,+13.09%,-3.70%,+0.96%,-4.76%,+0.50%,+0.00%,+0.00%
2745.TWO,+3.90%,+1.25%,-3.70%,+0.00%,+0.00%,+0.00%,+1.28%,-4.81%,+4.92%,-2.41%
6179.TWO,-0.31%,-0.10%,+0.00%,-1.03%,-0.21%,-0.42%,+0.21%,+0.00%,+0.00%,-0.42%
5493.TWO,-2.16%,-0.34%,+1.87%,-1.50%,+0.85%,-0.67%,-0.17%,-0.34%,+0.85%,+0.51%
6118.TWO,+0.15%,+0.45%,-1.05%,+0.91%,+0.60%,+0.00%,+2.09%,+0.00%,-0.58%,+0.00%
6264.TWO,+0.00%,+0.00%,+0.00%,+0.00%,+0.00%,+0.00%,+0.00%,+0.00%,+0.00%,+0.00%
3322.TWO,+1.67%,-1.39%,+0.64%,+0.89%,-1.39%,-1.54%,+1.43%,+1.79%,-1.13%,+0.64%
6203.TWO,-3.55%,+0.33%,+0.00%,-0.67%,+0.00%,+0.17%,+0.17%,+0.00%,+0.67%,-0.83%
4933.TWO,+0.37%,-0.36%,+0.00%,-1.83%,+0.56%,-0.19%,+0.00%,+0.74%,-0.92%,-0.19%
5201.TWO,-1.31%,-5.30%,+2.45%,+0.68%,-2.03%,+0.00%,+5.88%,-3.92%,+9.86%,+0.31%
3430.TWO,+0.00%,+0.56%,-1.66%,-0.06%,+0.00%,-1.47%,+0.63%,-0.11%,+0.00%,+0.00%
3265.TWO,-0.58%,-1.16%,-0.98%,-0.79%,+0.20%,+0.40%,-0.79%,-0.40%,+1.20%,+0.99%
4925.TWO,+0.52%,-2.26%,+0.14%,-1.45%,-0.29%,+0.88%,-1.31%,+0.69%,+2.40%,-3.44%
2067.TWO,-2.50%,-0.85%,+0.00%,-0.43%,+3.46%,+0.00%,-2.93%,+1.72%,-0.85%,-2.56%
8176.TWO,-2.58%,-2.20%,+0.00%,-1.80%,+0.00%,+0.92%,+3.18%,+1.76%,+9.96%,-1.57%
6114.TWO,+1.06%,-1.18%,+2.25%,+0.00%,-0.91%,+0.26%,+2.48%,-1.02%,-0.51%,-2.72%
3236.TWO,+3.49%,+1.18%,-0.33%,+5.02%,+0.80%,-1.90%,+0.00%,+0.48%,+1.44%,+1.42%
3289.TWO,+0.30%,+0.70%,-0.50%,+3.00%,+0.49%,+0.00%,-0.97%,+0.00%,-0.49%,-1.96%
4419.TWO,-3.36%,+1.45%,-4.29%,-7.46%,+0.00%,+0.00%,-6.45%,+0.00%,+0.00%,+0.00%
3710.TWO,+0.46%,-0.92%,+0.00%,-1.39%,+2.35%,-1.38%,+3.26%,-1.80%,+5.96%,-1.73%
5309.TWO,+0.44%,-0.88%,-0.33%,+9.91%,-1.42%,+7.91%,-1.90%,+1.94%,-2.86%,-2.25%
8458.TWO,+0.00%,+0.05%,+4.74%,-0.04%,+0.00%,+0.00%,-4.04%,-0.93%,+0.00%,-3.35%
3556.TWO,+0.79%,-0.20%,-0.20%,-0.39%,+1.97%,+1.74%,+0.00%,+0.95%,-0.38%,+0.38%
00679B.TWO,+0.26%,-0.13%,+0.58%,+1.31%,+0.10%,-0.65%,+0.52%,-0.36%,-0.03%,+0.16%
3527.TWO,+1.60%,-1.97%,+0.00%,+0.53%,-1.06%,+0.00%,+1.75%,+9.91%,+1.92%,-1.89%
3088.TWO,+0.53%,-0.18%,-0.53%,+0.71%,+1.75%,+0.69%,-0.17%,-1.37%,+0.87%,-0.86%
5508.TWO,+0.00%,+0.35%,-0.18%,-0.18%,+0.18%,-0.18%,+0.18%,+0.18%,+0.00%,-0.18%
4129.TWO,+3.49%,-0.15%,-0.44%,+1.03%,-1.02%,-0.59%,-0.59%,+0.45%,+0.74%,-1.03%
8044.TWO,-0.22%,-0.65%,+3.50%,-2.54%,-3.25%,+4.93%,+0.85%,+1.69%,-0.62%,+0.42%
1599.TWO,+0.39%,-0.39%,+0.20%,+0.39%,-0.20%,-0.39%,+0.39%,-0.39%,-0.39%,+0.20%
6148.TWO,-1.22%,-0.21%,-2.69%,-0.85%,+1.93%,-1.05%,-0.85%,+1.50%,-0.21%,-0.64%
5701.TWO,+0.00%,+0.00%,+0.35%,-0.71%,+0.36%,+5.67%,-1.01%,-1.36%,+0.34%,+2.74%
5703.TWO,-1.95%,+2.38%,-3.10%,+0.20%,-1.00%,+2.22%,+0.00%,-1.38%,-0.80%,+0.00%
3585.TWO,-3.47%,+0.00%,+3.00%,+0.00%,+0.00%,+0.00%,+0.00%,-4.85%,+2.04%,+1.00%
6509.TWO,-0.57%,+0.29%,-1.14%,+0.58%,-0.57%,+0.00%,+0.00%,+0.00%,+0.58%,+0.57%
3105.TWO,+0.00%,+0.00%,-0.77%,+1.55%,-0.76%,-1.92%,-0.78%,+1.19%,+2.34%,-0.38%
9957.TWO,+0.15%,+1.49%,-1.33%,+0.45%,+0.15%,+0.00%,+0.30%,+0.44%,+0.59%,+1.02%
5212.TWO,+1.48%,+0.00%,-0.21%,-0.21%,-1.67%,+0.21%,+1.69%,-1.25%,+1.27%,+1.46%
5014.TWO,+2.22%,-2.48%,-0.96%,+1.61%,+0.32%,-0.63%,+0.32%,-0.63%,-1.91%,-3.57%
8064.TWO,-1.44%,-2.18%,+2.48%,-1.45%,-0.25%,-0.74%,+0.74%,+0.25%,+1.97%,+0.24%
5299.TWO,+13.15%,+4.12%,-7.09%,+0.10%,-1.98%,-3.55%,+8.83%,-0.36%,-0.39%,-2.28%
3362.TWO,-9.91%,-5.41%,+4.69%,-3.61%,+5.97%,+3.44%,+0.00%,+5.17%,+3.16%,-8.16%
1784.TWO,+7.12%,-2.97%,-0.90%,-1.09%,-0.37%,-1.11%,+0.19%,+0.00%,+0.37%,+1.11%
6130.TWO,+3.61%,-1.16%,-2.12%,+1.92%,-1.65%,-3.12%,-0.99%,+10.00%,+10.00%,+9.92%
5425.TWO,+2.80%,-0.62%,+2.24%,+3.05%,+2.13%,+1.04%,+0.92%,-0.91%,-1.26%,+1.16%
6610.TWO,-7.69%,+0.00%,-2.15%,-1.06%,+0.00%,-0.41%,+0.00%,+0.00%,-4.02%,-2.90%
2235.TWO,-0.86%,+0.00%,+0.87%,-0.86%,+0.87%,+0.00%,+0.00%,+0.00%,+2.16%,-0.84%
3629.TWO,-1.36%,-0.83%,-8.33%,-2.42%,-0.31%,-3.43%,-0.97%,+5.21%,+1.24%,-0.92%
3290.TWO,-1.69%,-1.43%,-2.61%,+2.08%,+0.00%,-0.87%,+2.06%,-1.44%,+0.00%,-1.17%
1742.TWO,+1.44%,-1.89%,-1.92%,+0.00%,+1.47%,-0.97%,-0.98%,+0.00%,+0.00%,-0.49%
3465.TWO,+1.18%,+0.00%,+0.00%,+0.00%,+0.00%,+0.00%,+0.00%,+0.00%,+0.00%,+0.00%
6246.TWO,+0.00%,-2.99%,-1.03%,-2.07%,+1.69%,+3.33%,+2.42%,-2.95%,-1.42%,+9.88%
5271.TWO,+1.97%,-0.55%,+0.69%,+0.97%,+0.14%,+0.00%,-1.50%,+1.39%,-1.23%,-2.49%
5481.TWO,+3.04%,+0.59%,+0.00%,+0.29%,+0.88%,+0.00%,-1.74%,-0.88%,+0.60%,+0.00%
8059.TWO,-1.24%,+0.42%,+0.42%,-0.83%,+0.42%,+0.42%,+0.83%,+0.41%,+0.41%,-0.82%
4533.TWO,-4.07%,-0.39%,+0.78%,-1.54%,+0.78%,+0.39%,+3.86%,-2.97%,-0.38%,-0.77%
8933.TWO,+0.00%,+0.00%,-2.37%,+0.97%,-0.48%,-0.97%,+0.49%,+3.40%,-0.94%,+0.47%
5457.TWO,+0.36%,+1.45%,-1.07%,+1.44%,+0.18%,-0.71%,+0.00%,-0.54%,-1.44%,-0.36%
3511.TWO,+0.78%,-1.81%,+1.84%,+0.26%,+1.03%,-1.28%,+0.78%,+1.28%,+1.52%,+1.25%
6212.TWO,-3.66%,+0.00%,+0.36%,-0.36%,+0.00%,+0.00%,+0.00%,+0.18%,+0.00%,+0.00%
5474.TWO,-2.96%,+8.31%,+2.50%,-4.12%,+0.00%,-2.07%,+0.00%,+0.00%,+1.46%,-0.96%
6518.TWO,-3.85%,+0.00%,+1.20%,-1.19%,+1.20%,+0.00%,+0.00%,+2.11%,-0.71%,-1.23%
5351.TWO,+0.45%,-0.90%,-1.36%,+0.00%,+3.21%,+4.00%,+2.14%,+4.60%,-2.80%,+0.00%
1593.TWO,+2.10%,-1.21%,-0.61%,+0.86%,+0.12%,-0.85%,-0.12%,+0.00%,-0.25%,+0.00%
3288.TWO,-4.50%,+9.81%,+0.00%,+8.42%,-7.29%,+2.56%,-0.33%,+0.00%,+0.00%,+0.00%
6190.TWO,-2.83%,+0.00%,+2.55%,+0.71%,-2.82%,+0.00%,+0.00%,+0.00%,+0.36%,-0.36%
1780.TWO,+0.00%,+0.00%,+0.28%,+2.71%,-1.29%,+0.00%,-1.48%,+1.22%,+0.05%,-1.20%
2070.TWO,+0.00%,-1.59%,+0.00%,+0.00%,-1.60%,+0.00%,-0.16%,+0.00%,+0.00%,+0.00%
3508.TWO,+0.00%,-1.30%,-1.32%,+0.00%,-0.33%,+0.33%,-0.33%,+0.00%,+0.67%,+0.33%
3294.TWO,+0.64%,-1.58%,+0.64%,-0.64%,+0.64%,-0.64%,+0.00%,-0.64%,-0.65%,-0.33%
5516.TWO,+1.97%,+2.54%,+0.00%,+0.00%,-2.00%,+4.57%,-2.53%,+0.00%,+0.83%,+0.58%
3083.TWO,-0.99%,+0.87%,+1.11%,-0.37%,+2.09%,-0.72%,+7.26%,-1.81%,+1.15%,-1.02%
5345.TWO,-0.12%,+0.00%,+0.00%,-2.50%,+4.49%,-0.61%,-0.25%,+1.36%,-2.20%,+0.12%
6609.TWO,+0.00%,-4.88%,-1.44%,+0.00%,-1.04%,-1.26%,-1.07%,+3.45%,-1.46%,+2.33%
6572.TWO,+0.00%,+2.19%,-1.68%,-3.29%,-0.05%,-2.83%,+0.00%,+0.00%,-4.98%,+1.14%
8905.TWO,+1.25%,+0.00%,+0.62%,-0.62%,+0.62%,+0.00%,+0.31%,+3.07%,+7.14%,+0.83%
3615.TWO,-2.06%,-1.47%,-1.71%,+1.52%,-0.43%,-0.86%,-0.87%,+0.00%,+0.00%,+0.66%
6207.TWO,+0.90%,+2.99%,+1.16%,-1.58%,+0.00%,+2.18%,-0.43%,-1.14%,-1.74%,+0.00%
5205.TWO,-8.00%,+0.00%,+0.00%,+0.00%,+0.00%,-9.57%,+0.00%,+0.00%,+0.00%,+0.00%
6411.TWO,+1.56%,+1.08%,-1.06%,-0.92%,+0.78%,+0.00%,-0.92%,+8.54%,-3.00%,+1.47%
6188.TWO,+7.04%,-1.59%,+4.38%,+1.88%,-2.93%,+0.22%,-2.45%,+1.14%,-0.68%,-1.93%
2726.TWO,-1.79%,+0.75%,+9.81%,+4.37%,+2.79%,-3.17%,-0.93%,+1.42%,+0.47%,-1.39%
3268.TWO,-1.88%,-1.27%,-0.97%,+1.63%,-0.32%,-0.96%,+0.65%,-0.97%,+0.00%,-0.33%
1815.TWO,-1.05%,+2.83%,+2.75%,+0.67%,-2.66%,-2.39%,+0.35%,+0.00%,+2.44%,-0.68%
5468.TWO,-1.82%,-4.56%,-4.42%,+0.00%,-7.22%,-5.79%,+0.00%,-2.54%,-4.35%,+0.00%
4707.TWO,-2.29%,+2.13%,-0.52%,+0.00%,+0.00%,+0.52%,-0.31%,+1.05%,+0.52%,+0.10%
8107.TWO,+0.00%,+0.88%,-0.43%,+1.53%,+2.37%,+2.52%,+0.00%,-2.25%,+0.21%,+1.88%
2924.TWO,+0.00%,+0.18%,+0.00%,+0.00%,+0.00%,+0.00%,+0.00%,+0.00%,+0.00%,+0.18%
6428.TWO,-5.85%,+0.00%,+0.00%,-3.81%,+0.10%,+1.66%,+1.43%,+113.93%,+5.24%,+81.53%
3526.TWO,+1.49%,+2.64%,-1.72%,+0.44%,+1.88%,+2.13%,-1.25%,+4.23%,-2.17%,+0.28%
6199.TWO,-5.75%,-0.24%,-2.69%,-1.01%,+6.09%,+4.78%,-2.05%,-2.56%,-1.91%,+7.32%
3234.TWO,-1.60%,+2.38%,-1.35%,-0.25%,+0.87%,-1.23%,+5.87%,-0.24%,-0.12%,-2.49%
2063.TWO,+1.43%,+0.00%,-0.71%,+0.18%,-0.35%,+0.00%,+0.00%,+0.00%,+0.89%,-1.76%
5011.TWO,+0.32%,+0.00%,+0.00%,+0.00%,-0.32%,+0.00%,+0.32%,+0.32%,+0.00%,-0.32%
4417.TWO,+3.42%,-0.64%,-0.26%,-0.26%,+0.26%,-0.51%,+0.39%,-0.39%,+0.26%,+0.64%
6204.TWO,-0.71%,-0.47%,+0.71%,-1.18%,+1.44%,+0.00%,-0.47%,-0.24%,+0.00%,+0.48%
8098.TWO,+0.00%,+0.00%,+0.00%,+0.00%,+0.00%,+0.00%,+0.00%,+0.00%,+0.00%,+0.00%
4406.TWO,-0.11%,-1.49%,-0.65%,+2.50%,+0.00%,+0.00%,+0.00%,+0.00%,-1.59%,-1.29%
8234.TWO,+0.35%,+0.00%,-1.24%,-0.36%,+1.80%,+0.35%,+0.88%,+0.70%,-0.17%,+0.00%
8084.TWO,-0.15%,+2.93%,-0.60%,-1.36%,+0.76%,-0.30%,+0.30%,+0.00%,-1.52%,+0.00%
4123.TWO,+2.67%,+0.69%,-0.86%,-1.22%,+0.00%,-0.35%,+0.53%,+2.46%,+0.51%,-1.02%
4973.TWO,-1.12%,+0.45%,-0.23%,-0.45%,+0.91%,+0.23%,+0.45%,+0.00%,+0.22%,-0.45%
4728.TWO,-0.39%,-0.26%,+0.00%,+0.78%,-1.54%,+0.52%,-0.65%,-0.65%,+0.00%,+0.66%
4305.TWO,+0.00%,-1.08%,-0.16%,+0.00%,+0.00%,+0.63%,-0.62%,+1.56%,+0.00%,+0.15%
4413.TWO,+0.00%,+0.00%,+0.00%,+0.00%,+0.00%,+0.00%,+0.00%,+0.00%,+0.00%,+0.00%
5512.TWO,+4.14%,-1.05%,-0.32%,-0.74%,+0.21%,+0.64%,+0.85%,+1.37%,+0.21%,-0.93%
3221.TWO,+1.34%,-1.06%,+0.00%,+0.27%,+0.27%,+0.80%,-0.26%,+0.00%,-0.26%,+1.33%
6441.TWO,-2.23%,+2.37%,+0.00%,+0.00%,+0.00%,+0.00%,+4.49%,-1.87%,+1.06%,+0.00%
6151.TWO,+0.00%,+0.75%,+0.19%,-0.37%,+0.00%,+0.00%,-0.93%,+0.19%,+0.38%,+0.56%
5478.TWO,+0.00%,-3.47%,+2.40%,+1.17%,+0.64%,+2.55%,+7.47%,+7.30%,-1.73%,-1.43%
8111.TWO,+0.00%,+1.82%,-1.79%,-0.45%,+7.31%,+9.79%,+3.10%,-0.75%,-1.89%,-5.02%
8928.TWO,+0.00%,+0.75%,+0.00%,-0.50%,+0.25%,+2.99%,-0.48%,+0.24%,+0.49%,+2.90%
3531.TWO,-0.37%,-2.63%,+2.70%,-1.32%,+0.57%,+0.57%,-0.94%,-0.19%,+0.57%,+1.14%
3252.TWO,-5.74%,+1.35%,-0.22%,+0.00%,+0.22%,-0.89%,-0.22%,-1.35%,-1.83%,-1.86%
8329.TWO,-0.29%,+0.29%,+1.43%,+0.00%,+0.00%,-2.54%,+1.16%,+2.86%,-1.39%,+3.80%
3093.TWO,-1.09%,+1.74%,-1.86%,-0.16%,+4.75%,-2.87%,+0.00%,+0.16%,+2.18%,+0.00%
8076.TWO,+3.75%,-1.42%,-0.44%,+0.45%,+1.56%,+0.00%,-1.09%,+1.44%,-0.87%,-0.22%
6138.TWO,+2.02%,+3.17%,+0.51%,-0.26%,+4.99%,+1.83%,-2.75%,+1.97%,+0.48%,-0.24%
5529.TWO,-9.85%,-6.72%,+0.45%,-1.35%,-3.18%,+1.88%,-0.92%,-6.05%,-3.17%,-3.58%
8477.TWO,-1.51%,-2.11%,-2.16%,+0.60%,+0.20%,+0.99%,+1.57%,-0.19%,-0.97%,-1.18%
8936.TWO,-0.48%,-1.91%,+0.24%,+0.00%,+1.95%,+0.00%,+2.15%,+0.23%,+0.70%,+0.46%
6508.TWO,+0.00%,+0.00%,+0.00%,-0.19%,+0.57%,-0.57%,+0.19%,+0.19%,+0.76%,-0.38%
8097.TWO,+0.00%,-1.65%,+0.84%,-2.92%,-0.43%,+1.72%,+0.85%,-0.84%,-1.69%,+0.00%
3131.TWO,+0.28%,-1.94%,-0.28%,-0.57%,-0.85%,+1.15%,-0.28%,+0.85%,+3.95%,-0.82%
2230.TWO,+0.00%,+0.00%,+0.00%,+0.00%,-0.77%,+2.71%,+0.00%,-1.89%,-1.15%,+0.78%
1796.TWO,-3.83%,-0.38%,+0.38%,-0.34%,-0.15%,+0.85%,-0.16%,-0.19%,+0.60%,-0.36%
3675.TWO,+2.20%,-1.49%,+0.50%,+2.17%,+0.82%,+2.43%,-4.27%,-1.32%,-1.34%,+1.87%
8431.TWO,-0.24%,+0.00%,+0.59%,-1.30%,-1.20%,+0.24%,+0.00%,+0.12%,-0.24%,-0.60%
3122.TWO,+0.30%,-0.61%,+0.61%,-1.52%,+0.62%,-0.92%,+0.62%,-1.23%,+0.62%,+0.00%
8937.TWO,-1.75%,+0.00%,+0.45%,+0.00%,+0.00%,+3.11%,-1.29%,+0.44%,-0.43%,+0.87%
6486.TWO,-1.23%,+0.36%,+1.24%,-1.75%,+3.56%,+0.17%,+0.34%,+2.22%,-1.67%,-1.36%
5328.TWO,-0.68%,-2.16%,-1.05%,-1.18%,+0.95%,-1.41%,+0.12%,+0.48%,+1.78%,-0.58%
6163.TWO,+0.87%,+0.43%,+0.00%,-1.29%,+1.31%,+0.00%,+2.16%,+0.42%,-1.26%,-0.43%
6244.TWO,+1.19%,-0.20%,-1.57%,-0.60%,+0.40%,+1.59%,-1.18%,-0.60%,+0.20%,-1.00%
8088.TWO,+0.88%,+0.00%,-1.09%,-0.44%,+0.89%,-0.22%,-0.66%,+0.00%,+1.11%,-1.32%
5386.TWO,-2.96%,-3.61%,+6.34%,-1.08%,-0.68%,+0.69%,+0.00%,+2.47%,+0.67%,-3.05%
8426.TWO,+0.00%,-0.23%,-1.25%,-1.27%,+0.82%,+0.35%,-0.23%,-0.23%,+1.62%,-0.23%
3438.TWO,-2.43%,-0.50%,+0.25%,+5.99%,-2.12%,-1.44%,-0.98%,+0.25%,-0.74%,+4.70%
4946.TWO,+0.34%,-2.35%,+2.58%,+0.00%,+1.17%,+0.83%,+9.87%,+9.88%,+9.95%,+7.81%
5274.TWO,+9.77%,-2.64%,-6.00%,-2.43%,-1.40%,-2.84%,+5.20%,-0.31%,+2.33%,+10.00%
4909.TWO,+0.23%,-0.94%,+0.24%,+0.24%,+0.00%,+0.24%,-0.70%,+0.24%,+0.24%,+0.47%
6016.TWO,-0.30%,-0.30%,-0.45%,-0.60%,+0.30%,+0.30%,+0.00%,+0.15%,+0.00%,+0.15%
8069.TWO,-0.51%,-4.07%,-1.06%,+3.39%,-1.21%,+0.17%,+0.52%,+0.87%,-0.69%,-3.12%
5347.TWO,-0.72%,+3.61%,-0.70%,-1.75%,+2.50%,-1.57%,-1.24%,+2.15%,+1.05%,+0.00%
5248.TWO,-2.23%,+2.32%,-2.24%,+1.52%,-1.18%,-2.23%,+0.04%,+1.12%,+0.80%,+0.29%
6143.TWO,-1.87%,-1.02%,-0.44%,+0.30%,-0.59%,-0.45%,+0.30%,+0.30%,+1.93%,-1.31%
3441.TWO,+2.89%,-1.53%,+10.00%,+3.90%,+7.05%,-0.74%,-9.95%,-2.49%,+2.19%,-0.12%
8080.TWO,+2.33%,-3.03%,-0.78%,+1.18%,-1.17%,-0.39%,-0.40%,-0.79%,+0.00%,-1.60%
5490.TWO,+1.63%,-0.58%,-0.73%,+0.29%,-0.74%,-0.59%,-0.75%,+4.80%,-0.57%,-1.15%
6542.TWO,-3.33%,-1.03%,-1.28%,-1.88%,+0.96%,+3.92%,+9.94%,+9.67%,-3.79%,-0.49%
6263.TWO,+0.37%,+0.00%,+0.55%,-0.91%,-0.18%,+0.55%,+0.92%,+0.55%,-0.54%,+1.09%
6236.TWO,-3.74%,+5.97%,-6.76%,+0.00%,+0.00%,-3.63%,+0.00%,+0.00%,+0.00%,-1.25%
2641.TWO,+0.00%,+0.00%,+0.00%,-2.60%,+0.70%,+0.42%,-0.14%,-0.70%,+1.68%,+3.86%
8432.TWO,+0.54%,+0.53%,-1.86%,-1.08%,+1.37%,+0.13%,+6.73%,+1.26%,+0.12%,+0.00%
6218.TWO,+0.52%,+1.03%,+1.02%,+9.85%,-4.37%,+2.64%,-0.70%,+0.71%,+0.70%,-2.09%
4127.TWO,+3.23%,-1.14%,+0.57%,-0.29%,+0.57%,-1.14%,+0.58%,-0.57%,+0.00%,-9.80%
6217.TWO,-0.88%,+0.44%,+0.00%,-0.44%,+0.30%,+1.18%,-0.15%,+1.02%,+0.00%,-1.88%
6569.TWO,+1.69%,-2.08%,-1.70%,-0.87%,+1.75%,+2.58%,+2.51%,-0.61%,+0.00%,-0.21%
3466.TWO,+0.00%,-0.78%,+0.00%,+0.00%,-0.79%,+1.85%,-0.26%,+0.52%,-1.30%,-2.62%
8921.TWO,-3.53%,+0.00%,+0.00%,+0.00%,+0.66%,-0.33%,+0.00%,+0.00%,+0.00%,+0.00%
3163.TWO,-0.21%,+5.44%,-1.39%,+0.80%,-1.10%,-0.91%,+1.83%,+0.60%,-0.40%,-1.00%
4546.TWO,+3.64%,-0.08%,-1.22%,-0.30%,+1.30%,+1.60%,-0.32%,-2.25%,-1.59%,-3.94%
4186.TWO,+0.11%,+1.03%,-1.20%,-0.82%,+1.01%,+10.07%,-5.43%,-1.71%,-0.87%,+0.00%
8109.TWO,+0.00%,+0.15%,+0.00%,-0.15%,+1.53%,+2.41%,-0.74%,-0.44%,-0.45%,-0.30%
8077.TWO,-0.60%,-1.60%,+0.00%,+2.85%,+0.00%,-5.14%,+2.50%,+0.81%,+3.23%,-0.78%
6512.TWO,+0.70%,-0.17%,-0.87%,+1.22%,+1.21%,+0.68%,-1.36%,-0.34%,-0.17%,+0.35%
3546.TWO,-1.58%,-3.30%,+3.00%,-0.70%,+5.26%,-1.44%,+5.85%,-3.69%,+0.48%,-3.81%
3552.TWO,+1.35%,+0.27%,-3.18%,+1.92%,-1.88%,-1.37%,-1.94%,-0.85%,+1.71%,-0.56%
6241.TWO,-3.26%,+2.02%,-1.32%,+1.00%,+1.66%,+1.30%,-0.96%,+0.32%,+0.00%,+0.00%
3293.TWO,-1.46%,-0.99%,+0.00%,-1.00%,+3.28%,+0.98%,+0.73%,+0.24%,+0.72%,-0.71%
3117.TWO,+0.00%,-4.73%,+0.00%,+3.55%,+0.00%,+0.00%,-3.70%,+0.00%,+0.00%,+1.71%
9960.TWO,+0.33%,+1.65%,+1.30%,+0.48%,+2.88%,-1.24%,+0.79%,+2.96%,+2.73%,+3.10%
8279.TWO,+3.08%,-0.33%,-1.89%,-1.13%,-1.15%,-0.35%,+0.12%,+1.63%,-0.69%,+0.35%
3485.TWO,+1.93%,-0.65%,-1.64%,-0.20%,-1.40%,+0.00%,+1.29%,-1.00%,+1.69%,+3.65%
1595.TWO,-0.41%,-0.93%,-0.42%,-0.63%,+0.95%,+0.31%,-0.21%,+4.17%,-0.60%,+0.60%
6150.TWO,+0.61%,-1.20%,-1.52%,+2.17%,+7.88%,-4.49%,+1.18%,-0.58%,+0.00%,-1.46%
4903.TWO,-1.90%,+0.19%,-0.97%,-1.57%,+0.00%,+5.37%,+0.94%,+4.67%,+5.18%,-1.02%
8444.TWO,+1.18%,+0.58%,+0.87%,+0.00%,+4.02%,-1.10%,-0.56%,-1.12%,-0.28%,+0.28%
6620.TWO,-1.49%,-2.30%,+3.90%,+0.94%,+1.96%,-2.22%,+1.37%,-1.96%,+3.75%,-0.60%
6517.TWO,+0.00%,+0.00%,+0.00%,+0.00%,+0.00%,+0.00%,+0.00%,+0.00%,+0.00%,+0.00%
2643.TWO,+0.50%,+1.38%,-0.74%,+0.12%,-0.50%,+1.50%,+0.12%,-0.61%,+0.00%,+0.00%
3213.TWO,+0.40%,+0.10%,-0.20%,+1.00%,-0.80%,-0.10%,-0.30%,+0.00%,+1.01%,+1.20%
3489.TWO,+0.11%,+0.21%,+0.42%,+0.73%,-0.21%,+1.97%,+9.87%,-5.56%,-0.49%,+0.00%
6126.TWO,+1.14%,-2.63%,+1.54%,+0.00%,+2.66%,-0.37%,-1.12%,-2.26%,+0.38%,+0.38%
8289.TWO,-2.75%,-1.42%,-0.96%,+1.93%,+0.95%,-0.94%,-0.47%,+0.48%,+0.00%,+0.00%
5439.TWO,+1.61%,+2.54%,+3.56%,-1.20%,-0.30%,-1.21%,+0.31%,-0.31%,-1.08%,-0.47%
6423.TWO,+3.05%,-0.03%,-0.31%,-0.35%,+1.76%,-1.26%,+0.07%,+0.33%,+9.44%,+8.45%
4198.TWO,+9.77%,+2.58%,-5.48%,+0.72%,-2.88%,-0.74%,+0.25%,-0.25%,-1.00%,+1.76%
4157.TWO,+3.13%,-1.64%,-2.14%,-0.97%,+2.70%,-2.15%,+0.73%,-0.24%,+3.64%,+0.00%
6546.TWO,-0.97%,-0.65%,+1.64%,-2.52%,-1.99%,+0.68%,+2.68%,-0.65%,+1.97%,+0.65%
5398.TWO,+5.97%,+6.50%,-3.66%,+2.39%,+1.65%,+0.14%,-1.08%,+0.14%,-0.14%,+0.00%
4714.TWO,-0.80%,-2.81%,-2.48%,+1.27%,+1.26%,+0.00%,+0.00%,+2.48%,-0.40%,-1.21%
5432.TWO,+0.20%,-4.81%,+1.05%,-7.08%,+6.50%,+1.05%,+0.83%,+0.41%,+5.35%,-5.47%
2734.TWO,+3.26%,-1.40%,-2.14%,+1.09%,-0.36%,+1.44%,-1.42%,+1.08%,-0.71%,+0.72%
4527.TWO,+1.80%,-0.74%,-0.74%,+0.30%,+0.00%,+1.19%,+0.00%,+0.15%,+0.15%,+1.76%
4541.TWO,-0.20%,+0.00%,+0.00%,-1.80%,-0.82%,+0.00%,+2.06%,-0.60%,-0.81%,+0.00%
8450.TWO,+0.37%,-2.85%,+1.91%,-0.88%,-1.39%,-0.26%,+1.79%,+0.38%,+1.76%,-0.49%
6265.TWO,+0.00%,+0.60%,+0.00%,+0.45%,+0.30%,+0.44%,-0.88%,+0.00%,+0.89%,+0.29%
3206.TWO,+1.59%,-0.45%,+0.00%,+1.35%,+1.33%,+1.97%,-1.07%,-0.43%,+0.43%,+0.87%
5340.TWO,-1.23%,+4.97%,+1.32%,+1.30%,-3.72%,-0.80%,+0.94%,-0.13%,-1.60%,-1.49%
2741.TWO,+0.34%,+6.66%,+4.90%,+2.50%,+3.66%,+0.00%,+1.18%,-8.49%,-0.25%,+0.64%
5302.TWO,+9.97%,+3.11%,+9.97%,+5.97%,-7.32%,-2.07%,+1.74%,-1.46%,+1.49%,+1.46%
8390.TWO,-8.97%,+1.09%,+0.36%,+2.16%,+0.00%,+3.52%,+9.86%,-1.86%,-1.58%,+0.32%
6535.TWO,+1.76%,-1.84%,-1.41%,+0.00%,+0.00%,-1.43%,-0.36%,+0.36%,-0.36%,-0.36%
5240.TWO,+0.00%,+0.00%,+0.00%,+0.00%,+0.00%,+0.00%,+0.00%,+0.00%,+0.00%,+0.00%
3672.TWO,+0.46%,-0.91%,-1.23%,-1.24%,+3.77%,+0.00%,-2.58%,+0.16%,+1.40%,+1.07%
5297.TWO,-1.94%,+2.57%,+0.10%,-2.21%,+0.84%,+0.00%,+0.49%,+3.88%,-2.34%,-2.15%
8383.TWO,+0.40%,+0.00%,-1.38%,+0.00%,+0.40%,+2.79%,+0.00%,-1.55%,-2.85%,+0.81%
4195.TWO,+3.99%,+0.89%,+15.49%,-1.15%,+1.09%,-0.15%,+4.99%,-0.95%,-1.48%,+0.82%
6538.TWO,-0.35%,-2.46%,+0.36%,-0.54%,-0.36%,+0.90%,-0.36%,+0.90%,-0.53%,-0.72%
6228.TWO,+6.78%,-3.17%,-0.82%,-0.83%,+2.50%,+0.81%,-2.42%,+0.00%,-0.83%,+0.00%
6275.TWO,-2.32%,+3.56%,-1.15%,-1.45%,-0.59%,-0.30%,+1.19%,+0.88%,+4.07%,-2.23%
6469.TWO,-2.12%,-0.80%,+0.34%,+2.86%,-1.22%,+0.22%,-0.90%,+0.91%,-0.22%,-0.90%
3659.TWO,+0.00%,+0.00%,-1.56%,+0.00%,-3.33%,+3.45%,-4.92%,+1.00%,+0.00%,-0.83%
5272.TWO,+1.94%,-1.37%,-1.29%,-0.98%,+0.22%,-1.20%,+0.78%,+0.22%,+0.33%,-1.86%
3631.TWO,-0.87%,+0.22%,+5.47%,-1.24%,+0.21%,-0.21%,-0.84%,-0.85%,-1.92%,+1.96%
6613.TWO,-0.16%,+0.31%,+2.05%,-1.38%,+4.35%,+2.75%,-1.43%,-0.48%,+0.72%,+0.95%
5443.TWO,-5.43%,+1.10%,+0.00%,-0.22%,+0.22%,-0.44%,+2.41%,-0.21%,+0.21%,-1.07%
3611.TWO,+3.61%,+1.96%,+0.85%,+0.00%,+0.64%,+0.21%,+1.26%,+0.00%,-2.28%,+1.49%
6219.TWO,+2.42%,-0.94%,+0.38%,-1.91%,+4.39%,-2.80%,+0.48%,-0.48%,-1.92%,+0.49%
5523.TWO,+2.43%,-1.69%,-1.72%,+0.70%,+6.62%,-1.63%,-1.33%,+1.68%,-1.32%,+1.01%
8054.TWO,+0.27%,-0.53%,-1.07%,+0.00%,+1.08%,-0.54%,-0.27%,+0.54%,+0.54%,-0.53%
3680.TWO,+1.16%,+0.57%,-1.99%,-1.01%,-0.73%,-0.59%,+0.89%,+3.38%,-0.57%,-0.57%
4171.TWO,+3.58%,-4.84%,+0.00%,+1.69%,-3.10%,-1.72%,+2.00%,-0.49%,-1.48%,+0.50%
4154.TWO,+0.24%,-0.72%,-1.46%,+0.25%,+5.16%,+9.81%,+10.00%,-3.68%,-2.61%,-2.68%
8093.TWO,+2.53%,+0.00%,+0.00%,+0.49%,+0.98%,-0.49%,-0.16%,+0.33%,+0.33%,-0.49%
5348.TWO,+0.20%,+0.00%,+9.02%,+1.10%,-8.91%,-0.20%,-0.40%,+0.00%,+0.00%,+0.00%
5371.TWO,-0.24%,+0.00%,-0.36%,-0.36%,+0.24%,+1.08%,-0.12%,-1.19%,+1.08%,-0.60%
3541.TWO,+0.98%,-1.95%,+2.32%,+1.62%,+2.23%,-1.56%,+2.22%,+0.62%,+0.62%,-1.83%
4711.TWO,-0.48%,+0.48%,+0.00%,+0.00%,-0.24%,-0.48%,-0.97%,+1.96%,-0.24%,+0.48%
5604.TWO,-0.77%,+0.00%,-1.25%,+0.00%,+0.00%,+0.32%,+0.00%,+0.00%,+0.00%,-0.63%
6488.TWO,-0.62%,-2.08%,+1.91%,-1.46%,-0.42%,+3.19%,-0.62%,-0.83%,+1.46%,+0.00%
4147.TWO,+4.65%,-0.56%,-0.28%,+0.84%,+0.00%,-1.11%,-0.28%,+0.00%,+1.13%,+0.00%
3191.TWO,-3.85%,-6.00%,+2.93%,+1.55%,-0.25%,+5.10%,-1.46%,+2.71%,-1.44%,+0.00%
6547.TWO,-0.21%,+0.48%,+0.27%,+0.82%,+2.03%,+1.06%,+1.25%,-0.03%,-2.11%,+0.53%
6434.TWO,+2.66%,-2.78%,-0.57%,+0.00%,+0.00%,-1.15%,-0.78%,+0.00%,+0.00%,+0.00%
4166.TWO,-2.04%,+2.30%,-2.49%,+2.69%,-2.62%,-0.55%,+0.34%,-1.71%,+0.30%,+1.13%
6101.TWO,+1.28%,-1.26%,-1.12%,+0.32%,+0.00%,-0.64%,-0.32%,+3.57%,-1.57%,-1.59%
2596.TWO,-0.74%,-0.75%,+0.50%,-0.25%,+0.00%,-0.25%,+0.25%,+0.50%,+0.00%,+0.50%
8917.TWO,-3.82%,+4.18%,+0.00%,+0.20%,-0.40%,+0.00%,+0.00%,+0.00%,-4.22%,+0.00%
6527.TWO,-4.52%,+1.95%,+0.00%,-3.31%,-0.32%,+1.73%,-4.22%,-1.78%,+0.00%,+2.83%
3684.TWO,+0.00%,-0.39%,+0.26%,-1.18%,-0.40%,-2.13%,-0.27%,+0.00%,+1.09%,+0.00%
6222.TWO,+8.06%,-5.82%,-3.33%,+0.00%,-2.95%,+0.00%,+0.00%,+0.00%,+0.17%,+0.34%
3227.TWO,+2.50%,-1.83%,-0.62%,+1.37%,-0.99%,-0.37%,+2.00%,+1.72%,-1.57%,+0.12%
4168.TWO,+8.30%,-4.09%,-0.89%,-0.90%,+0.54%,+0.72%,-0.71%,-1.26%,+3.28%,+5.82%
4420.TWO,+1.17%,-0.19%,+0.58%,-0.38%,-0.39%,+1.74%,+0.19%,+0.00%,-0.76%,-0.77%
8227.TWO,+0.00%,+0.00%,+0.00%,+0.00%,+0.00%,+0.00%,+0.00%,+0.00%,+0.00%,+0.00%
5291.TWO,+0.76%,+0.38%,+0.00%,+4.91%,+2.88%,+9.79%,+9.87%,+0.58%,+6.05%,-3.53%
6109.TWO,+5.88%,+0.00%,-2.08%,+0.00%,-2.13%,+0.72%,+1.44%,+0.00%,-1.06%,+0.00%
8455.TWO,+3.56%,+9.96%,-9.88%,-9.87%,-4.06%,-2.11%,+0.65%,+9.87%,+9.96%,+9.95%
4130.TWO,+6.10%,-1.92%,-0.52%,-0.52%,-1.05%,-0.27%,+0.00%,+0.40%,-0.13%,-1.06%
3205.TWO,+7.58%,-1.28%,-0.76%,-0.87%,+1.10%,-1.74%,-2.99%,+1.25%,+0.11%,-1.24%
6125.TWO,-2.26%,+0.84%,-1.77%,-0.64%,+0.32%,+1.60%,+0.63%,+0.42%,+1.45%,-0.82%
6220.TWO,-3.29%,+3.20%,+1.74%,+1.14%,+3.58%,+10.00%,-1.16%,+2.34%,+1.14%,-1.62%
3095.TWO,+6.90%,+0.92%,+0.00%,-1.37%,+0.46%,+3.69%,+4.44%,+4.26%,+8.16%,+9.43%
4911.TWO,+1.84%,-1.15%,-0.50%,+0.00%,+0.83%,+0.66%,-0.66%,+0.33%,+0.33%,+0.00%
6198.TWO,-0.50%,-8.84%,-5.82%,+5.88%,+0.00%,+10.00%,+0.00%,-2.53%,-9.84%,-9.77%
4194.TWO,+0.00%,+0.00%,-1.73%,+0.00%,+0.00%,+0.00%,+2.29%,-1.09%,+0.58%,-0.29%
8255.TWO,+2.30%,-0.90%,-0.45%,+2.74%,+0.00%,-1.78%,+0.00%,+3.17%,+2.19%,+1.29%
6612.TWO,+0.00%,+0.00%,+0.00%,+0.00%,+0.00%,+0.00%,+1.42%,+2.81%,+1.79%,+0.00%
6560.TWO,-6.04%,+0.18%,-1.07%,-2.16%,+0.37%,-1.47%,-2.05%,+1.33%,+1.13%,+9.83%
8299.TWO,+1.21%,+0.51%,+0.34%,-0.34%,+0.85%,+2.35%,+2.79%,+3.51%,-0.77%,+0.62%
6144.TWO,+0.00%,+0.00%,+0.00%,+0.00%,+0.00%,+0.00%,+0.00%,+1.50%,+0.00%,+9.36%
3555.TWO,+0.30%,+0.30%,+0.00%,-0.45%,+2.41%,+0.44%,-0.15%,-0.29%,-0.29%,+0.29%
3551.TWO,+0.87%,+0.00%,-0.35%,-0.69%,-0.52%,+0.70%,+2.09%,+0.00%,+0.00%,-0.51%
3570.TWO,-0.83%,+0.00%,+1.46%,+0.62%,-0.82%,+1.75%,+2.12%,-0.99%,+0.00%,-0.10%
3207.TWO,-1.98%,+1.01%,+0.00%,-0.10%,+0.10%,+0.00%,-3.60%,-0.41%,-0.10%,+0.10%
6470.TWO,-2.05%,-3.38%,-1.50%,+0.17%,-1.01%,+3.92%,-1.64%,+0.83%,+1.82%,-0.16%
3067.TWO,-1.21%,+2.45%,-1.20%,-1.21%,+0.82%,+0.00%,+0.00%,+0.81%,+1.20%,+0.00%
4939.TWO,-0.69%,+0.70%,+1.39%,-1.71%,-0.35%,+1.75%,+7.22%,-3.53%,+0.00%,+0.33%
8401.TWO,+0.44%,-1.32%,+0.44%,+0.00%,+0.00%,-1.33%,+1.35%,-0.44%,-0.89%,+0.00%
3567.TWO,+2.76%,-1.68%,+1.02%,-1.01%,+0.51%,+0.34%,+0.17%,+0.68%,+0.34%,-1.34%
3678.TWO,-2.60%,-2.44%,+0.00%,+0.00%,+0.00%,-2.28%,+0.00%,+0.00%,+0.00%,+0.00%
2640.TWO,+2.81%,-1.11%,-0.41%,+1.03%,+0.41%,-0.20%,-0.41%,+0.20%,+0.71%,+1.72%
3217.TWO,-2.32%,-0.59%,+1.20%,-0.20%,-0.20%,-0.59%,+2.19%,+0.39%,+1.94%,+0.38%
4172.TWO,+0.27%,+1.52%,+0.40%,-2.98%,-4.02%,-8.28%,+2.72%,-2.15%,-0.46%,+0.21%
3492.TWO,+3.57%,-0.72%,+6.08%,+3.41%,-0.66%,+1.46%,+0.13%,-0.52%,+1.05%,+4.42%
6555.TWO,-0.24%,+0.14%,-8.36%,+0.00%,+0.00%,-1.53%,+0.19%,+3.79%,+2.80%,+1.27%
1594.TWO,+0.00%,+0.00%,+0.51%,+0.00%,-0.77%,+0.00%,+0.00%,-0.13%,-0.39%,+0.00%
6134.TWO,-1.21%,-1.64%,-1.25%,+0.00%,+0.42%,-0.84%,+0.85%,-0.42%,-2.95%,+0.87%
4534.TWO,-2.40%,-0.20%,+0.62%,+1.43%,+0.20%,+0.20%,-0.60%,-0.81%,+0.41%,+6.88%
4113.TWO,-0.40%,+1.02%,-1.01%,-0.81%,-0.10%,-1.54%,+0.94%,-0.10%,+1.14%,+0.00%
4131.TWO,+5.79%,+1.40%,+6.52%,-1.06%,+1.07%,-5.54%,-6.98%,+9.65%,+0.00%,+1.47%
6462.TWO,+1.19%,-0.88%,+2.07%,-4.35%,+0.30%,+1.21%,-0.30%,+1.50%,+5.60%,+1.12%
3687.TWO,+0.00%,-0.72%,-0.36%,+0.36%,+0.48%,-0.60%,+2.18%,+2.72%,+9.91%,+9.85%
3147.TWO,-0.64%,+1.28%,-1.27%,+0.00%,+0.00%,+0.00%,-2.82%,+0.00%,+0.00%,+0.00%
3520.TWO,-3.60%,-1.24%,+1.26%,-2.49%,+0.00%,-1.28%,+1.72%,+0.85%,+3.78%,+0.40%
4523.TWO,-1.44%,-0.29%,+0.88%,-1.16%,+10.00%,+0.27%,-2.40%,-0.82%,+3.03%,-1.60%
6156.TWO,+8.78%,-5.09%,+0.92%,-4.76%,+1.92%,+2.26%,-1.11%,+0.75%,-1.11%,-0.75%
6506.TWO,-1.69%,+1.29%,-1.06%,+0.86%,+0.43%,+0.21%,+0.85%,-0.21%,+0.21%,-0.21%
4702.TWO,+2.23%,+1.40%,-2.31%,-5.04%,+0.17%,+3.31%,-2.88%,+0.50%,+1.81%,+3.23%
2740.TWO,+2.00%,+0.00%,-0.71%,-1.80%,+0.00%,+0.37%,-0.36%,-0.37%,-2.57%,-1.13%
2237.TWO,+0.00%,+0.00%,+0.00%,+4.22%,+3.39%,-1.68%,+0.00%,+0.16%,-0.89%,+1.23%
5487.TWO,+0.40%,+0.40%,+0.00%,+0.40%,+1.00%,+1.39%,+0.78%,+0.00%,-0.19%,+0.00%
4549.TWO,-2.99%,+1.42%,+0.23%,+0.35%,+0.23%,-1.39%,-0.12%,-0.12%,+0.47%,+0.35%
8096.TWO,-1.94%,+0.00%,-1.32%,-1.67%,+0.34%,-1.01%,+0.68%,+1.69%,+0.00%,-1.00%
6510.TWO,+0.44%,+2.65%,-0.86%,-1.30%,+0.44%,+2.19%,+9.87%,+6.64%,+0.73%,-0.36%
4163.TWO,+2.08%,-1.63%,-2.90%,-0.85%,+0.86%,+1.71%,+0.00%,+0.00%,+1.26%,+0.41%
5450.TWO,+0.00%,+0.49%,+1.22%,-2.89%,+1.24%,-0.49%,+2.22%,-0.96%,+0.00%,-0.73%
4304.TWO,+0.00%,+0.82%,-1.09%,-1.10%,+3.19%,-1.08%,-0.41%,+1.09%,-3.65%,+4.21%
9950.TWO,-0.73%,+0.37%,-0.37%,-0.74%,+0.00%,-0.37%,-0.74%,+4.49%,-1.43%,-0.36%
3230.TWO,-0.71%,-0.57%,+0.57%,+0.71%,+0.85%,-0.28%,+6.74%,+0.13%,-1.45%,-1.33%
6170.TWO,+0.22%,+0.22%,+0.11%,+0.22%,-0.56%,+0.11%,-0.56%,-0.56%,+0.11%,-0.23%
3363.TWO,-0.87%,-0.58%,+5.88%,+1.11%,+3.43%,+0.40%,-1.19%,-2.41%,+1.37%,-0.41%
6121.TWO,-1.09%,-0.60%,+0.20%,-0.10%,+0.10%,-0.20%,-0.30%,-0.10%,+0.20%,+0.00%
6549.TWO,+0.98%,+0.65%,-0.32%,+4.19%,+8.98%,+12.73%,-5.49%,-6.19%,+0.00%,+2.33%
6229.TWO,+1.05%,-3.47%,-0.36%,+0.36%,-0.36%,-0.36%,-0.72%,+0.73%,-1.09%,+0.00%
4950.TWO,+0.00%,+0.00%,+0.25%,+0.00%,-0.25%,+0.00%,+0.00%,+0.00%,+0.00%,+0.00%
6523.TWO,-0.54%,-0.27%,-2.18%,+0.28%,+0.28%,+1.39%,+1.09%,+0.27%,-0.54%,+0.27%
3276.TWO,-0.36%,-1.08%,+1.09%,-1.81%,+5.15%,+0.35%,+0.00%,-2.09%,-1.07%,+1.44%
3162.TWO,-0.35%,+9.93%,+10.00%,+9.97%,+9.87%,+5.34%,+1.38%,+4.09%,-3.93%,-10.00%
3491.TWO,-0.38%,-1.64%,+0.77%,-1.40%,-0.90%,+0.13%,+1.69%,+2.81%,-0.62%,+1.75%
5864.TWO,+1.40%,-1.26%,-1.15%,+0.13%,+0.64%,-1.53%,+0.00%,+0.00%,-1.17%,+2.50%
6583.TWO,+0.00%,+0.00%,+0.00%,-0.53%,+0.00%,+0.00%,+0.00%,+0.00%,+0.00%,+0.00%
5016.TWO,-0.45%,+0.90%,+0.15%,+0.00%,+0.45%,+2.08%,+1.16%,+0.29%,-2.15%,+1.02%
6603.TWO,+3.03%,+0.00%,-0.84%,+1.27%,+0.42%,-0.42%,-0.84%,-0.42%,+0.00%,+0.42%
3483.TWO,-0.86%,-3.29%,-3.58%,+0.93%,-0.37%,-0.92%,+0.75%,+0.00%,+0.37%,-0.55%
6417.TWO,-0.53%,-4.41%,-1.26%,+2.41%,-0.83%,+0.42%,+0.56%,+0.41%,+0.41%,+1.37%
6208.TWO,-1.40%,+0.57%,+1.13%,-3.07%,+2.31%,-2.54%,+0.29%,+0.00%,-3.17%,+0.30%
6274.TWO,+1.00%,+1.58%,-2.34%,-0.90%,+0.20%,-0.50%,+0.81%,+2.40%,+0.98%,-3.10%
6539.TWO,+1.13%,-1.50%,+3.44%,-4.06%,+4.62%,+2.93%,+2.14%,-2.65%,+2.01%,+0.70%
8183.TWO,+0.27%,-0.54%,-2.17%,-0.28%,+4.17%,+4.00%,+0.00%,+0.51%,-1.28%,-2.84%
8277.TWO,-0.48%,+0.49%,-1.93%,-0.49%,+0.00%,+1.49%,+1.46%,-0.48%,-0.97%,+0.98%
5392.TWO,+1.94%,-1.14%,+3.65%,-1.30%,+1.32%,+0.56%,+0.37%,+1.29%,-0.73%,-2.38%
4105.TWO,+1.49%,+0.49%,-0.49%,-1.47%,-0.50%,-0.80%,+0.30%,-0.80%,+0.61%,+0.70%
5262.TWO,-2.44%,+0.00%,+0.50%,+1.16%,-1.64%,+2.50%,-1.63%,+0.00%,-0.83%,+1.50%
6227.TWO,+0.48%,+4.29%,+2.74%,+0.67%,-1.99%,-0.90%,-0.68%,+0.00%,+5.03%,-2.40%
3228.TWO,-0.34%,-0.35%,+0.35%,+0.00%,+0.35%,+0.00%,+0.00%,-0.34%,+0.35%,+1.72%
6020.TWO,+0.00%,+0.00%,-0.77%,-0.78%,+0.78%,-0.78%,-0.39%,+0.39%,+0.00%,-0.78%
6270.TWO,+0.90%,+0.00%,-0.90%,+0.90%,+0.45%,+0.45%,+0.00%,-0.89%,-0.45%,+0.00%
8927.TWO,+0.57%,-1.26%,+0.00%,+1.85%,+2.27%,-1.33%,-1.01%,-1.25%,+0.46%,+1.49%
8440.TWO,-4.45%,-0.37%,-0.48%,+0.00%,-0.05%,+0.00%,-0.05%,+0.00%,+0.00%,-4.87%
6021.TWO,+0.84%,-0.73%,-0.73%,-1.27%,-0.53%,-0.64%,-0.22%,+1.19%,+2.25%,-0.63%
3272.TWO,-1.51%,+0.47%,+0.00%,-1.41%,+0.84%,+1.89%,+0.70%,+5.19%,-0.55%,+1.21%
4745.TWO,+1.58%,-1.11%,-0.22%,-0.45%,+0.00%,+1.58%,-0.56%,+0.56%,+0.33%,+0.00%
5381.TWO,+2.76%,-0.34%,-0.67%,-4.41%,-0.71%,-1.43%,-0.36%,+0.00%,+0.36%,+5.80%
8121.TWO,-0.48%,-0.49%,-0.98%,-1.97%,+0.30%,+4.21%,+0.00%,-2.40%,-0.49%,+0.50%
3630.TWO,-0.66%,-0.78%,+0.78%,+0.56%,+0.99%,+9.85%,-7.27%,+0.75%,-1.49%,-3.57%
6565.TWO,-7.69%,+2.78%,+1.51%,-3.89%,+0.00%,-0.64%,+0.67%,-2.24%,-0.65%,+1.14%
8040.TWO,+0.14%,-0.28%,-0.14%,+5.68%,-1.31%,+0.93%,-1.18%,+9.99%,-3.87%,-0.13%
8067.TWO,+0.21%,+0.00%,+0.00%,+1.27%,-1.25%,+0.63%,+1.05%,-1.87%,+2.54%,+0.62%
3349.TWO,-0.07%,-6.83%,+0.00%,-1.19%,+0.00%,-10.27%,+7.18%,-2.73%,+0.00%,+0.16%
6584.TWO,+0.00%,+2.11%,+0.00%,+0.00%,+0.00%,-3.09%,-4.69%,+1.25%,+0.00%,-0.23%
3666.TWO,-0.65%,-0.44%,+0.00%,-0.22%,-0.88%,+0.89%,-0.88%,+1.56%,-1.09%,+0.00%
5245.TWO,+3.81%,-0.41%,-2.05%,-1.67%,-0.85%,-1.29%,-0.43%,+0.00%,+0.87%,-0.43%
6237.TWO,+0.77%,+0.00%,-0.76%,-1.79%,+0.78%,+2.59%,+1.26%,+1.25%,+1.97%,-0.72%
3689.TWO,-0.49%,-2.95%,-1.52%,+0.00%,-0.39%,+0.00%,+0.26%,+0.13%,+1.93%,-1.01%
3354.TWO,-2.64%,-3.17%,+3.74%,-1.35%,-1.37%,+0.46%,+0.00%,+0.92%,-1.37%,+1.39%
8092.TWO,+0.00%,+0.36%,+0.00%,-1.66%,+0.12%,+1.81%,-1.07%,+0.96%,+1.07%,+0.47%
2066.TWO,+1.00%,-1.19%,+2.20%,-0.98%,+0.00%,+1.98%,-2.43%,+1.49%,+2.45%,+0.00%
5905.TWO,+1.79%,+0.38%,+0.25%,+0.75%,-0.25%,+0.62%,-0.12%,+1.12%,+0.61%,+0.24%
1569.TWO,-3.49%,-0.94%,-2.16%,+0.97%,+1.09%,+1.49%,+3.47%,+2.71%,-2.51%,+0.64%
6233.TWO,+0.00%,-2.35%,-2.40%,-1.48%,+10.00%,+2.73%,-3.10%,+2.28%,-1.79%,-2.27%
00687B.TWO,+0.36%,-0.18%,+0.56%,+1.17%,+0.33%,-0.72%,+0.50%,-0.40%,-0.05%,+0.18%
6465.TWO,+2.21%,+0.00%,+0.00%,-1.44%,+0.88%,+2.03%,-0.43%,-0.28%,+1.43%,+0.28%
4804.TWO,-2.42%,-3.47%,+0.34%,+0.17%,+0.00%,+0.00%,+0.17%,+1.53%,+1.17%,-0.66%
3176.TWO,+2.63%,-1.47%,-0.74%,+0.00%,+0.19%,+0.00%,-0.75%,+0.38%,+0.38%,+0.75%
6559.TWO,-0.97%,+0.00%,-0.59%,-1.54%,+3.52%,-1.72%,+0.35%,+1.36%,-0.31%,-1.21%
3178.TWO,+1.51%,+0.61%,+2.43%,-1.06%,+0.48%,+0.81%,+11.67%,-1.06%,-1.83%,-0.88%
8043.TWO,+0.00%,+1.74%,-1.71%,+0.29%,-1.16%,-0.29%,+0.29%,+0.29%,+0.00%,+0.58%
3374.TWO,+5.18%,+2.05%,-2.92%,-2.49%,-0.64%,-0.21%,-0.32%,-2.04%,+6.70%,+1.95%
8086.TWO,+2.04%,-1.50%,-0.68%,+0.85%,-1.18%,-0.51%,+0.69%,+0.00%,+0.85%,-1.36%
8147.TWO,-1.70%,+0.86%,-1.14%,+0.43%,+2.88%,+1.82%,-1.10%,-0.14%,-1.25%,-1.41%
7443.TWO,+0.00%,+0.00%,+0.00%,+0.00%,+0.00%,+0.00%,+1.27%,-1.26%,+0.00%,+0.00%
3580.TWO,+4.99%,-0.90%,+1.17%,-0.64%,+8.77%,+3.20%,-4.25%,+3.36%,-1.63%,-3.90%
6292.TWO,-1.45%,-0.88%,-0.89%,+1.49%,+0.00%,+0.29%,+0.88%,+0.00%,+0.44%,+0.29%
3264.TWO,+1.79%,+0.78%,+0.00%,+0.19%,-0.39%,+0.39%,+0.39%,+0.00%,-0.19%,-1.73%
8358.TWO,+3.31%,-0.80%,-0.71%,-0.71%,+0.20%,+1.02%,+1.41%,-0.40%,-0.80%,-1.51%
5902.TWO,-1.02%,-1.38%,+0.70%,-0.69%,-1.75%,-1.07%,-1.44%,+0.00%,-1.46%,+1.11%
4303.TWO,-6.84%,+1.50%,+2.63%,-1.44%,+1.95%,-0.16%,+0.00%,+0.00%,+0.16%,-1.12%
6568.TWO,+4.40%,-2.98%,-3.32%,-2.65%,-1.09%,+0.27%,+1.64%,-0.54%,+2.44%,-3.44%
6174.TWO,-1.30%,+0.66%,+1.31%,+0.97%,-0.64%,+0.00%,-0.64%,-0.65%,-1.30%,-0.33%
5364.TWO,+0.00%,+0.00%,+0.44%,-0.66%,+0.44%,+0.00%,+0.00%,+0.00%,-0.66%,+0.00%
3623.TWO,+0.82%,+0.51%,-0.30%,+0.30%,+0.20%,+0.00%,+0.51%,-0.70%,-0.81%,-0.82%
8929.TWO,+6.64%,+9.81%,-6.01%,+2.38%,+2.68%,+0.17%,-3.12%,+0.54%,-1.60%,+0.18%
2938.TWO,+0.00%,+1.45%,+0.00%,+0.00%,-4.27%,+0.00%,-0.21%,+0.00%,+0.62%,-0.85%
5483.TWO,+0.46%,-3.89%,+0.83%,+3.31%,+1.83%,+6.07%,-0.32%,+0.00%,-1.06%,-0.21%
3066.TWO,-6.59%,-1.44%,-0.49%,-0.61%,-0.74%,-5.93%,+2.50%,+1.67%,-1.64%,-3.33%
3624.TWO,-2.02%,-3.60%,+0.00%,+0.27%,+1.86%,-0.52%,+0.00%,+1.57%,+0.26%,+0.00%
3085.TWO,+0.44%,+4.80%,+4.17%,-1.80%,-0.20%,+0.00%,-0.82%,+0.00%,-0.41%,+3.31%
8099.TWO,-0.76%,-1.28%,+1.30%,+0.77%,-0.51%,+2.81%,-1.49%,+0.00%,+0.51%,-0.50%
3073.TWO,-1.95%,+0.50%,-0.99%,-1.10%,+0.10%,-0.51%,+0.51%,+0.00%,+0.10%,+0.50%
8924.TWO,-0.82%,+1.24%,-1.63%,+0.00%,+0.41%,-1.24%,+0.42%,-0.42%,-0.84%,+0.42%
1259.TWO,+4.21%,+4.28%,+1.29%,-1.51%,+0.00%,+10.00%,-3.53%,+0.22%,+1.77%,-3.37%
6498.TWO,-0.18%,+0.00%,+1.45%,-3.23%,-4.07%,-0.58%,-0.97%,-0.78%,+2.77%,+3.85%
8087.TWO,-0.23%,-0.12%,+0.00%,-0.58%,+0.00%,+0.00%,-0.35%,+0.47%,+0.00%,+2.09%
2736.TWO,+0.82%,-0.54%,-0.27%,+6.04%,-3.11%,-0.80%,+0.27%,+0.27%,-1.34%,+0.82%
5520.TWO,+0.00%,+0.00%,-0.18%,+0.00%,+0.00%,+0.00%,+0.18%,+0.00%,+0.36%,+0.00%
4979.TWO,+0.97%,+1.76%,-1.88%,+0.48%,-0.80%,+0.00%,+9.15%,-3.09%,-0.15%,-0.76%
4553.TWO,+0.00%,+0.57%,-0.74%,+0.72%,+0.00%,-0.74%,+0.00%,+0.43%,+0.63%,-0.57%
4971.TWO,+0.38%,-2.78%,+0.26%,+0.00%,-1.82%,+0.53%,+2.63%,+3.85%,+0.37%,+0.86%
6425.TWO,+0.79%,-1.05%,+0.58%,-1.02%,+0.00%,+0.00%,-1.72%,+0.00%,+0.00%,-0.32%
5498.TWO,-0.98%,+0.49%,-1.96%,-0.20%,+0.10%,-0.40%,+0.20%,+0.30%,+1.00%,+0.00%
1785.TWO,-2.46%,-1.26%,-2.13%,+3.91%,-2.51%,-0.86%,+0.00%,+0.00%,+2.16%,+0.00%
3152.TWO,-0.99%,+1.33%,+0.49%,+1.15%,+0.97%,+1.28%,+0.00%,+1.90%,-2.17%,+0.32%
4502.TWO,+9.92%,+4.59%,+9.94%,+9.97%,-3.39%,+5.76%,-0.59%,-2.98%,+2.33%,+0.96%
4170.TWO,-4.89%,+0.00%,-1.71%,-2.91%,+2.46%,+0.53%,-2.33%,+4.17%,+3.37%,-1.33%
6432.TWO,-2.44%,+1.00%,-1.74%,-1.52%,-0.26%,+1.03%,+0.25%,+4.82%,+2.66%,-0.94%
當年度平均,+0.33%,-0.15%,+0.02%,-0.15%,+0.27%,+0.29%,+0.29%,+0.50%,+0.43%,-0.00%
