symbol,name,price,pe,est_price,date,eps,eps_yoy,rev_yoy,expansion,status,advice
4916.TW,事欣科,54.5999984741,13.220338613583534,61.949999999999996,2025-12,1.77,8050.0,0.89,8049.11,🚀 利潤擴張,✅ 穩健價值
3062.TW,建漢,31.0499992371,4.952152988373206,94.05,2025-12,0.68,6600.0,16.55,6583.45,🚀 利潤擴張,💎 強力關注
2547.TW,日勝生,10.5500001907,0.933628335460177,169.5,2025-12,2.85,3612.5,-12.89,3625.39,🧐 疑業外收益,💎 強力關注
6649.TWO,台生材,45.3772506714,10.987227765472156,61.949999999999996,2025-12,1.4,3600.0,128.22,3471.78,🚀 利潤擴張,💎 強力關注
3189.TW,景碩,336.0,44.385733157199475,113.55,2025-12,3.51,3072.73,28.87,3043.86,🚀 利潤擴張,⚠️ 追價風險
5521.TW,工信,12.6499996185,12.524752097524754,15.15,2025-12,0.52,2500.0,27.32,2472.68,🚀 利潤擴張,✅ 穩健價值
4523.TWO,永彰,29.6000003815,0.7738562191241829,573.7500000000001,2025-12,22.26,1562.0,-7.15,1569.15,🧐 疑業外收益,💎 強力關注
1432.TW,大魯閣,17.3500003815,3.1317690219314076,83.1,2025-12,6.03,1502.33,4.63,1497.6999999999998,🔄 轉虧為盈,💎 強力關注
4542.TWO,科嶠,153.1632385254,48.77810144121019,47.1,2025-12,1.28,1500.0,37.66,1462.34,🚀 利潤擴張,⚠️ 追價風險
3708.TW,上緯投控,116.0,3.159901934077908,550.65,2025-12,35.57,1276.65,-30.75,1307.4,🧐 疑業外收益,💎 強力關注
4903.TWO,聯光通,43.8499984741,26.41566173138554,24.9,2025-12,1.02,1357.14,64.51,1292.63,🚀 利潤擴張,⚠️ 追價風險
1815.TWO,富喬,96.5999984741,31.6721306472459,45.75000000000001,2025-12,1.64,1116.67,40.69,1075.98,🚀 利潤擴張,⚠️ 追價風險
5284.TW,jpp-KY,273.5,9.65407695022944,424.95,2025-12,12.05,1105.15,56.24,1048.91,🚀 利潤擴張,💎 強力關注
5488.TWO,松普,10.0,27.027027027027028,5.55,2025-12,0.11,1000.0,-8.11,1008.11,🧐 疑業外收益,⚠️ 追價風險
2331.TW,精英,21.0499992371,4.3854165077291665,72.0,2025-12,1.41,981.25,14.95,966.3,🚀 利潤擴張,💎 強力關注
4123.TWO,晟德,41.7000007629,2.548899802133252,245.39999999999998,2025-12,12.33,905.92,-6.28,912.1999999999999,🧐 疑業外收益,💎 強力關注
6166.TW,凌華,57.0,12.92517006802721,66.15,2025-12,2.35,921.74,17.09,904.65,🚀 利潤擴張,✅ 穩健價值
1529.TW,樂事綠能,22.75,7.871972318339101,43.349999999999994,2025-12,1.01,876.92,32.89,844.03,🚀 利潤擴張,💎 強力關注
3081.TWO,聯亞,1825.0,197.93926247288502,138.3,2025-12,4.66,884.75,82.29,802.46,🚀 利潤擴張,⚠️ 追價風險
6182.TWO,合晶,31.2999992371,0.0,0.0,2025-12,0.09,800.0,12.57,787.43,🔄 轉虧為盈,⚪ 數據不足
2102.TW,泰豐,20.2000007629,13.377483948940393,22.650000000000006,2025-12,6.28,721.43,-0.57,722.0,🔄 轉虧為盈,✅ 穩健價值
4414.TW,如興,0.0,0.0,0.0,2025-12,0.68,700.0,-5.37,705.37,🧐 疑業外收益,⚪ 數據不足
3236.TWO,千如,30.5,122.0,3.75,2025-12,0.32,700.0,10.91,689.09,🚀 利潤擴張,⚠️ 追價風險
2323.TW,中環,10.8999996185,22.708332538541658,7.200000000000003,2025-12,1.58,685.19,-3.39,688.58,🧐 疑業外收益,⚠️ 追價風險
4413.TWO,飛寶企業,18.1000003815,0.0,-9.45,2025-12,0.53,783.33,114.77,668.5600000000001,🔄 轉虧為盈,⚪ 數據不足
4924.TWO,欣厚-KY,10.0500001907,20.937500397291664,7.2,2025-12,0.38,660.0,3.99,656.01,🚀 利潤擴張,⚪ 中性觀察
3002.TW,歐格,18.2000007629,15.964912949912282,17.099999999999998,2025-12,0.36,620.0,16.76,603.24,🚀 利潤擴張,✅ 穩健價值
2344.TW,華邦電,91.8000030518,399.13044805130437,3.4499999999999997,2025-12,0.88,576.92,9.55,567.37,🚀 利潤擴張,⚠️ 追價風險
3054.TW,立萬利,67.4000015259,25.923077509961537,39.0,2025-12,1.96,590.0,26.61,563.39,🚀 利潤擴張,⚠️ 追價風險
6282.TW,康舒,44.0,0.0,-13.950000000000003,2025-12,0.18,550.0,0.1,549.9,🔄 轉虧為盈,⚪ 數據不足
2491.TW,吉祥全,14.8999996185,87.6470565794117,2.5500000000000025,2025-12,1.43,457.5,-10.43,467.93,🧐 疑業外收益,⚠️ 追價風險
3297.TWO,杭特,33.5,27.685950413223143,18.15,2025-12,0.47,461.54,20.59,440.95000000000005,🚀 利潤擴張,⚠️ 追價風險
3555.TWO,博士旺,150.0,0.0,-9.599999999999998,2025-12,1.28,752.94,334.57,418.37000000000006,🔄 轉虧為盈,⚪ 數據不足
2243.TW,宏旭-KY,19.8999996185,22.61363593011364,13.199999999999998,2025-12,1.22,408.33,-9.02,417.34999999999997,🔄 轉虧為盈,⚠️ 追價風險
3167.TW,大量,445.5,25.298126064735943,264.15000000000003,2025-12,8.13,474.47,95.35,379.12,🚀 利潤擴張,⚠️ 追價風險
1413.TW,宏洲,9.8299999237,8.936363567000003,16.499999999999996,2025-12,0.45,364.71,-9.55,374.26,🧐 疑業外收益,💎 強力關注
4764.TW,雙鍵,121.0,46.71814671814672,38.849999999999994,2025-12,1.22,377.27,5.46,371.81,🚀 利潤擴張,⚠️ 追價風險
5490.TWO,同亨,27.4500007629,6.019737009407894,68.4,2025-12,1.69,382.35,12.01,370.34000000000003,🚀 利潤擴張,💎 強力關注
3219.TWO,倚強科,62.5,15.7035175879397,59.699999999999996,2025-12,1.52,406.67,49.68,356.99,🚀 利潤擴張,✅ 穩健價值
2409.TW,友達,16.8500003815,6.633858417913386,38.1,2025-12,0.9,327.5,0.41,327.09,🚀 利潤擴張,💎 強力關注
4439.TW,冠星-KY,84.1999969482,3.923578608956197,321.90000000000003,2025-12,7.73,346.24,29.26,316.98,🚀 利潤擴張,💎 強力關注
2399.TW,映泰,33.7999992371,0.0,-2.7000000000000006,2025-12,0.15,275.0,-14.09,289.09,🔄 轉虧為盈,⚪ 數據不足
2498.TW,宏達電,39.4000015259,1.6450940094321505,359.25,2025-12,7.21,275.85,-5.85,281.70000000000005,🧐 疑業外收益,💎 強力關注
6165.TW,浪凡,0.0,0.0,0.0,2025-12,4.02,288.24,12.97,275.27,🚀 利潤擴張,⚪ 數據不足
4576.TW,大銀微系統,130.5,29.862700228832953,65.55,2025-12,2.01,294.12,20.44,273.68,🚀 利潤擴張,⚠️ 追價風險
2466.TW,冠西電,49.4500007629,0.0,-8.100000000000001,2025-12,0.25,241.18,-14.27,255.45000000000002,🧐 疑業外收益,⚪ 數據不足
1608.TW,華榮,31.2000007629,2.682717176517627,174.45,2025-12,5.5,254.81,0.02,254.79,🚀 利潤擴張,💎 強力關注
1718.TW,中纖,7.3699998856,28.346153406153846,3.9000000000000004,2025-12,0.09,250.0,-0.24,250.24,🧐 疑業外收益,⚠️ 追價風險
4949.TW,有成精密,64.0999984741,14.087911752549452,68.25,2025-12,1.91,240.74,-0.48,241.22,🧐 疑業外收益,✅ 穩健價值
1438.TW,三地開發,28.0,0.0,-2.4000000000000004,2025-12,1.74,237.01,7.93,229.07999999999998,🔄 轉虧為盈,⚪ 數據不足
1456.TW,怡華,14.3000001907,9.727891286190475,22.050000000000004,2025-12,3.41,207.21,-20.46,227.67000000000002,🔄 轉虧為盈,💎 強力關注
3530.TW,晶相光,57.4000015259,27.464115562631584,31.349999999999998,2025-12,1.74,230.83,6.6,224.23000000000002,🚀 利潤擴張,⚠️ 追價風險
2034.TW,允強,20.25,21.09375,14.399999999999999,2025-12,0.21,200.0,-13.63,213.63,🧐 疑業外收益,⚪ 中性觀察
4167.TWO,松瑞藥,21.1499996185,3.8176894618231048,83.1,2025-12,1.72,203.51,-1.28,204.79,🧐 疑業外收益,💎 強力關注
4744.TWO,皇將,38.9000015259,8.781038719164787,66.44999999999999,2025-12,2.51,216.0,12.21,203.79,🚀 利潤擴張,💎 強力關注
6902.TW,GOGOLOOK,74.0,35.406698564593306,31.349999999999998,2025-12,1.58,222.58,20.92,201.66000000000003,🚀 利潤擴張,⚠️ 追價風險
2316.TW,楠梓電,99.5999984741,3.1861803734516956,468.90000000000003,2025-12,13.38,212.47,12.25,200.22,🚀 利潤擴張,💎 強力關注
1796.TWO,金穎生技,40.7000007629,30.14814871325926,20.249999999999996,2025-12,0.7,229.63,29.92,199.70999999999998,🚀 利潤擴張,⚠️ 追價風險
6840.TWO,東研信超,59.5,17.44868035190616,51.15,2025-12,1.58,205.88,8.46,197.42,🚀 利潤擴張,⚪ 中性觀察
3191.TWO,雲嘉南,13.5,28.124999999999996,7.2,2025-12,0.51,189.47,-7.75,197.22,🧐 疑業外收益,⚠️ 追價風險
3048.TW,益登,34.1500015259,8.452970674727725,60.59999999999999,2025-12,2.01,195.71,2.05,193.66,🚀 利潤擴張,💎 強力關注
6202.TW,盛群,45.2999992371,19.868420718026318,34.199999999999996,2025-12,0.76,213.64,22.23,191.41,🚀 利潤擴張,⚪ 中性觀察
2413.TW,環科,48.5499992371,0.0,-9.6,2025-12,0.41,193.18,3.52,189.66,🔄 轉虧為盈,⚪ 數據不足
1516.TW,川飛,20.3500003815,1017.500019074999,0.30000000000000027,2025-12,0.04,100.65,-87.0,187.65,🧐 疑業外收益,⚠️ 追價風險
6112.TW,邁達特,42.9500007629,11.453333536773332,56.25,2025-12,1.82,203.33,18.84,184.49,🚀 利潤擴張,💎 強力關注
6246.TWO,臺龍,16.9500007629,22.905406436351356,11.099999999999998,2025-12,1.14,186.36,6.56,179.8,🔄 轉虧為盈,⚠️ 追價風險
4746.TW,台耀,0.0,0.0,0.0,2025-12,3.67,180.15,2.54,177.61,🚀 利潤擴張,⚪ 數據不足
3609.TWO,三一東林,26.8999996185,2.4678898732568806,163.5,2025-12,6.42,248.27,70.72,177.55,🚀 利潤擴張,💎 強力關注
6573.TW,虹揚-KY,12.25,8.876811594202898,20.7,2025-12,1.23,163.4,-13.43,176.83,🧐 疑業外收益,💎 強力關注
6719.TW,力智,159.5,11.232394366197182,213.00000000000003,2025-12,6.58,198.64,23.89,174.75,🚀 利潤擴張,💎 強力關注
6127.TWO,九豪,40.3499984741,20.174999237050002,29.999999999999996,2025-12,0.47,173.44,-1.13,174.57,🧐 疑業外收益,⚪ 中性觀察
4556.TWO,旭然,26.7999992371,16.242423780060605,24.750000000000004,2025-12,0.92,170.59,-3.75,174.34,🧐 疑業外收益,⚪ 中性觀察
5703.TWO,亞都,13.3000001907,14.777777989666667,13.5,2025-12,0.53,178.95,5.62,173.32999999999998,🚀 利潤擴張,✅ 穩健價值
6209.TW,今國光,50.2000007629,33.02631629138157,22.800000000000004,2025-12,0.92,222.67,50.65,172.01999999999998,🚀 利潤擴張,⚠️ 追價風險
6841.TWO,長佳智能,60.0999984741,27.19456944529411,33.150000000000006,2025-12,0.89,183.87,12.23,171.64000000000001,🚀 利潤擴張,⚠️ 追價風險
7610.TW,聯友金屬-創,0.0,0.0,0.0,2025-12,5.45,194.08,27.9,166.18,🚀 利潤擴張,⚪ 數據不足
1587.TW,吉茂,36.2000007629,52.463769221594205,10.35,2025-12,0.37,188.1,23.11,164.99,🚀 利潤擴張,⚠️ 追價風險
2486.TW,一詮,149.0,480.64516129032256,4.65,2025-12,0.22,175.0,10.09,164.91,🚀 利潤擴張,⚠️ 追價風險
6994.TW,富威電力,0.0,0.0,0.0,2025-12,6.34,328.87,164.5,164.37,🚀 利潤擴張,⚪ 數據不足
6596.TWO,寬宏藝術,97.1999969482,2.1011672492044964,693.9,2025-12,18.83,242.99,78.68,164.31,🚀 利潤擴張,💎 強力關注
6265.TWO,方土昶,36.6500015259,0.0,-11.25,2025-12,0.68,223.81,62.85,160.96,🔄 轉虧為盈,⚪ 數據不足
5439.TWO,高技,276.5,9.531196139262324,435.15,2025-12,13.74,291.45,130.83,160.61999999999998,🚀 利潤擴張,💎 強力關注
3489.TWO,森寶,23.1000003815,0.0,-4.95,2025-12,-0.09,89.89,-69.84,159.73000000000002,🧐 疑業外收益,⚪ 數據不足
4526.TW,東台,33.1500015259,4.655899090716292,106.8,2025-12,1.81,150.56,-6.62,157.18,🧐 疑業外收益,💎 強力關注
6684.TWO,安格,42.7000007629,3.375494131454545,189.75000000000003,2025-12,1.57,137.2,-15.36,152.56,🧐 疑業外收益,💎 強力關注
6838.TW,台新藥,27.9500007629,0.0,-13.5,2025-12,-0.55,58.65,-93.38,152.03,🧐 疑業外收益,⚪ 數據不足
4157.TWO,太景*-KY,11.3500003815,0.0,-5.8500000000000005,2025-12,0.06,220.0,72.24,147.76,🔄 轉虧為盈,⚪ 數據不足
3252.TWO,海灣,20.0499992371,125.31249523187499,2.4,2025-12,0.13,141.94,-3.71,145.65,🔄 轉虧為盈,⚠️ 追價風險
3162.TWO,精確,58.7999992371,13.154362245436241,67.05000000000001,2025-12,1.7,209.26,65.48,143.77999999999997,🚀 利潤擴張,✅ 穩健價值
3673.TW,TPK-KY,44.2999992371,6.204481685868348,107.1,2025-12,2.71,133.62,-8.77,142.39000000000001,🧐 疑業外收益,💎 強力關注
6236.TWO,中湛,21.6000003815,80.00000141296296,4.050000000000001,2025-12,0.08,119.51,-20.68,140.19,🧐 疑業外收益,⚠️ 追價風險
6708.TWO,天擎,40.4000015259,93.95349192069769,6.449999999999999,2025-12,0.25,180.65,42.33,138.32,🚀 利潤擴張,⚠️ 追價風險
5227.TWO,立凱-KY,23.3500003815,37.0634926690476,9.450000000000005,2025-12,0.17,104.91,-32.24,137.15,🧐 疑業外收益,⚠️ 追價風險
6485.TWO,點序,78.0,61.904761904761905,18.9,2025-12,0.71,152.21,16.84,135.37,🔄 轉虧為盈,⚠️ 追價風險
2408.TW,南亞科,200.5,0.0,-28.5,2025-12,2.13,229.88,95.09,134.79,🔄 轉虧為盈,⚪ 數據不足
3709.TWO,鑫聯大投控,63.4000015259,4.627737337656934,205.50000000000003,2025-12,7.11,178.19,44.32,133.87,🚀 利潤擴張,💎 強力關注
3466.TWO,德晉,33.9000015259,0.0,-57.45,2025-12,-1.11,58.98,-72.48,131.46,🧐 疑業外收益,⚪ 數據不足
4934.TW,太極,15.9499998093,0.0,-35.85,2025-12,-0.95,54.11,-75.71,129.82,🧐 疑業外收益,⚪ 數據不足
2607.TW,榮運,51.5,5.926352128883774,130.35,2025-12,3.56,108.46,-19.52,127.97999999999999,🧐 疑業外收益,💎 強力關注
5386.TWO,青雲,276.0,18.03921568627451,229.49999999999997,2025-12,8.61,159.21,32.59,126.62,🚀 利潤擴張,⚪ 中性觀察
3540.TWO,曜越,0.0,0.0,0.0,2025-12,0.74,155.22,29.09,126.13,🚀 利潤擴張,⚪ 數據不足
3105.TWO,穩懋,376.0,80.86021505376344,69.75,2025-12,4.0,120.99,-4.69,125.67999999999999,🧐 疑業外收益,⚠️ 追價風險
6276.TWO,安鈦克,33.0,11.340206185567009,43.650000000000006,2025-12,0.92,142.59,20.19,122.4,🚀 利潤擴張,💎 強力關注
1512.TW,瑞利,7.5799999237,30.3199996948,3.75,2025-12,0.19,127.94,8.09,119.85,🚀 利潤擴張,⚠️ 追價風險
4555.TW,氣立,34.7999992371,869.9999809274999,0.6000000000000001,2025-12,0.19,122.09,7.47,114.62,🔄 轉虧為盈,⚠️ 追價風險
4702.TWO,中美實,10.0,28.57142857142856,5.250000000000002,2025-12,0.88,51.72,-61.59,113.31,🧐 疑業外收益,⚠️ 追價風險
3260.TWO,威剛,361.5,9.158854826450469,592.05,2025-12,23.18,144.7,32.13,112.57,🚀 利潤擴張,💎 強力關注
2025.TW,千興,11.3000001907,0.0,-17.700000000000003,2025-12,-0.18,87.32,-22.64,109.96,🧐 疑業外收益,⚪ 數據不足
4967.TW,十銓,209.0,11.206434316353887,279.75000000000006,2025-12,13.06,110.31,2.46,107.85000000000001,🚀 利潤擴張,💎 強力關注
6477.TW,安集,32.75,172.36842105263156,2.8500000000000005,2025-12,0.02,102.99,-4.46,107.44999999999999,🧐 疑業外收益,⚠️ 追價風險
2501.TW,國建,22.2999992371,3.545309894610493,94.35,2025-12,2.83,108.09,1.8,106.29,🚀 利潤擴張,💎 強力關注
6465.TWO,威潤,44.5999984741,0.0,-14.549999999999999,2025-12,0.86,168.25,63.6,104.65,🔄 轉虧為盈,⚪ 數據不足
3135.TW,凌航,104.5,11.956521739130437,131.09999999999997,2025-12,6.33,143.64,39.88,103.75999999999999,🚀 利潤擴張,💎 強力關注
6150.TWO,撼訊,55.0,10.338345864661655,79.8,2025-12,2.63,164.15,61.2,102.95,🚀 利潤擴張,💎 強力關注
2465.TW,麗臺,52.2000007629,40.781250596015624,19.2,2025-12,0.43,107.41,5.42,101.99,🚀 利潤擴張,⚠️ 追價風險
1541.TW,錩泰,25.75,5.878995433789955,65.7,2025-12,2.32,118.87,21.45,97.42,🚀 利潤擴張,💎 強力關注
2380.TW,虹光,5.3000001907,2.731958861185567,29.099999999999998,2025-12,0.72,110.31,13.61,96.7,🚀 利潤擴張,💎 強力關注
4971.TWO,IET-KY,564.0,0.0,-7.0500000000000025,2025-12,1.65,146.97,50.49,96.47999999999999,🚀 利潤擴張,⚪ 數據不足
5516.TWO,雙喜,12.8999996185,0.0,-7.35,2025-12,0.16,104.43,8.41,96.02000000000001,🚀 利潤擴張,⚪ 數據不足
3363.TWO,上詮,600.0,845.0704225352112,10.65,2025-12,0.16,134.04,38.72,95.32,🚀 利潤擴張,⚠️ 追價風險
6739.TWO,竹陞科技,1290.0,37.18650908042664,520.3499999999999,2025-12,16.13,191.99,96.69,95.30000000000001,🚀 利潤擴張,⚠️ 追價風險
6125.TWO,廣運,53.2999992371,171.93548141000002,4.65,2025-12,0.1,118.18,23.69,94.49000000000001,🚀 利潤擴張,⚠️ 追價風險
3687.TWO,歐買尬,70.4000015259,6.629002026920903,159.3,2025-12,4.67,100.43,6.13,94.30000000000001,🚀 利潤擴張,💎 強力關注
1453.TW,大將,12.1000003815,0.0,-2.1,2025-12,0.04,100.0,7.27,92.73,🚀 利潤擴張,⚪ 數據不足
4154.TWO,樂威科-KY,14.5,0.0,-84.00000000000001,2025-12,-1.82,57.28,-35.31,92.59,🧐 疑業外收益,⚪ 數據不足
2390.TW,云辰,10.1000003815,16.29032319596774,9.3,2025-12,-0.14,88.8,-3.19,91.99,🧐 疑業外收益,⚪ 中性觀察
3504.TW,揚明光,51.2000007629,5120.000076289999,0.15000000000000002,2025-12,-0.08,96.31,4.53,91.78,🚀 利潤擴張,⚠️ 追價風險
2360.TW,致茂,1535.0,23.958170750741374,961.0500000000001,2025-12,27.7,122.05,31.05,91.0,🚀 利潤擴張,⚠️ 追價風險
6931.TW,青松健康,50.5,20.781893004115226,36.45,2025-12,1.39,104.41,14.16,90.25,🚀 利潤擴張,⚪ 中性觀察
5608.TW,四維航,16.25,0.0,-9.6,2025-12,-0.13,81.16,-8.84,90.0,🧐 疑業外收益,⚪ 數據不足
3576.TW,聯合再生,20.5499992371,0.0,-28.200000000000003,2025-12,-0.77,41.22,-47.33,88.55,🧐 疑業外收益,⚪ 數據不足
6532.TWO,瑞耘,72.9000015259,6.0098929534954655,181.95,2025-12,7.31,81.39,-6.21,87.6,🧐 疑業外收益,💎 強力關注
4991.TWO,環宇-KY,435.0,0.0,-23.549999999999997,2025-12,0.15,107.11,25.43,81.68,🔄 轉虧為盈,⚪ 數據不足
2740.TWO,天蔥,38.0499992371,0.0,-125.25,2025-12,-3.19,35.27,-45.74,81.01,🧐 疑業外收益,⚪ 數據不足
1528.TW,恩德,25.4500007629,0.0,-21.599999999999998,2025-12,-0.35,56.79,-23.83,80.62,🧐 疑業外收益,⚪ 數據不足
6196.TW,帆宣,282.0,7.368696106610924,574.05,2025-12,15.5,65.55,-15.01,80.56,🧐 疑業外收益,💎 強力關注
2022.TW,聚亨,8.8900003433,0.0,-0.6,2025-12,-0.02,95.92,16.71,79.21000000000001,🚀 利潤擴張,⚪ 數據不足
5498.TWO,凱崴,53.5,0.0,-7.05,2025-12,0.0,100.0,21.05,78.95,🚀 利潤擴張,⚪ 數據不足
4552.TW,力達-KY,20.8999996185,3.943396154433962,79.50000000000001,2025-12,2.07,73.95,-4.56,78.51,🧐 疑業外收益,💎 強力關注
3563.TW,牧德,775.0,17.72644098810613,655.8,2025-12,15.8,186.23,108.34,77.88999999999999,🚀 利潤擴張,⚪ 中性觀察
3205.TWO,佰研,60.9000015259,0.0,-44.24999999999999,2025-12,-0.92,51.01,-26.01,77.02,🧐 疑業外收益,⚪ 數據不足
3523.TWO,迎輝,13.9499998093,0.0,-65.85,2025-12,-1.45,34.68,-42.16,76.84,🧐 疑業外收益,⚪ 數據不足
3498.TWO,陽程,72.8000030518,0.0,-32.55,2025-12,0.48,120.0,43.43,76.57,🔄 轉虧為盈,⚪ 數據不足
3625.TWO,西勝,16.3999996185,0.0,-16.200000000000003,2025-12,-0.6,56.82,-18.66,75.48,🧐 疑業外收益,⚪ 數據不足
6654.TWO,天正國際,90.5999984741,0.0,-44.699999999999996,2025-12,0.01,100.49,26.11,74.38,🔄 轉虧為盈,⚪ 數據不足
4540.TW,全球傳動,40.7999992371,0.0,-40.5,2025-12,-0.66,85.65,11.55,74.10000000000001,🚀 利潤擴張,⚪ 數據不足
2483.TW,百容,20.7999992371,11.182795288763439,27.900000000000006,2025-12,0.6,71.43,-2.48,73.91000000000001,🧐 疑業外收益,💎 強力關注
2731.TW,雄獅,159.5,3.634913400182316,658.1999999999999,2025-12,17.49,78.29,6.0,72.29,🚀 利潤擴張,💎 強力關注
1440.TW,南紡,12.6999998093,0.0,-4.2,2025-12,-0.15,55.88,-16.11,71.99000000000001,🧐 疑業外收益,⚪ 數據不足
6505.TW,台塑化,54.7000007629,35.75163448555555,22.950000000000003,2025-12,1.04,65.08,-5.67,70.75,🧐 疑業外收益,⚠️ 追價風險
2451.TW,創見,233.0,11.058376839107734,316.05000000000007,2025-12,12.98,140.33,69.84,70.49000000000001,🚀 利潤擴張,💎 強力關注
5398.TWO,慕康生醫,22.6000003815,37.04918095327869,9.149999999999999,2025-12,0.35,66.67,-3.62,70.29,🧐 疑業外收益,⚠️ 追價風險
3623.TWO,富晶通,21.75,0.0,-16.950000000000003,2025-12,-0.16,82.8,12.69,70.11,🚀 利潤擴張,⚪ 數據不足
6213.TW,聯茂,170.0,16.73228346456693,152.4,2025-12,4.16,82.74,12.66,70.08,🚀 利潤擴張,⚪ 中性觀察
6241.TWO,易通展,11.1999998093,0.0,-13.649999999999999,2025-12,-0.16,74.6,5.06,69.53999999999999,🚀 利潤擴張,⚪ 數據不足
2924.TWO,宏太-KY,17.0,0.0,-38.85,2025-12,-1.17,10.0,-59.26,69.25999999999999,🧐 疑業外收益,⚪ 數據不足
6616.TWO,特昇-KY,10.0,0.0,-11.850000000000001,2025-12,-0.61,55.88,-11.73,67.61,🧐 疑業外收益,⚪ 數據不足
3152.TWO,璟德,156.0,5.9541984732824424,393.00000000000006,2025-12,9.42,51.69,-15.61,67.3,🧐 疑業外收益,💎 強力關注
3665.TW,貿聯-KY,1915.0,17.981220657276996,1597.5,2025-12,46.57,98.71,31.74,66.97,🚀 利潤擴張,⚪ 中性觀察
6831.TW,邁科,0.0,0.0,0.0,2025-12,4.94,151.41,84.7,66.71,🚀 利潤擴張,⚪ 數據不足
1802.TW,台玻,52.2000007629,0.0,-16.349999999999998,2025-12,-0.2,62.96,-2.37,65.33,🧐 疑業外收益,⚪ 數據不足
2027.TW,大成鋼,38.4000015259,5.714285941354167,100.8,2025-12,2.88,77.93,12.63,65.30000000000001,🚀 利潤擴張,💎 強力關注
2614.TW,東森,20.4500007629,4.50440545438326,68.1,2025-12,1.99,60.48,-4.79,65.27,🧐 疑業外收益,💎 強力關注
5543.TWO,桓鼎-KY,27.7999992371,0.0,-88.8,2025-12,-2.52,54.46,-10.68,65.14,🧐 疑業外收益,⚪ 數據不足
4807.TW,日成-KY,14.25,0.0,-32.699999999999996,2025-12,-0.24,84.62,19.6,65.02000000000001,🚀 利潤擴張,⚪ 數據不足
1445.TW,大宇,12.3999996185,0.0,-24.750000000000004,2025-12,-0.87,42.76,-22.14,64.9,🧐 疑業外收益,⚪ 數據不足
4529.TWO,淳紳,3.2000000477,0.0,-28.05,2025-12,-0.74,42.64,-22.14,64.78,🧐 疑業外收益,⚪ 數據不足
5228.TWO,鈺鎧,23.3999996185,0.0,-24.750000000000004,2025-12,-0.2,90.52,25.85,64.66999999999999,🚀 利潤擴張,⚪ 數據不足
4166.TWO,友霖,25.7999992371,13.163264916887755,29.4,2025-12,0.9,79.17,14.52,64.65,🚀 利潤擴張,✅ 穩健價值
6141.TW,柏承,20.9500007629,0.0,-122.25,2025-12,-4.65,42.24,-21.61,63.85,🧐 疑業外收益,⚪ 數據不足
3605.TW,宏致,60.0999984741,5.332741656974268,169.04999999999998,2025-12,4.35,74.89,11.14,63.75,🚀 利潤擴張,💎 強力關注
5432.TWO,新門,133.0,33.16708229426434,60.15,2025-12,2.3,69.12,6.1,63.02,🚀 利潤擴張,⚠️ 追價風險
2436.TW,偉詮電,59.5999984741,12.163264994714286,73.49999999999999,2025-12,3.02,78.06,15.32,62.74,🚀 利潤擴張,✅ 穩健價值
2033.TW,佳大,15.75,18.103448275862068,13.05,2025-12,0.35,84.21,21.65,62.559999999999995,🚀 利潤擴張,⚪ 中性觀察
1340.TW,勝悅-KY,6.6599998474,0.0,-67.8,2025-12,-2.61,50.57,-11.95,62.519999999999996,🧐 疑業外收益,⚪ 數據不足
6510.TWO,精測,3165.0,43.830494391358535,1083.15,2025-12,30.41,95.56,33.33,62.230000000000004,🚀 利潤擴張,⚠️ 追價風險
5364.TWO,力麗店,11.6999998093,0.0,-36.449999999999996,2025-12,-0.77,35.29,-26.07,61.36,🧐 疑業外收益,⚪ 數據不足
6270.TWO,倍微,24.2999992371,9.71999969484,37.5,2025-12,1.08,66.15,4.86,61.290000000000006,🚀 利潤擴張,💎 強力關注
6168.TW,宏齊,26.0,0.0,-1.3010426069826053e-16,2025-12,0.05,66.67,5.6,61.07,🚀 利潤擴張,⚪ 數據不足
6574.TWO,霈方,0.0,0.0,0.0,2025-12,6.82,66.34,6.51,59.830000000000005,🚀 利潤擴張,⚪ 數據不足
2440.TW,太空梭,14.1499996185,0.0,-10.35,2025-12,-0.23,46.51,-12.43,58.94,🧐 疑業外收益,⚪ 數據不足
2485.TW,兆赫,78.5,0.0,-62.699999999999996,2025-12,-0.96,57.52,-0.05,57.57,🧐 疑業外收益,⚪ 數據不足
4304.TWO,勝昱,28.8999996185,0.0,-52.8,2025-12,-1.16,47.45,-9.71,57.160000000000004,🧐 疑業外收益,⚪ 數據不足
1215.TW,卜蜂,139.0,5.416991426344505,384.9,2025-12,10.39,58.63,1.7,56.93,🚀 利潤擴張,💎 強力關注
3308.TW,聯德,20.3999996185,18.545454198636364,16.5,2025-12,0.68,-32.0,-88.36,56.36,🌑 雙重衰退,⚪ 中性觀察
6584.TWO,南俊國際,570.0,52.68022181146026,162.3,2025-12,5.59,82.47,26.42,56.05,🚀 利潤擴張,⚠️ 追價風險
6026.TWO,福邦證,14.6499996185,5.745097889607844,38.25,2025-12,1.72,54.95,-0.65,55.6,🧐 疑業外收益,💎 強力關注
2415.TW,錩新,29.9500007629,7.25181616535109,61.949999999999996,2025-12,1.81,58.77,3.4,55.370000000000005,🚀 利潤擴張,💎 強力關注
4609.TWO,唐鋒,5.2800002098,0.0,-11.25,2025-12,-0.1,78.72,23.71,55.01,🚀 利潤擴張,⚪ 數據不足
4711.TWO,永純,15.5,53.44827586206896,4.3500000000000005,2025-12,0.15,50.0,-4.5,54.5,🧐 疑業外收益,⚠️ 追價風險
4968.TW,立積,102.0,23.887587822014048,64.05000000000001,2025-12,2.66,56.47,2.24,54.23,🚀 利潤擴張,⚠️ 追價風險
1313.TW,聯成,12.6499996185,0.0,-33.6,2025-12,-1.17,32.76,-19.85,52.61,🧐 疑業外收益,⚪ 數據不足
2417.TW,圓剛,34.2000007629,0.0,-31.8,2025-12,-0.19,54.55,2.69,51.86,🚀 利潤擴張,⚪ 數據不足
1760.TW,寶齡富錦,65.5,13.17907444668008,74.55000000000001,2025-12,2.22,53.1,1.66,51.440000000000005,🚀 利潤擴張,✅ 穩健價值
5276.TWO,達輝-KY,15.3500003815,5.221088565136054,44.1,2025-12,1.14,54.05,3.13,50.919999999999995,🚀 利潤擴張,💎 強力關注
2241.TW,艾姆勒,28.2000007629,0.0,-28.349999999999994,2025-12,-0.7,64.65,14.02,50.63000000000001,🚀 利潤擴張,⚪ 數據不足
3550.TW,聯穎,17.6000003815,0.0,-40.49999999999999,2025-12,-1.18,51.74,3.23,48.510000000000005,🚀 利潤擴張,⚪ 數據不足
3115.TWO,富榮綱,9.4899997711,0.0,-21.299999999999997,2025-12,-0.44,57.53,12.25,45.28,🚀 利潤擴張,⚪ 數據不足
2254.TW,巨鎧精密-創,68.6999969482,0.0,-9.6,2025-12,-0.84,20.75,-24.51,45.260000000000005,🧐 疑業外收益,⚪ 數據不足
4541.TWO,晟田,40.75,11.043360433604338,55.349999999999994,2025-12,2.03,61.11,16.06,45.05,🚀 利潤擴張,💎 強力關注
3057.TW,喬鼎,15.6499996185,0.0,-1.9500000000000017,2025-12,-0.88,46.34,1.86,44.480000000000004,🚀 利潤擴張,⚪ 數據不足
1460.TW,宏遠,7.0999999046,0.0,-9.9,2025-12,-0.27,35.0,-9.38,44.38,🧐 疑業外收益,⚪ 數據不足
2630.TW,亞航,46.5499992371,18.04263536321705,38.70000000000001,2025-12,1.0,49.25,4.89,44.36,🚀 利潤擴張,⚪ 中性觀察
6144.TWO,得利影,16.5499992371,0.0,-15.3,2025-12,-0.36,36.84,-7.24,44.080000000000005,🧐 疑業外收益,⚪ 數據不足
6139.TW,亞翔,521.0,8.935002572457554,874.6500000000001,2025-12,30.51,63.03,19.04,43.99,🚀 利潤擴張,💎 強力關注
6116.TW,彩晶,8.2100000381,0.0,-30.6,2025-12,-0.75,58.56,14.78,43.78,🚀 利潤擴張,⚪ 數據不足
6666.TW,羅麗芬-KY,40.2000007629,5.296442788260869,113.85,2025-12,2.42,42.35,-1.2,43.550000000000004,🧐 疑業外收益,💎 強力關注
3518.TW,柏騰,20.4500007629,0.0,-64.95,2025-12,-1.56,33.33,-9.63,42.96,🧐 疑業外收益,⚪ 數據不足
5701.TWO,劍湖山,3.5899999142,0.0,-13.2,2025-12,-0.26,50.0,7.33,42.67,🚀 利潤擴張,⚪ 數據不足
6226.TW,光鼎,0.0,0.0,0.0,2025-12,-0.28,38.64,-3.71,42.35,🧐 疑業外收益,⚪ 數據不足
1457.TW,宜進,14.8000001907,5.967742012379033,37.199999999999996,2025-12,1.18,29.85,-12.15,42.0,🧐 疑業外收益,💎 強力關注
4560.TW,強信-KY,32.4000015259,4.280053041730516,113.55,2025-12,3.02,48.04,6.92,41.12,🚀 利潤擴張,💎 強力關注
3049.TW,精金,11.1499996185,0.0,-30.15,2025-12,-0.64,41.28,1.22,40.06,🚀 利潤擴張,⚪ 數據不足
5519.TW,隆大,33.2000007629,3.1261770963182673,159.29999999999998,2025-12,4.96,27.18,-12.79,39.97,🧐 疑業外收益,💎 強力關注
2010.TW,春源,24.7999992371,4.290657307456748,86.69999999999999,2025-12,2.32,40.61,0.73,39.88,🚀 利潤擴張,💎 強力關注
4590.TW,富田-創,72.3000030518,0.0,0.0,2025-12,2.72,-1.45,-41.11,39.66,🌑 雙重衰退,⚪ 數據不足
1904.TW,正隆,18.7999992371,18.43137180107843,15.3,2025-12,0.74,34.55,-4.85,39.4,🧐 疑業外收益,⚪ 中性觀察
6104.TWO,創惟,86.9390411377,5.310876062168601,245.55,2025-12,5.62,66.87,27.6,39.27,🚀 利潤擴張,💎 強力關注
3028.TW,增你強,50.2000007629,6.738255135959731,111.75,2025-12,3.15,52.91,13.76,39.15,🚀 利潤擴張,💎 強力關注
2308.TW,台達電,1430.0,27.052591751797202,792.9,2025-12,23.14,70.65,31.76,38.89,🚀 利潤擴張,⚠️ 追價風險
5243.TW,乙盛-KY,93.6999969482,8.572735310905763,163.95,2025-12,4.4,30.95,-7.74,38.69,🧐 疑業外收益,💎 強力關注
7717.TWO,萊德光電-KY,731.0,0.0,0.0,2025-12,6.13,62.99,24.46,38.53,🚀 利潤擴張,⚪ 數據不足
5278.TWO,尚凡*,24.3500003815,9.119850330149813,40.05,2025-12,1.05,56.72,18.28,38.44,🚀 利潤擴張,💎 強力關注
6188.TWO,廣明,85.5,9.364731653888281,136.95,2025-12,3.61,54.94,17.84,37.099999999999994,🚀 利潤擴張,💎 強力關注
5340.TWO,建榮,101.0,38.69731800766284,39.15,2025-12,1.19,52.56,15.66,36.900000000000006,🚀 利潤擴張,⚠️ 追價風險
3577.TWO,泓格,72.3000030518,11.699029620032364,92.69999999999999,2025-12,2.37,46.3,9.44,36.86,🚀 利潤擴張,💎 強力關注
3631.TWO,晟楠,27.8500003815,0.0,-31.200000000000003,2025-12,-0.7,-25.0,-61.43,36.43,🌑 雙重衰退,⚪ 數據不足
3085.TWO,新零售,13.0,0.0,-22.35,2025-12,-0.56,41.67,5.58,36.09,🚀 利潤擴張,⚪ 數據不足
4977.TW,眾達-KY,178.0,19.284940411700973,138.45000000000002,2025-12,4.48,34.45,-1.54,35.99,🧐 疑業外收益,⚪ 中性觀察
1303.TW,南亞,77.0999984741,642.4999872841673,1.7999999999999983,2025-12,0.57,35.71,0.12,35.59,🔄 轉虧為盈,⚠️ 追價風險
5443.TWO,均豪,99.8000030518,15.259939304556575,98.1,2025-12,2.59,40.56,5.3,35.260000000000005,🚀 利潤擴張,✅ 穩健價值
6186.TWO,新潤,38.8499984741,1.6818181157619048,346.49999999999994,2025-12,7.81,38.72,3.72,35.0,🚀 利潤擴張,💎 強力關注
6109.TWO,亞元,12.4499998093,0.0,-47.1,2025-12,-0.94,43.03,8.46,34.57,🚀 利潤擴張,⚪ 數據不足
4433.TWO,興采,21.2000007629,0.0,-11.099999999999996,2025-12,1.06,46.48,12.09,34.39,🔄 轉虧為盈,⚪ 數據不足
3017.TW,奇鋐,2070.0,19.11710380495013,1624.2,2025-12,49.17,128.84,94.59,34.25,🚀 利潤擴張,⚪ 中性觀察
2613.TW,中櫃,23.1499996185,8.542435283579337,40.64999999999999,2025-12,1.14,35.9,2.49,33.41,🚀 利潤擴張,💎 強力關注
3232.TWO,昱捷,22.6000003815,29.350649846103895,11.55,2025-12,0.29,-9.38,-42.44,33.059999999999995,🌑 雙重衰退,⚠️ 追價風險
4538.TWO,大詠城,18.8999996185,25.890410436301373,10.95,2025-12,0.29,52.63,20.45,32.18000000000001,🚀 利潤擴張,⚠️ 追價風險
3176.TWO,基亞,32.0999984741,66.87499682104166,7.2,2025-12,-0.78,46.94,15.28,31.659999999999997,🚀 利潤擴張,⚠️ 追價風險
6435.TWO,大中,152.5,7.086431226765799,322.8,2025-12,9.52,56.88,25.24,31.640000000000004,🚀 利潤擴張,💎 強力關注
2305.TW,全友,16.2000007629,81.00000381449999,3.0,2025-12,0.2,35.71,4.08,31.630000000000003,🚀 利潤擴張,⚠️ 追價風險
6405.TW,悅城,37.1500015259,0.0,-54.0,2025-12,-1.26,-68.0,-99.4,31.400000000000006,🌑 雙重衰退,⚪ 數據不足
3521.TWO,台鋼建設,12.8000001907,0.0,-7.199999999999999,2025-12,-0.07,89.09,58.31,30.78,🚀 利潤擴張,⚪ 數據不足
6426.TW,統新,157.5,0.0,-63.0,2025-12,-0.78,78.21,47.74,30.46999999999999,🚀 利潤擴張,⚪ 數據不足
6588.TWO,東典光電,131.0,0.0,-94.2,2025-12,-1.77,57.14,27.54,29.6,🚀 利潤擴張,⚪ 數據不足
5475.TWO,德宏,246.5,0.0,-12.450000000000001,2025-12,-0.16,88.24,58.82,29.419999999999995,🚀 利潤擴張,⚪ 數據不足
1419.TW,新紡,60.5,6.554712892741062,138.45000000000002,2025-12,4.11,41.38,12.31,29.07,🚀 利潤擴張,💎 強力關注
4137.TW,麗豐-KY,106.0,6.459475929311395,246.15,2025-12,7.13,24.43,-4.63,29.06,🧐 疑業外收益,💎 強力關注
6910.TWO,德鴻,30.0,0.0,0.0,2025-12,2.0,58.93,30.1,28.83,🚀 利潤擴張,⚪ 數據不足
3011.TW,今皓,12.3500003815,0.0,-80.85000000000001,2025-12,-2.55,-5.88,-34.5,28.62,🌑 雙重衰退,⚪ 數據不足
2072.TW,世紀風電,0.0,0.0,0.0,2025-12,11.94,34.92,6.33,28.590000000000003,🚀 利潤擴張,⚪ 數據不足
2072.TWO,未知,164.1436462402,0.0,0.0,2025-12,11.94,34.92,6.33,28.590000000000003,🚀 利潤擴張,⚪ 數據不足
6592.TW,和潤企業,63.0999984741,6.144108906923076,154.05,2025-12,4.72,10.4,-18.16,28.560000000000002,🧐 疑業外收益,💎 強力關注
1409.TW,新纖,15.3999996185,5.945945798648649,38.85,2025-12,1.19,13.33,-14.65,27.98,🧐 疑業外收益,💎 強力關注
3094.TW,聯傑,22.3999996185,46.666665871875,7.2,2025-12,0.25,41.18,13.2,27.98,🚀 利潤擴張,⚠️ 追價風險
6535.TWO,順藥,142.5,0.0,-88.64999999999999,2025-12,-2.05,19.44,-8.49,27.93,🧐 疑業外收益,⚪ 數據不足
3264.TWO,欣銓,161.0,11.566091954022987,208.8,2025-12,5.99,34.97,7.08,27.89,🚀 利潤擴張,💎 強力關注
1907.TW,永豐餘,26.0,13.471502590673575,28.95,2025-12,1.19,21.43,-6.08,27.509999999999998,🧐 疑業外收益,✅ 穩健價值
6419.TWO,京晨科,94.0999984741,6.392662939816575,220.80000000000004,2025-12,9.58,-8.41,-35.84,27.430000000000003,🌑 雙重衰退,💎 強力關注
6218.TWO,豪勉,26.75,0.0,-37.65,2025-12,-1.15,31.55,4.45,27.1,🚀 利潤擴張,⚪ 數據不足
3661.TW,世芯-KY,2705.0,15.663906421912097,2590.35,2025-12,69.18,-13.83,-40.49,26.660000000000004,🌑 雙重衰退,✅ 穩健價值
6153.TW,嘉聯益,16.2000007629,0.0,-155.7,2025-12,-4.38,0.46,-25.69,26.150000000000002,🧐 疑業外收益,⚪ 數據不足
4417.TWO,金洲,50.4000015259,3.309258143525936,228.45000000000002,2025-12,6.13,39.0,12.91,26.09,🚀 利潤擴張,💎 強力關注
3702.TW,大聯大,88.0,6.692015209125476,197.24999999999997,2025-12,5.77,39.35,13.46,25.89,🚀 利潤擴張,💎 強力關注
2069.TW,運錩,18.4500007629,4.779792943756476,57.900000000000006,2025-12,1.62,20.0,-5.8,25.8,🧐 疑業外收益,💎 強力關注
2424.TW,隴華,25.5,0.0,-54.15,2025-12,-1.34,59.69,34.04,25.65,🚀 利潤擴張,⚪ 數據不足
2481.TW,強茂,93.3881988525,12.620026871959459,111.0,2025-12,3.12,30.0,4.45,25.55,🚀 利潤擴張,✅ 穩健價值
2712.TW,遠雄來,14.5,0.0,-15.15,2025-12,-0.38,73.24,47.9,25.339999999999996,🚀 利潤擴張,⚪ 數據不足
6179.TWO,亞通,23.8999996185,22.336448241588784,16.05,2025-12,0.05,25.0,-0.22,25.22,🧐 疑業外收益,⚠️ 追價風險
2359.TW,所羅門,107.5,228.72340425531914,7.050000000000001,2025-12,1.23,46.43,21.27,25.16,🚀 利潤擴張,⚠️ 追價風險
6512.TWO,啟發電,19.6499996185,0.0,-22.950000000000003,2025-12,-0.78,17.02,-8.12,25.14,🧐 疑業外收益,⚪ 數據不足
6961.TWO,旅天下,56.2999992371,0.0,0.0,2025-12,4.23,16.53,-8.56,25.090000000000003,🧐 疑業外收益,⚪ 數據不足
3058.TW,立德,9.3900003433,0.0,-32.400000000000006,2025-12,-1.44,25.52,0.46,25.06,🚀 利潤擴張,⚪ 數據不足
6228.TWO,全譜,23.3999996185,0.0,-28.049999999999997,2025-12,-0.47,44.71,19.96,24.75,🚀 利潤擴張,⚪ 數據不足
6782.TW,視陽,191.5,5.750750750750751,499.49999999999994,2025-12,14.08,39.41,15.02,24.389999999999997,🚀 利潤擴張,💎 強力關注
6872.TWO,浩宇生醫,16.7999992371,0.0,-78.00000000000001,2025-12,-2.14,-38.16,-61.92,23.760000000000005,🌑 雙重衰退,⚪ 數據不足
3296.TW,勝德,21.9500007629,10.502392709521532,31.349999999999998,2025-12,0.61,22.0,-1.66,23.66,🧐 疑業外收益,💎 強力關注
1410.TW,南染,31.0,29.523809523809522,15.75,2025-12,0.58,3.51,-20.15,23.659999999999997,🧐 疑業外收益,⚠️ 追價風險
3672.TWO,康聯訊,10.6999998093,0.0,-78.30000000000001,2025-12,-2.25,3.03,-20.4,23.43,🧐 疑業外收益,⚪ 數據不足
5484.TW,慧友,43.3499984741,0.0,-45.3,2025-12,-0.6,33.33,9.99,23.339999999999996,🚀 利潤擴張,⚪ 數據不足
2910.TW,統領,21.0499992371,7.411971562359155,42.599999999999994,2025-12,1.23,8.85,-14.47,23.32,🧐 疑業外收益,💎 強力關注
1626.TW,艾美特-KY,9.970000267,0.0,-16.2,2025-12,-0.86,18.87,-4.14,23.01,🧐 疑業外收益,⚪ 數據不足
6170.TWO,統振,51.0,4.788732394366197,159.75,2025-12,4.49,32.45,9.65,22.800000000000004,🚀 利潤擴張,💎 強力關注
4442.TWO,竣邦-KY,62.4000015259,4.521739241007246,207.0,2025-12,5.23,52.37,29.61,22.759999999999998,🚀 利潤擴張,💎 強力關注
2913.TW,農林,12.25,0.0,-5.7,2025-12,-0.15,31.82,9.13,22.689999999999998,🚀 利潤擴張,⚪ 數據不足
6907.TWO,雅特力-KY,98.1999969482,0.0,0.0,2025-12,2.08,24.55,1.91,22.64,🚀 利潤擴張,⚪ 數據不足
7750.TW,新代,0.0,0.0,0.0,2025-12,35.12,51.69,29.17,22.519999999999996,🚀 利潤擴張,⚪ 數據不足
1733.TW,五鼎,29.6000003815,6.899766988694639,64.35,2025-12,1.63,27.34,5.0,22.34,🚀 利潤擴張,💎 強力關注
6591.TW,動力-KY,59.7000007629,4.09465025808642,218.7,2025-12,5.37,60.88,38.81,22.07,🚀 利潤擴張,💎 強力關注
3694.TW,海華,53.5999984741,5.4086779489505545,148.65,2025-12,4.03,45.42,23.39,22.03,🚀 利潤擴張,💎 強力關注
2032.TW,新鋼,16.4029407501,13.228178024274195,18.6,2025-12,0.56,24.44,2.45,21.990000000000002,🚀 利潤擴張,✅ 穩健價值
1256.TW,鮮活果汁-KY,146.5,5.731611893583725,383.3999999999999,2025-12,11.19,24.88,2.94,21.939999999999998,🚀 利潤擴張,💎 強力關注
2211.TW,長榮鋼,99.0,4.5123062898814945,329.1,2025-12,8.6,40.52,18.61,21.910000000000004,🚀 利潤擴張,💎 強力關注
6805.TW,富世達,1885.0,28.448536070027163,993.9000000000001,2025-12,31.0,73.18,51.62,21.56000000000001,🚀 利潤擴張,⚠️ 追價風險
6550.TW,北極星藥業-KY,19.8999996185,0.0,-163.35,2025-12,-5.1,-40.62,-62.05,21.43,🌑 雙重衰退,⚪ 數據不足
3581.TWO,博磊,65.8000030518,598.1818459254542,1.650000000000001,2025-12,0.81,35.0,13.9,21.1,🚀 利潤擴張,⚠️ 追價風險
4128.TWO,中天,0.0,0.0,0.0,2025-12,-1.29,31.02,9.94,21.08,🚀 利潤擴張,⚪ 數據不足
5607.TW,遠雄港,45.5499992371,6.778273695997024,100.80000000000001,2025-12,2.77,40.61,19.58,21.03,🚀 利潤擴張,💎 強力關注
6967.TWO,汎瑋材料,62.0999984741,6.938547315541898,134.25000000000003,2025-12,4.02,26.43,5.45,20.98,🚀 利潤擴張,💎 強力關注
6217.TWO,中探針,192.5,0.0,-78.60000000000001,2025-12,-1.65,39.69,19.12,20.569999999999997,🚀 利潤擴張,⚪ 數據不足
6212.TWO,理銘,29.1499996185,2.3508064208467747,185.99999999999997,2025-12,3.96,-34.98,-55.31,20.330000000000005,🌑 雙重衰退,💎 強力關注
6203.TWO,海韻電,66.3000030518,5.7903932796331885,171.75,2025-12,5.51,57.43,37.15,20.28,🚀 利潤擴張,💎 強力關注
6799.TW,來頡,73.8000030518,9.179104857189056,120.6,2025-12,3.7,26.76,6.56,20.200000000000003,🚀 利潤擴張,💎 強力關注
4577.TWO,達航科技,107.0,0.0,-48.449999999999996,2025-12,-0.73,32.41,12.25,20.159999999999997,🚀 利潤擴張,⚪ 數據不足
6870.TWO,騰雲,184.5,13.54625550660793,204.3,2025-12,7.08,40.48,20.33,20.15,🚀 利潤擴張,✅ 穩健價值
5234.TW,達興材料,357.0,19.822320932815106,270.15,2025-12,7.37,32.55,12.43,20.119999999999997,🚀 利潤擴張,⚪ 中性觀察
4973.TWO,廣穎,67.1293182373,54.13654696556451,18.6,2025-12,2.11,16.48,-3.19,19.67,🔄 轉虧為盈,⚠️ 追價風險
6259.TWO,百徽,17.0,10.119047619047619,25.2,2025-12,0.7,38.78,19.41,19.37,🚀 利潤擴張,💎 強力關注
2516.TW,新建,13.1000003815,5.282258218346775,37.199999999999996,2025-12,1.23,26.8,7.45,19.35,🚀 利潤擴張,💎 強力關注
1259.TWO,安心,60.5999984741,12.94871762267094,70.19999999999999,2025-12,2.45,19.51,0.27,19.240000000000002,🚀 利潤擴張,✅ 穩健價值
6431.TW,光麗-KY,22.5,0.0,-74.85,2025-12,-2.07,17.15,-1.12,18.27,🧐 疑業外收益,⚪ 數據不足
3450.TW,聯鈞,241.0,17.59124087591241,205.5,2025-12,5.01,31.15,13.44,17.71,🚀 利潤擴張,⚪ 中性觀察
4147.TWO,中裕,57.0999984741,0.0,-20.55,2025-12,-0.61,17.57,0.19,17.38,🚀 利潤擴張,⚪ 數據不足
2221.TWO,大甲,31.0,5.326460481099656,87.30000000000001,2025-12,2.31,14.36,-2.98,17.34,🧐 疑業外收益,💎 強力關注
2421.TW,建準,122.5,6.650380021715526,276.3,2025-12,7.94,45.05,27.72,17.33,🚀 利潤擴張,💎 強力關注
6187.TWO,萬潤,895.0,23.025469513763827,583.0500000000001,2025-12,15.46,13.93,-3.04,16.97,🧐 疑業外收益,⚠️ 追價風險
7547.TWO,碩網,77.1999969482,12.431561505346217,93.14999999999999,2025-12,2.65,22.61,5.66,16.95,🚀 利潤擴張,✅ 穩健價值
2472.TW,立隆電,131.5,7.111952406706327,277.35,2025-12,8.73,24.54,7.68,16.86,🚀 利潤擴張,💎 強力關注
5515.TW,建國,36.1500015259,4.228070353906433,128.25,2025-12,4.48,32.54,15.92,16.619999999999997,🚀 利潤擴張,💎 強力關注
2851.TW,中再保,30.3999996185,4.080536861543624,111.75,2025-12,3.66,16.56,0.05,16.509999999999998,🚀 利潤擴張,💎 強力關注
3593.TW,力銘,12.8999996185,0.0,-66.3,2025-12,-1.4,41.55,25.06,16.49,🚀 利潤擴張,⚪ 數據不足
2357.TW,華碩,555.0,3.645080782871404,2283.9,2025-12,59.99,41.92,25.86,16.060000000000002,🚀 利潤擴張,💎 強力關注
4979.TWO,華星光,384.0,29.83682983682984,193.04999999999998,2025-12,5.43,43.01,27.06,15.95,🚀 利潤擴張,⚠️ 追價風險
1593.TWO,祺驊,34.0,7.157894736842105,71.25,2025-12,2.18,28.24,12.31,15.929999999999998,🚀 利潤擴張,💎 強力關注
5302.TWO,太欣,10.8999996185,0.0,-8.85,2025-12,-0.12,55.56,39.69,15.870000000000005,🚀 利潤擴張,⚪ 數據不足
6969.TW,成信實業*-創,28.1499996185,0.0,-8.85,2025-12,-0.09,95.65,79.86,15.790000000000006,🚀 利潤擴張,⚪ 數據不足
3234.TWO,光環,83.0999984741,0.0,-41.099999999999994,2025-12,-1.4,34.88,19.09,15.790000000000003,🚀 利潤擴張,⚪ 數據不足
3711.TW,日月光投控,361.0,17.532782904322488,308.85,2025-12,9.37,24.18,8.39,15.79,🚀 利潤擴張,⚪ 中性觀察
1799.TWO,易威,0.0,0.0,0.0,2025-12,-0.59,26.25,10.54,15.71,🚀 利潤擴張,⚪ 數據不足
6124.TWO,業強,28.5,0.0,-49.95,2025-12,-0.99,16.81,1.16,15.649999999999999,🚀 利潤擴張,⚪ 數據不足
5289.TWO,宜鼎,957.0,21.96969696969697,653.4000000000001,2025-12,21.72,75.21,59.96,15.249999999999993,🚀 利潤擴張,⚪ 中性觀察
2423.TW,固緯,47.4500007629,6.988218079955817,101.85,2025-12,2.92,20.66,5.54,15.120000000000001,🚀 利潤擴張,💎 強力關注
6222.TWO,立軒,20.7999992371,0.0,-15.449999999999998,2025-12,-0.4,14.63,-0.4,15.030000000000001,🧐 疑業外收益,⚪ 數據不足
2330.TW,台積電,1810.0,11.582517437767967,2344.0499999999997,2025-12,66.26,46.42,31.61,14.810000000000002,🚀 利潤擴張,💎 強力關注
6509.TWO,聚和,44.6500015259,5.993288795422818,111.75000000000001,2025-12,2.87,17.48,2.77,14.71,🚀 利潤擴張,💎 強力關注
6722.TW,輝創,38.8499984741,0.0,0.0,2025-12,2.9,11.54,-2.79,14.329999999999998,🧐 疑業外收益,⚪ 數據不足
1225.TW,福懋油,31.8999996185,8.137755004719388,58.8,2025-12,1.62,8.0,-6.25,14.25,🧐 疑業外收益,💎 強力關注
6614.TW,資拓宏宇,0.0,0.0,0.0,2025-12,2.08,11.76,-2.37,14.129999999999999,🧐 疑業外收益,⚪ 數據不足
7738.TWO,東聯互動,183.5,0.0,0.0,2025-12,14.61,44.26,30.15,14.11,🚀 利潤擴張,⚪ 數據不足
1560.TW,中砂,443.0,21.05513307984791,315.59999999999997,2025-12,9.28,30.18,16.1,14.079999999999998,🚀 利潤擴張,⚪ 中性觀察
5864.TWO,致和證,23.5,11.032863849765258,31.95,2025-12,2.56,56.1,42.16,13.940000000000005,🚀 利潤擴張,💎 強力關注
3703.TW,欣陸,22.25,7.018927444794953,47.55,2025-12,1.8,25.87,11.98,13.89,🚀 利潤擴張,💎 強力關注
6225.TW,天瀚,19.3999996185,0.0,-7.199999999999999,2025-12,-0.06,14.29,0.42,13.87,🚀 利潤擴張,⚪ 數據不足
5457.TWO,宣德,34.75,5.9098639455782305,88.20000000000002,2025-12,2.77,21.15,7.36,13.79,🚀 利潤擴張,💎 強力關注
2836.TW,高雄銀,12.1499996185,7.453987496012271,24.45,2025-12,0.68,28.3,14.52,13.780000000000001,🚀 利潤擴張,💎 強力關注
2007.TW,燁興,8.0600004196,0.0,-76.95,2025-12,-2.24,-9.8,-23.43,13.629999999999999,🌑 雙重衰退,⚪ 數據不足
6727.TWO,亞泰金屬,358.0,24.930362116991645,215.39999999999998,2025-12,6.8,22.08,8.58,13.499999999999998,🚀 利潤擴張,⚠️ 追價風險
3704.TW,合勤控,32.4000015259,10.285714770126983,47.25000000000001,2025-12,1.56,10.87,-2.6,13.469999999999999,🧐 疑業外收益,💎 強力關注
6272.TW,驊陞,0.0,0.0,0.0,2025-12,3.43,44.34,30.88,13.460000000000004,🚀 利潤擴張,⚪ 數據不足
4927.TW,泰鼎-KY,40.8499984741,0.0,-262.95000000000005,2025-12,-8.65,6.63,-6.83,13.46,🧐 疑業外收益,⚪ 數據不足
6414.TW,樺漢,272.5,4.828136073706592,846.5999999999999,2025-12,23.26,10.59,-2.8,13.39,🧐 疑業外收益,💎 強力關注
6603.TWO,富強鑫,21.1499996185,24.31034438908046,13.05,2025-12,0.61,25.0,12.22,12.78,🚀 利潤擴張,⚠️ 追價風險
6625.TW,必應,71.5308761597,3.725566466651042,288.0,2025-12,9.13,51.64,38.99,12.649999999999999,🚀 利潤擴張,💎 強力關注
2313.TW,華通,260.0,21.630615640599004,180.29999999999998,2025-12,5.51,17.23,4.87,12.36,🚀 利潤擴張,⚪ 中性觀察
2356.TW,英業達,40.8499984741,7.006860801732419,87.44999999999999,2025-12,2.42,19.21,6.95,12.260000000000002,🚀 利潤擴張,💎 強力關注
3379.TWO,彬台,36.2999992371,12.305084487152543,44.25,2025-12,2.12,94.5,82.32,12.180000000000007,🚀 利潤擴張,✅ 穩健價值
5274.TWO,信驊,11690.0,48.7652260971133,3595.8,2025-12,103.92,52.82,40.64,12.18,🚀 利潤擴張,⚠️ 追價風險
5206.TWO,坤悅,28.3500003815,2.286290353346774,186.0,2025-12,3.44,66.99,55.14,11.849999999999994,🚀 利潤擴張,💎 強力關注
2013.TW,中鋼構,43.7000007629,5.857908949450402,111.9,2025-12,3.19,18.15,6.36,11.79,🚀 利潤擴張,💎 強力關注
4142.TW,國光生,18.8999996185,0.0,-48.6,2025-12,-0.57,1.75,-9.99,11.74,🧐 疑業外收益,⚪ 數據不足
2449.TW,京元電子,259.0,10.368294635708569,374.69999999999993,2025-12,9.01,41.67,30.08,11.590000000000003,🚀 利潤擴張,💎 強力關注
6016.TWO,康和證,16.4500007629,8.266332041658293,29.849999999999998,2025-12,1.98,13.14,1.59,11.55,🚀 利潤擴張,💎 強力關注
6788.TWO,華景電,373.5,9.183673469387756,610.05,2025-12,17.36,31.09,19.97,11.120000000000001,🚀 利潤擴張,💎 強力關注
2368.TW,金像電,905.0,20.680987202925046,656.4,2025-12,19.47,64.8,54.05,10.75,🚀 利潤擴張,⚪ 中性觀察
3044.TW,健鼎,346.5,7.247437774524157,717.1500000000001,2025-12,19.45,21.94,11.54,10.400000000000002,🚀 利潤擴張,💎 強力關注
2468.TW,華經,33.6500015259,12.060932446559141,41.85,2025-12,1.25,30.21,19.94,10.27,🚀 利潤擴張,✅ 穩健價值
2527.TW,宏璟,29.6000003815,370.00000476875016,1.1999999999999993,2025-12,0.93,-80.68,-90.93,10.25,🌑 雙重衰退,⚠️ 追價風險
1218.TW,泰山,0.0,0.0,0.0,2025-12,1.59,4.73,-5.32,10.05,🧐 疑業外收益,⚪ 數據不足
3036.TW,文曄,224.0,8.345752608047691,402.59999999999997,2025-12,11.61,32.83,22.78,10.049999999999997,🚀 利潤擴張,💎 強力關注
3357.TWO,臺慶科,141.0,5.505661850839516,384.15,2025-12,10.26,30.29,20.3,9.989999999999998,🚀 利潤擴張,✅ 穩健價值
3257.TW,虹冠電,52.5999984741,6.3757573908,123.75,2025-12,3.42,39.18,29.32,9.86,🚀 利潤擴張,✅ 穩健價值
2884.TW,玉山金,32.1500015259,6.031895220619138,79.95,2025-12,2.12,30.06,20.44,9.619999999999997,🚀 利潤擴張,✅ 穩健價值
1471.TW,首利,12.25,55.68181818181818,3.3,2025-12,0.03,-25.0,-34.37,9.369999999999997,🔄 轉虧為盈,⚠️ 追價風險
2006.TW,東和鋼鐵,69.3000030518,4.462331168821636,232.95,2025-12,6.47,5.37,-3.84,9.21,🧐 疑業外收益,✅ 穩健價值
6138.TWO,茂達,209.5,6.93478980470043,453.15000000000003,2025-12,13.04,31.94,22.89,9.05,🚀 利潤擴張,✅ 穩健價值
2880.TW,華南金,33.8499984741,7.423245279407895,68.39999999999999,2025-12,1.9,13.1,4.06,9.04,🚀 利潤擴張,✅ 穩健價值
6928.TW,攸泰科技,46.4000015259,0.0,-7.05,2025-12,-0.73,6.41,-2.54,8.95,🧐 疑業外收益,⚪ 數據不足
5381.TWO,合正,26.4705905914,12.198428843963134,32.55,2025-12,0.72,2.44,-5.88,8.32,🧐 疑業外收益,✅ 穩健價值
5520.TWO,力泰,82.5,3.227699530516432,383.4,2025-12,9.97,10.9,2.6,8.3,🚀 利潤擴張,✅ 穩健價值
4804.TWO,大略-KY,5.5100002289,0.0,-39.300000000000004,2025-12,-1.54,15.65,7.41,8.24,🚀 利潤擴張,⚪ 數據不足
6470.TWO,宇智,46.8499984741,5.915403847739899,118.8,2025-12,3.87,7.5,-0.56,8.06,🧐 疑業外收益,✅ 穩健價值
5478.TWO,智冠,99.1999969482,5.11603903807117,290.85,2025-12,7.93,4.25,-3.78,8.03,🧐 疑業外收益,✅ 穩健價值
2329.TW,華泰,50.2999992371,10.182186080384618,74.1,2025-12,2.45,28.92,20.92,8.0,🚀 利潤擴張,✅ 穩健價值
3653.TW,健策,3710.0,40.90407938257993,1360.5,2025-12,36.75,49.96,42.0,7.960000000000001,🚀 利潤擴張,⚠️ 追價風險
3611.TWO,鼎翰,186.0,4.039965247610773,690.6,2025-12,19.63,38.68,31.04,7.640000000000001,🚀 利潤擴張,✅ 穩健價值
5212.TWO,凌網,51.55286026,6.3803044876237625,121.2,2025-12,4.74,23.44,15.91,7.530000000000001,🚀 利潤擴張,✅ 穩健價值
3290.TWO,東浦,42.5999984741,10.812182353832487,59.1,2025-12,2.02,25.64,18.23,7.41,🚀 利潤擴張,✅ 穩健價值
1605.TW,華新,30.1000003815,17.39884415115607,25.95,2025-12,0.75,4.35,-2.83,7.18,🧐 疑業外收益,⚪ 中性觀察
2404.TW,漢唐,829.0,7.491415145490691,1659.9,2025-12,48.08,46.52,39.37,7.150000000000006,🚀 利潤擴張,✅ 穩健價值
3026.TW,禾伸堂,138.5,8.61318407960199,241.20000000000002,2025-12,6.58,12.1,5.01,7.09,🚀 利潤擴張,✅ 穩健價值
2301.TW,光寶科,145.0,9.073842302878598,239.70000000000002,2025-12,6.64,28.09,21.11,6.98,🚀 利潤擴張,✅ 穩健價值
6662.TWO,樂斯科,28.7999992371,8.2285712106,52.5,2025-12,1.66,-3.49,-10.2,6.709999999999999,🌑 雙重衰退,✅ 穩健價值
3652.TW,精聯,26.7000007629,8.8410598552649,45.3,2025-12,1.34,7.2,0.59,6.61,🚀 利潤擴張,✅ 穩健價值
5876.TW,上海商銀,39.5499992371,4.829059735909645,122.85000000000002,2025-12,3.06,10.11,3.7,6.409999999999999,🚀 利潤擴張,✅ 穩健價值
6706.TW,惠特,119.5,0.0,-168.45000000000002,2025-12,-3.92,2.97,-3.41,6.380000000000001,🧐 疑業外收益,⚪ 數據不足
6703.TWO,軒郁,116.5,5.334249084249083,327.6,2025-12,9.9,-2.0,-8.29,6.289999999999999,🌑 雙重衰退,✅ 穩健價值
4532.TW,瑞智,24.5442199707,4.495278382912089,81.89999999999999,2025-12,2.05,0.5,-5.76,6.26,🧐 疑業外收益,✅ 穩健價值
6415.TW,矽力*-KY,274.0,19.295774647887324,213.00000000000003,2025-12,6.4,8.14,1.94,6.200000000000001,🚀 利潤擴張,⚪ 中性觀察
5534.TW,長虹,77.6999969482,7.715987780357498,151.04999999999998,2025-12,6.0,-23.57,-29.66,6.09,🌑 雙重衰退,✅ 穩健價值
3005.TW,神基,98.6999969482,4.6977628247596375,315.15000000000003,2025-12,8.43,16.67,10.6,6.070000000000002,🚀 利潤擴張,✅ 穩健價值
5601.TWO,台聯櫃,36.7999992371,35.04761832104762,15.75,2025-12,0.42,7.69,1.81,5.880000000000001,🚀 利潤擴張,⚠️ 追價風險
1337.TW,再生-KY,6.1599998474,0.0,-62.85000000000001,2025-12,-1.74,-12.99,-18.82,5.83,🌑 雙重衰退,⚪ 數據不足
1712.TW,興農,43.5499992371,6.2392549050286545,104.69999999999999,2025-12,2.6,4.0,-1.68,5.68,🧐 疑業外收益,✅ 穩健價值
6122.TWO,擎邦,49.8499984741,4.308556480043215,173.55,2025-12,4.78,7.03,1.36,5.67,🚀 利潤擴張,✅ 穩健價值
2617.TW,台航,0.0,0.0,0.0,2025-12,3.18,3.25,-2.28,5.529999999999999,🧐 疑業外收益,⚪ 數據不足
6761.TWO,穩得,159.0,8.655416439847578,275.55,2025-12,7.34,2.89,-2.32,5.21,🧐 疑業外收益,✅ 穩健價值
6005.TW,群益證,27.75,4.751712328767123,87.6,2025-12,2.64,17.33,12.14,5.189999999999998,🚀 利潤擴張,✅ 穩健價值
2801.TW,彰銀,20.5,5.310880829015543,57.900000000000006,2025-12,1.51,13.53,8.35,5.18,🚀 利潤擴張,✅ 穩健價值
2317.TW,鴻海,193.0,5.804511278195489,498.75,2025-12,13.61,23.02,18.13,4.890000000000001,🚀 利潤擴張,✅ 穩健價值
3045.TW,台灣大,109.5,9.303313508920986,176.54999999999998,2025-12,4.77,4.58,-0.31,4.89,🧐 疑業外收益,✅ 穩健價值
4966.TWO,譜瑞-KY,463.5,5.2766393442622945,1317.6000000000001,2025-12,34.51,6.64,1.76,4.88,🚀 利潤擴張,✅ 穩健價值
6290.TWO,良維,192.0,9.095215537659877,316.65,2025-12,8.73,31.08,26.34,4.739999999999998,🚀 利潤擴張,✅ 穩健價值
6515.TW,穎崴,6605.0,54.808729566011124,1807.6499999999999,2025-12,46.93,40.24,35.51,4.730000000000004,🚀 利潤擴張,⚠️ 追價風險
1538.TW,正峰,12.6499996185,0.0,-31.050000000000004,2025-12,-1.59,6.47,1.9,4.57,🚀 利潤擴張,⚪ 數據不足
3492.TWO,長盛,24.3500003815,4.899396455030181,74.55,2025-12,1.77,9.26,4.69,4.569999999999999,🚀 利潤擴張,✅ 穩健價值
3171.TWO,炎洲流通,66.4000015259,6.593843249841112,151.05,2025-12,4.3,36.94,32.43,4.509999999999998,🚀 利潤擴張,✅ 穩健價值
4749.TWO,新應材,801.0,29.169701383831026,411.90000000000003,2025-12,11.33,32.78,28.3,4.48,🚀 利潤擴張,⚠️ 追價風險
2838.TW,聯邦銀,20.75,6.9397993311036785,44.85,2025-12,1.29,8.94,4.5,4.4399999999999995,🚀 利潤擴張,✅ 穩健價值
1442.TW,名軒,26.1499996185,2.9514672255643344,132.89999999999998,2025-12,3.03,-57.74,-62.17,4.43,🌑 雙重衰退,✅ 穩健價值
4571.TW,鈞興-KY,148.5,6.009712666936464,370.65,2025-12,9.61,4.45,0.1,4.3500000000000005,🚀 利潤擴張,✅ 穩健價值
3037.TW,欣興,519.0,67.75456919060053,114.89999999999999,2025-12,4.38,18.07,13.75,4.32,🚀 利潤擴張,⚠️ 追價風險
6220.TWO,岳豐,32.5999984741,56.20689392086206,8.700000000000001,2025-12,0.81,-12.9,-17.2,4.299999999999999,🌑 雙重衰退,⚠️ 追價風險
1210.TW,大成,0.0,0.0,0.0,2025-12,4.33,2.79,-1.49,4.28,🧐 疑業外收益,⚪ 數據不足
3388.TWO,崇越電,65.9000015259,6.563745171902389,150.60000000000002,2025-12,4.15,1.47,-2.69,4.16,🧐 疑業外收益,✅ 穩健價值
3010.TW,華立,119.5,5.786924939467312,309.75000000000006,2025-12,8.84,1.84,-2.3,4.14,🧐 疑業外收益,✅ 穩健價值
3349.TWO,寶德,27.75,0.0,-35.1,2025-12,-1.02,9.52,5.58,3.9399999999999995,🚀 利潤擴張,⚪ 數據不足
3596.TW,智易,165.0,5.2715654952076685,469.49999999999994,2025-12,12.6,11.7,8.19,3.51,🚀 利潤擴張,✅ 穩健價值
6689.TW,伊雲谷,74.1999969482,15.267489083991768,72.9,2025-12,2.31,1.77,-1.67,3.44,🧐 疑業外收益,✅ 穩健價值
6121.TWO,新普,340.5,4.665022605836416,1094.85,2025-12,30.6,5.99,2.65,3.3400000000000003,🚀 利潤擴張,✅ 穩健價值
6417.TWO,韋僑,102.5,9.103019538188278,168.9,2025-12,4.83,11.03,7.83,3.1999999999999993,🚀 利潤擴張,✅ 穩健價值
4931.TWO,新盛力,130.5,18.885672937771346,103.64999999999999,2025-12,3.13,26.02,22.86,3.16,🚀 利潤擴張,⚪ 中性觀察
6492.TWO,生華科,48.9000015259,0.0,-105.60000000000001,2025-12,-2.97,10.09,7.0,3.09,🚀 利潤擴張,⚪ 數據不足
3031.TW,佰鴻,23.5,8.333333333333334,42.3,2025-12,1.09,0.0,-3.04,3.04,🌑 雙重衰退,✅ 穩健價值
1714.TW,和桐,9.529999733,8.286956289565216,17.250000000000004,2025-12,0.5,19.51,16.5,3.0100000000000016,🚀 利潤擴張,✅ 穩健價值
1513.TW,中興電,144.0,7.377049180327868,292.80000000000007,2025-12,8.07,10.14,7.18,2.960000000000001,🚀 利潤擴張,✅ 穩健價值
5455.TWO,昇益,23.7999992371,2.2368420335620303,159.6,2025-12,3.46,-40.65,-43.58,2.9299999999999997,🌑 雙重衰退,✅ 穩健價值
6173.TWO,信昌電,57.0999984741,8.13390291653846,105.30000000000001,2025-12,3.26,11.72,8.9,2.8200000000000003,🚀 利潤擴張,✅ 穩健價值
2886.TW,兆豐金,39.25,6.498344370860927,90.6,2025-12,2.36,0.85,-1.77,2.62,🧐 疑業外收益,✅ 穩健價值
2945.TW,三商家購,40.5999984741,8.336755333490759,73.05,2025-12,2.14,5.94,3.54,2.4000000000000004,🚀 利潤擴張,✅ 穩健價值
3684.TWO,榮昌,58.0,7.407407407407408,117.44999999999999,2025-12,3.5,25.0,22.61,2.3900000000000006,🚀 利潤擴張,✅ 穩健價值
3583.TW,辛耘,461.0,14.06345332519829,491.70000000000005,2025-12,13.82,19.76,17.37,2.3900000000000006,🚀 利潤擴張,✅ 穩健價值
2321.TW,東訊,14.75,0.0,-29.1,2025-12,-0.76,18.37,16.01,2.3599999999999994,🚀 利潤擴張,⚪ 數據不足
3558.TWO,神準,108.5,6.5677966101694905,247.80000000000004,2025-12,5.2,27.76,25.46,2.3000000000000007,🚀 利潤擴張,✅ 穩健價值
6796.TW,晉弘,72.1999969482,0.0,-18.75,2025-12,0.2,25.0,22.72,2.280000000000001,🔄 轉虧為盈,⚪ 數據不足
2063.TWO,世鎧,27.6000003815,6.478873328990611,63.9,2025-12,1.72,-10.88,-13.1,2.219999999999999,🌑 雙重衰退,✅ 穩健價值
6530.TWO,創威,89.1999969482,19.265658088164145,69.45,2025-12,1.95,18.9,16.68,2.219999999999999,🚀 利潤擴張,⚪ 中性觀察
5347.TWO,世界,110.0,9.666080843585236,170.70000000000002,2025-12,4.3,12.47,10.3,2.17,🚀 利潤擴張,✅ 穩健價值
6192.TW,巨路,115.5,4.501169134840219,384.9,2025-12,10.06,-4.01,-6.01,2.0,🌑 雙重衰退,✅ 穩健價值
1503.TW,士電,179.0,9.873138444567015,271.95000000000005,2025-12,6.27,7.92,6.01,1.9100000000000001,🚀 利潤擴張,✅ 穩健價值
4911.TWO,德英,41.5,7.217391304347825,86.25000000000001,2025-12,2.18,26.01,24.13,1.8800000000000026,🚀 利潤擴張,✅ 穩健價值
6933.TW,AMAX-KY,139.5,11.33225020308692,184.65,2025-12,5.04,28.97,27.21,1.759999999999998,🚀 利潤擴張,✅ 穩健價值
4129.TWO,聯合,100.0,6.7842605156037985,221.10000000000002,2025-12,5.83,23.26,21.54,1.7200000000000024,🚀 利潤擴張,✅ 穩健價值
1612.TW,宏泰,34.5499992371,4.900709111645391,105.75,2025-12,2.77,16.39,14.68,1.7100000000000009,🚀 利潤擴張,✅ 穩健價值
3030.TW,德律,247.5,9.82922954725973,377.69999999999993,2025-12,10.49,34.83,33.22,1.6099999999999994,🚀 利潤擴張,✅ 穩健價值
4904.TW,遠傳,92.5,9.914255091103966,139.95,2025-12,3.81,7.02,5.47,1.5499999999999998,🚀 利潤擴張,✅ 穩健價值
2383.TW,台光電,2785.0,27.054594909656107,1544.1000000000001,2025-12,41.67,47.96,46.42,1.5399999999999991,🚀 利潤擴張,⚠️ 追價風險
6901.TW,鑽石投資,14.25,0.0,-69.00000000000001,2025-12,-1.38,53.38,51.85,1.5300000000000011,🚀 利潤擴張,⚪ 數據不足
1726.TW,永記,75.0,5.304101838755304,212.10000000000002,2025-12,5.5,4.17,2.72,1.4499999999999997,🚀 利潤擴張,✅ 穩健價值
6223.TWO,旺矽,3765.0,47.5558923834786,1187.5499999999997,2025-12,33.49,32.76,31.45,1.3099999999999987,🚀 利潤擴張,⚠️ 追價風險
2412.TW,中華電,134.0,10.626486915146709,189.15,2025-12,4.99,3.96,2.67,1.29,🚀 利潤擴張,✅ 穩健價值
2883.TW,凱基金,19.8999996185,5.467032862225275,54.6,2025-12,1.74,-10.99,-12.26,1.2699999999999996,🌑 雙重衰退,✅ 穩健價值
2206.TW,三陽工業,60.0,4.005340453938585,224.70000000000002,2025-12,5.78,-3.34,-4.56,1.2199999999999998,🌑 雙重衰退,✅ 穩健價值
2478.TW,大毅,57.5,6.886227544910178,125.25000000000003,2025-12,3.45,8.95,7.81,1.1399999999999997,🚀 利潤擴張,✅ 穩健價值
2612.TW,中航,53.7999992371,3.8621679280043075,208.95,2025-12,5.46,6.43,5.36,1.0699999999999994,🚀 利潤擴張,✅ 穩健價值
3013.TW,晟銘電,98.1999969482,11.300344873210586,130.35000000000002,2025-12,4.03,13.2,12.17,1.0299999999999994,🚀 利潤擴張,✅ 穩健價值
3551.TWO,世禾,165.5,8.010648596321394,309.9,2025-12,8.36,17.2,16.17,1.0299999999999976,🚀 利潤擴張,✅ 穩健價值
2406.TW,國碩,30.7999992371,0.0,-41.85,2025-12,-0.92,-6.98,-7.81,0.8299999999999992,🌑 雙重衰退,⚪ 數據不足
3293.TWO,鈊象,755.0,8.055051744372134,1405.9499999999998,2025-12,38.51,19.82,19.01,0.8099999999999987,🚀 利潤擴張,✅ 穩健價值
4743.TWO,合一,0.0,0.0,0.0,2025-12,-2.18,10.29,9.49,0.7999999999999989,🚀 利潤擴張,⚪ 數據不足
2414.TW,精技,42.9000015259,5.389447427876885,119.4,2025-12,3.17,18.73,18.17,0.5599999999999987,🚀 利潤擴張,✅ 穩健價值
4707.TWO,磐亞,11.1999998093,5.5721392086069645,30.150000000000002,2025-12,0.89,-6.32,-6.78,0.45999999999999996,🌑 雙重衰退,✅ 穩健價值
4198.TWO,欣大健康,38.0999984741,0.0,-73.8,2025-12,-1.96,-14.62,-15.0,0.3800000000000008,🌑 雙重衰退,⚪ 數據不足
2852.TW,第一保,25.8500003815,3.326898375997426,116.55,2025-12,2.92,-2.67,-3.05,0.3799999999999999,🌑 雙重衰退,✅ 穩健價值
7556.TWO,意德士,172.0,9.267241379310343,278.40000000000003,2025-12,7.1,19.42,19.26,0.16000000000000014,🚀 利潤擴張,✅ 穩健價值
6525.TW,捷敏-KY,79.5999984741,5.601688844060521,213.14999999999998,2025-12,5.88,14.17,14.03,0.14000000000000057,🚀 利潤擴張,✅ 穩健價值
5211.TWO,蒙恬,20.7000007629,0.0,-34.800000000000004,2025-12,-0.77,34.19,34.16,0.030000000000001137,🚀 利潤擴張,⚪ 數據不足
2645.TW,長榮航太,146.5,10.998498498498497,199.80000000000004,2025-12,5.46,11.43,11.63,-0.20000000000000107,⚠️ 獲利稀釋,⚪ 中性觀察
4564.TW,元翎,18.8500003815,0.0,-73.05,2025-12,-1.86,-4.02,-3.72,-0.2999999999999994,🌑 雙重衰退,⚪ 數據不足
4192.TWO,杏國,20.4500007629,0.0,-50.4,2025-12,-1.3,15.58,15.88,-0.3000000000000007,⚠️ 獲利稀釋,⚪ 數據不足
5205.TWO,中茂,29.1499996185,0.0,-49.8,2025-12,-1.43,-22.22,-21.87,-0.34999999999999787,🌑 雙重衰退,⚪ 數據不足
2834.TW,臺企銀,15.25,4.6923076923076925,48.75,2025-12,1.26,2.44,2.85,-0.41000000000000014,⚠️ 獲利稀釋,⚪ 中性觀察
1229.TW,聯華,44.9500007629,7.012480618237129,96.15,2025-12,2.57,4.49,4.92,-0.4299999999999997,⚠️ 獲利稀釋,⚪ 中性觀察
2610.TW,華航,18.2000007629,2.916666788926282,93.60000000000001,2025-12,2.42,2.11,2.58,-0.4700000000000002,⚠️ 獲利稀釋,⚪ 中性觀察
6442.TW,光聖,2000.0,41.28819157720892,726.5999999999999,2025-12,23.46,63.72,64.22,-0.5,⚠️ 獲利稀釋,❌ 暫避觀望
3266.TW,昇陽,13.1499996185,12.40566001745283,15.9,2025-12,0.58,-69.95,-69.37,-0.5799999999999983,🌑 雙重衰退,⚪ 中性觀察
1736.TW,喬山,123.0,8.390177353342429,219.9,2025-12,9.06,13.11,13.69,-0.5800000000000001,⚠️ 獲利稀釋,⚪ 中性觀察
4755.TW,三福化,138.0,15.990730011587488,129.45,2025-12,3.7,-9.76,-9.17,-0.5899999999999999,🌑 雙重衰退,❌ 暫避觀望
7765.TW,中華資安,220.0,7.49063670411985,440.55,2025-12,11.47,2.97,3.64,-0.6699999999999999,⚠️ 獲利稀釋,⚪ 中性觀察
6811.TWO,宏�硌穈T,183.0,4.902223412804715,559.9499999999999,2025-12,14.36,10.46,11.2,-0.7399999999999984,⚠️ 獲利稀釋,⚪ 中性觀察
3019.TW,亞光,120.5,7.280966767371601,248.25,2025-12,6.6,13.99,14.74,-0.75,⚠️ 獲利稀釋,⚪ 中性觀察
6257.TW,矽格,151.0,10.85549964054637,208.65,2025-12,6.14,6.63,7.51,-0.8799999999999999,⚠️ 獲利稀釋,⚪ 中性觀察
2882.TW,國泰金,71.8000030518,4.230996054908663,254.54999999999998,2025-12,7.06,-2.94,-2.04,-0.8999999999999999,🌑 雙重衰退,⚪ 中性觀察
3689.TWO,湧德,113.0,5.894627021387584,287.55,2025-12,7.55,19.61,20.51,-0.9000000000000021,⚠️ 獲利稀釋,⚪ 中性觀察
2633.TW,台灣高鐵,26.6000003815,8.837209429069766,45.150000000000006,2025-12,1.17,1.74,2.75,-1.01,⚠️ 獲利稀釋,⚪ 中性觀察
6645.TW,金萬林-創,13.3000001907,0.0,-99.3,2025-12,-2.41,8.37,9.49,-1.120000000000001,⚠️ 獲利稀釋,⚪ 數據不足
3516.TWO,亞帝歐,18.25,48.02631578947368,5.700000000000001,2025-12,0.27,-15.15,-14.0,-1.1500000000000004,🌑 雙重衰退,❌ 暫避觀望
6792.TW,詠業,54.2000007629,9.4755246088986,85.80000000000001,2025-12,2.23,5.83,7.01,-1.1799999999999997,⚠️ 獲利稀釋,⚪ 中性觀察
2395.TW,研華,323.5,10.943843031123139,443.40000000000003,2025-12,12.25,17.26,18.56,-1.2999999999999972,⚠️ 獲利稀釋,⚪ 中性觀察
2889.TW,國票金,14.9499998093,10.755395546258992,20.85,2025-12,0.63,3.28,4.6,-1.3199999999999998,⚠️ 獲利稀釋,⚪ 中性觀察
6261.TWO,久元,72.0,7.851690294438386,137.55,2025-12,4.23,4.19,5.64,-1.4499999999999993,⚠️ 獲利稀釋,⚪ 中性觀察
3218.TWO,大學光,132.0,4.370860927152317,453.00000000000006,2025-12,12.31,-2.07,-0.57,-1.5,🌑 雙重衰退,⚪ 中性觀察
6526.TW,達發,476.5,10.664726947179947,670.2,2025-12,17.32,7.78,9.43,-1.6499999999999995,⚠️ 獲利稀釋,⚪ 中性觀察
1717.TW,長興,61.9000015259,18.205882801735296,51.0,2025-12,1.41,-9.62,-7.93,-1.6899999999999995,🌑 雙重衰退,❌ 暫避觀望
4915.TW,致伸,71.0,4.643557880967953,229.35,2025-12,5.71,1.64,3.33,-1.6900000000000002,⚠️ 獲利稀釋,⚪ 中性觀察
2820.TW,華票,16.75,4.912023460410557,51.150000000000006,2025-12,1.34,31.37,33.06,-1.6900000000000013,⚠️ 獲利稀釋,⚪ 中性觀察
3169.TWO,亞信,89.3000030518,9.510117470905218,140.85000000000002,2025-12,3.67,7.31,9.02,-1.71,⚠️ 獲利稀釋,⚪ 中性觀察
6953.TWO,家碩,208.0,11.409764125068568,273.45,2025-12,7.99,0.0,1.72,-1.72,📉 獲利侵蝕,⚪ 中性觀察
2515.TW,中工,13.1499996185,14.139784536021505,13.950000000000001,2025-12,0.4,-14.89,-13.12,-1.7700000000000014,🌑 雙重衰退,⚪ 中性觀察
1590.TW,亞德客-KY,996.0,9.774288518155053,1528.5,2025-12,42.0,10.18,11.97,-1.790000000000001,⚠️ 獲利稀釋,⚪ 中性觀察
4105.TWO,東洋,73.5999984741,4.714926231524664,234.15,2025-12,6.27,7.55,9.49,-1.9400000000000004,⚠️ 獲利稀釋,⚪ 中性觀察
7751.TWO,竑騰,1665.0,35.501066098081026,703.5,2025-12,20.5,60.48,62.42,-1.9400000000000048,⚠️ 獲利稀釋,❌ 暫避觀望
6568.TWO,宏觀,212.5,23.40308370044053,136.2,2025-12,4.0,4.76,6.74,-1.9800000000000004,⚠️ 獲利稀釋,❌ 暫避觀望
5328.TWO,華容,22.7999992371,31.232875667260274,10.95,2025-12,0.39,0.0,1.99,-1.99,📉 獲利侵蝕,❌ 暫避觀望
6271.TW,同欣電,151.5,7.990506329113924,284.40000000000003,2025-12,7.64,-6.83,-4.53,-2.3,🌑 雙重衰退,⚪ 中性觀察
3632.TWO,研勤,9.5799999237,0.0,-17.400000000000002,2025-12,-0.38,-31.03,-28.72,-2.3100000000000023,🌑 雙重衰退,⚪ 數據不足
3059.TW,華晶科,35.4000015259,11.456311173430421,46.349999999999994,2025-12,1.24,18.27,20.59,-2.3200000000000003,⚠️ 獲利稀釋,⚪ 中性觀察
5536.TWO,聖暉*,699.0,10.578087167070215,991.2000000000002,2025-12,28.42,34.76,37.11,-2.3500000000000014,⚠️ 獲利稀釋,⚪ 中性觀察
2727.TW,王品,227.5,5.64236111111111,604.8000000000001,2025-12,16.02,2.75,5.21,-2.46,⚠️ 獲利稀釋,⚪ 中性觀察
2376.TW,技嘉,228.0,4.975993016150153,687.3,2025-12,18.2,24.57,27.07,-2.5,⚠️ 獲利稀釋,⚪ 中性觀察
3529.TWO,力旺,2630.0,42.84783317041382,920.6999999999999,2025-12,25.6,4.19,6.74,-2.55,⚠️ 獲利稀釋,❌ 暫避觀望
2903.TW,遠百,23.0,6.318681318681318,54.6,2025-12,1.56,-5.49,-2.68,-2.81,🌑 雙重衰退,⚪ 中性觀察
3131.TWO,弘塑,3090.0,32.12058212058212,1443.0,2025-12,45.48,56.98,59.93,-2.950000000000003,⚠️ 獲利稀釋,❌ 暫避觀望
4527.TWO,方土霖,42.5999984741,7.135678136365158,89.55000000000001,2025-12,3.4,-19.05,-15.95,-3.1000000000000014,🌑 雙重衰退,⚪ 中性觀察
6214.TW,精誠,107.5,6.08375778155065,265.05,2025-12,7.91,9.74,12.89,-3.1500000000000004,⚠️ 獲利稀釋,⚪ 中性觀察
4584.TWO,君帆,42.9000015259,4.573560930266525,140.70000000000002,2025-12,3.43,-4.72,-1.51,-3.21,🌑 雙重衰退,⚪ 中性觀察
3209.TW,全科,0.0,0.0,0.0,2025-12,3.02,0.0,3.25,-3.25,📉 獲利侵蝕,⚪ 數據不足
6486.TWO,互動,85.1999969482,7.294520286660958,175.2,2025-12,5.78,2.66,6.12,-3.46,⚠️ 獲利稀釋,⚪ 中性觀察
2640.TWO,大車隊,179.0,8.132666969559292,330.15,2025-12,9.01,0.9,4.37,-3.47,⚠️ 獲利稀釋,⚪ 中性觀察
2067.TWO,嘉鋼,7.8099999428,0.0,-110.7,2025-12,-2.8,-2.19,1.31,-3.5,📉 獲利侵蝕,⚪ 數據不足
5452.TWO,佶優,31.3999996185,35.28089844775281,13.35,2025-12,0.33,-17.5,-13.95,-3.5500000000000007,🌑 雙重衰退,❌ 暫避觀望
6672.TW,騰輝電子-KY,126.7101287842,10.876405904223176,174.74999999999997,2025-12,4.85,-2.81,0.88,-3.69,📉 獲利侵蝕,⚪ 中性觀察
7703.TWO,銳澤,224.0,10.08100810081008,333.3,2025-12,8.72,27.67,31.42,-3.75,⚠️ 獲利稀釋,⚪ 中性觀察
4726.TWO,永昕,31.3999996185,0.0,-89.85000000000001,2025-12,-2.17,4.42,8.23,-3.8100000000000005,⚠️ 獲利稀釋,⚪ 數據不足
3029.TW,零壹,93.9000015259,5.807050187130487,242.55,2025-12,6.53,30.86,34.73,-3.8699999999999974,⚠️ 獲利稀釋,⚪ 中性觀察
2855.TW,統一證,31.9500007629,6.454545608666667,74.25,2025-12,3.0,0.0,3.92,-3.92,📉 獲利侵蝕,⚪ 中性觀察
4722.TW,國精化,159.0,36.46788990825688,65.4,2025-12,2.0,-11.71,-7.72,-3.990000000000001,🌑 雙重衰退,❌ 暫避觀望
2312.TW,金寶,21.8500003815,7.803571564821428,42.00000000000001,2025-12,1.05,-4.59,-0.55,-4.04,🌑 雙重衰退,⚪ 中性觀察
2948.TWO,寶陞,39.0,7.587548638132296,77.1,2025-12,2.14,-2.28,1.84,-4.12,📉 獲利侵蝕,⚪ 中性觀察
2892.TW,第一金,28.3999996185,5.843621320679013,72.89999999999999,2025-12,1.87,3.31,7.59,-4.279999999999999,⚠️ 獲利稀釋,⚪ 中性觀察
6142.TW,友勁,9.3800001144,0.0,-10.8,2025-12,-0.26,48.0,52.32,-4.32,⚠️ 獲利稀釋,⚪ 數據不足
2347.TW,聯強,77.4000015259,6.742160411663764,172.2,2025-12,5.08,-7.97,-3.49,-4.4799999999999995,🌑 雙重衰退,⚪ 中性觀察
4171.TWO,瑞基,18.8999996185,0.0,-81.3,2025-12,-1.93,8.21,12.71,-4.5,⚠️ 獲利稀釋,⚪ 數據不足
4121.TWO,優盛,15.5500001907,0.0,-13.950000000000001,2025-12,-0.36,-5.88,-1.34,-4.54,🌑 雙重衰退,⚪ 數據不足
4728.TWO,雙美,384.5,11.048850574712645,522.0,2025-12,13.33,6.9,11.45,-4.549999999999999,⚠️ 獲利稀釋,⚪ 中性觀察
2480.TW,敦陽科,139.0,6.833824975417895,305.1,2025-12,8.0,6.67,11.38,-4.710000000000001,⚠️ 獲利稀釋,⚪ 中性觀察
6996.TWO,力領科技,166.0,6.12094395280236,406.79999999999995,2025-12,12.15,-14.17,-9.4,-4.77,🌑 雙重衰退,⚪ 中性觀察
5434.TW,崇越,331.5,6.392209795603548,777.9,2025-12,21.81,13.53,18.57,-5.040000000000001,⚠️ 獲利稀釋,⚪ 中性觀察
5880.TW,合庫金,23.6499996185,7.03869036264881,50.4,2025-12,1.36,7.94,13.01,-5.069999999999999,⚠️ 獲利稀釋,⚪ 中性觀察
2901.TW,欣欣,23.2999992371,26.781608318505747,13.05,2025-12,0.38,-7.32,-2.15,-5.17,🌑 雙重衰退,❌ 暫避觀望
3023.TW,信邦,261.0,7.690041249263406,509.09999999999997,2025-12,13.02,-11.43,-6.24,-5.1899999999999995,🌑 雙重衰退,⚪ 中性觀察
2453.TW,凌群,52.0,6.7620286085825745,115.35000000000001,2025-12,3.12,1.96,7.21,-5.25,⚠️ 獲利稀釋,⚪ 中性觀察
5548.TWO,安倉,24.9500007629,5.815850993682985,64.35,2025-12,2.03,9.24,14.56,-5.32,⚠️ 獲利稀釋,⚪ 中性觀察
2345.TW,智邦,1590.0,14.907181698856178,1599.9,2025-12,47.13,119.5,124.88,-5.3799999999999955,⚠️ 獲利稀釋,⚪ 中性觀察
3041.TW,揚智,21.75,0.0,-105.75000000000001,2025-12,-3.43,-35.42,-29.93,-5.490000000000002,🌑 雙重衰退,⚪ 數據不足
6658.TW,聯策,73.0,29.918032786885252,36.599999999999994,2025-12,1.38,24.77,30.53,-5.760000000000002,⚠️ 獲利稀釋,❌ 暫避觀望
5508.TWO,永信建,50.7000007629,6.007109095130332,126.6,2025-12,3.07,-80.85,-74.75,-6.099999999999994,🌑 雙重衰退,⚪ 中性觀察
6903.TWO,巨漢,279.0,14.020100502512564,298.5,2025-12,10.62,18.74,24.87,-6.130000000000003,⚠️ 獲利稀釋,⚪ 中性觀察
1535.TW,中宇,52.5999984741,5.5136266744339615,143.10000000000002,2025-12,4.0,-1.48,4.67,-6.15,📉 獲利侵蝕,⚪ 中性觀察
6409.TW,旭隼,0.0,0.0,0.0,2025-12,40.23,-16.23,-10.05,-6.18,🌑 雙重衰退,⚪ 數據不足
6925.TWO,意藍,71.9000015259,10.198581776723403,105.75000000000001,2025-12,3.11,8.39,14.61,-6.219999999999999,⚠️ 獲利稀釋,⚪ 中性觀察
3321.TW,同泰,15.6999998093,0.0,-134.1,2025-12,-3.36,2.79,9.1,-6.31,⚠️ 獲利稀釋,⚪ 數據不足
7769.TW,鴻勁,0.0,0.0,0.0,2025-12,75.71,110.03,116.34,-6.310000000000002,⚠️ 獲利稀釋,⚪ 數據不足
6274.TWO,台燿,616.0723266602,22.224831409098126,415.79999999999995,2025-12,12.13,25.11,31.51,-6.400000000000002,⚠️ 獲利稀釋,❌ 暫避觀望
3163.TWO,波若威,952.0,89.0551917680075,160.34999999999997,2025-12,6.22,8.17,14.65,-6.48,⚠️ 獲利稀釋,❌ 暫避觀望
4148.TW,全宇生技-KY,43.25,8.650000000000002,74.99999999999999,2025-12,2.28,13.43,19.95,-6.52,⚠️ 獲利稀釋,⚪ 中性觀察
1735.TW,日勝化,23.0,20.0,17.25,2025-12,0.78,-19.59,-12.95,-6.640000000000001,🌑 雙重衰退,❌ 暫避觀望
3217.TWO,優群,150.5,4.953917050691244,455.70000000000005,2025-12,12.69,12.8,19.44,-6.640000000000001,⚠️ 獲利稀釋,⚪ 中性觀察
2912.TW,統一超,227.0,8.153735632183908,417.6,2025-12,10.78,-2.88,3.79,-6.67,📉 獲利侵蝕,⚪ 中性觀察
4585.TW,達明,0.0,0.0,0.0,2025-12,1.46,16.35,23.03,-6.68,⚠️ 獲利稀釋,⚪ 數據不足
6874.TWO,倍力,0.0,0.0,0.0,2025-12,3.16,-29.6,-22.72,-6.880000000000003,🌑 雙重衰退,⚪ 數據不足
6129.TWO,普誠,14.6999998093,0.0,-49.35,2025-12,-1.09,-9.0,-2.06,-6.9399999999999995,🌑 雙重衰退,⚪ 數據不足
3556.TWO,禾瑞亞,43.8499984741,9.369657793611111,70.19999999999999,2025-12,2.15,-5.7,1.24,-6.94,📉 獲利侵蝕,⚪ 中性觀察
2812.TW,台中銀,20.75,5.446194225721785,57.15,2025-12,1.53,0.0,6.96,-6.96,📉 獲利侵蝕,⚪ 中性觀察
5225.TW,東科-KY,77.6999969482,2.7809590890551177,419.1,2025-12,10.26,-18.0,-11.01,-6.99,🌑 雙重衰退,⚪ 中性觀察
4305.TWO,世坤,43.9500007629,5.034364348556702,130.95,2025-12,3.83,-3.53,3.54,-7.07,📉 獲利侵蝕,⚪ 中性觀察
6955.TW,邦睿生技-創,162.0,15.652173913043477,155.25000000000003,2025-12,4.13,30.28,37.43,-7.149999999999999,⚠️ 獲利稀釋,❌ 暫避觀望
6133.TW,金橋,21.9500007629,16.755725773206105,19.650000000000002,2025-12,0.72,10.77,17.93,-7.16,⚠️ 獲利稀釋,❌ 暫避觀望
1603.TW,華電,0.0,0.0,0.0,2025-12,3.26,14.41,21.69,-7.280000000000001,⚠️ 獲利稀釋,⚪ 數據不足
2204.TW,中華,55.4000015259,4.274691475763889,194.39999999999998,2025-12,5.47,-25.55,-18.22,-7.330000000000002,🌑 雙重衰退,⚪ 中性觀察
3168.TW,眾福科,40.9500007629,6.5311006001435405,94.05,2025-12,2.61,-6.99,0.46,-7.45,📉 獲利侵蝕,⚪ 中性觀察
2885.TW,元大金,45.8499984741,6.999999767038168,98.25,2025-12,2.74,-1.08,6.4,-7.48,📉 獲利侵蝕,⚪ 中性觀察
1525.TW,江申,63.7999992371,7.876543115691359,121.5,2025-12,3.21,-22.09,-14.6,-7.49,🌑 雙重衰退,⚪ 中性觀察
6446.TW,藥華藥,632.0,18.922155688622755,501.0,2025-12,13.64,53.11,60.61,-7.5,⚠️ 獲利稀釋,❌ 暫避觀望
1216.TW,統一,72.4000015259,7.895310962475461,137.55,2025-12,3.45,-5.22,2.32,-7.539999999999999,📉 獲利侵蝕,⚪ 中性觀察
1709.TW,和益,0.0,0.0,0.0,2025-12,1.23,-20.13,-12.57,-7.559999999999999,🌑 雙重衰退,⚪ 數據不足
6794.TW,向榮生技,81.5999984741,0.0,-71.85,2025-12,-1.89,-13.21,-5.58,-7.630000000000001,🌑 雙重衰退,⚪ 數據不足
2207.TW,和泰車,485.5,5.968039336201597,1220.2500000000002,2025-12,33.93,-7.65,0.01,-7.66,📉 獲利侵蝕,⚪ 中性觀察
2420.TW,新巨,50.7000007629,5.405117352121534,140.70000000000002,2025-12,3.91,-10.32,-2.6,-7.720000000000001,🌑 雙重衰退,⚪ 中性觀察
2458.TW,義隆,123.5,6.313905930470349,293.3999999999999,2025-12,8.53,-10.67,-2.91,-7.76,🌑 雙重衰退,⚪ 中性觀察
6613.TWO,朋億*,208.5,6.625357483317446,472.04999999999995,2025-12,13.37,-21.9,-14.13,-7.769999999999998,🌑 雙重衰退,⚪ 中性觀察
2402.TW,毅嘉,52.7999992371,8.557536343128039,92.55,2025-12,2.47,6.06,13.83,-7.7700000000000005,⚠️ 獲利稀釋,⚪ 中性觀察
2756.TWO,聯發國際,67.8170471191,8.092726386527445,125.70000000000002,2025-12,3.93,61.83,69.66,-7.829999999999998,⚠️ 獲利稀釋,⚪ 中性觀察
1435.TW,中福,16.3500003815,0.0,-14.549999999999997,2025-12,-0.41,-51.85,-43.98,-7.8700000000000045,🌑 雙重衰退,⚪ 數據不足
4554.TWO,橙的,28.8500003815,6.151386008848613,70.35000000000001,2025-12,2.12,13.37,21.26,-7.890000000000002,⚠️ 獲利稀釋,⚪ 中性觀察
3078.TWO,僑威,56.7999992371,3.4697617127122786,245.55,2025-12,6.07,8.01,16.17,-8.160000000000002,⚠️ 獲利稀釋,⚪ 中性觀察
3570.TWO,大塚,164.5,4.451962110960757,554.25,2025-12,13.95,7.47,15.7,-8.23,⚠️ 獲利稀釋,⚪ 中性觀察
5403.TWO,中菲,98.3000030518,4.861523395242335,303.29999999999995,2025-12,8.57,-0.37,7.88,-8.25,📉 獲利侵蝕,⚪ 中性觀察
6589.TW,台康生技,0.0,0.0,0.0,2025-12,-2.51,-8.77,-0.38,-8.389999999999999,🌑 雙重衰退,⚪ 數據不足
5351.TWO,鈺創,66.0999984741,0.0,-77.85000000000001,2025-12,-1.53,7.83,16.23,-8.4,⚠️ 獲利稀釋,⚪ 數據不足
1414.TW,東和,16.6000003815,53.54838832741935,4.65,2025-12,0.19,-19.23,-10.66,-8.57,🌑 雙重衰退,❌ 暫避觀望
5706.TW,鳳凰,51.5,6.502525252525253,118.8,2025-12,3.39,-8.87,-0.27,-8.6,🌑 雙重衰退,⚪ 中性觀察
6821.TWO,聯寶,56.5,20.471014492753625,41.4,2025-12,1.13,-5.93,2.84,-8.77,📉 獲利侵蝕,❌ 暫避觀望
6781.TW,AES-KY,957.0,9.97186620819006,1439.55,2025-12,38.2,50.45,59.42,-8.969999999999999,⚠️ 獲利稀釋,⚪ 中性觀察
6291.TWO,沛亨,353.0,27.729772191673213,190.95000000000002,2025-12,6.6,7.67,16.7,-9.03,⚠️ 獲利稀釋,❌ 暫避觀望
1477.TW,聚陽,219.0,5.67651632970451,578.6999999999999,2025-12,14.65,-12.17,-3.08,-9.09,🌑 雙重衰退,⚪ 中性觀察
1623.TW,大東電,0.0,0.0,0.0,2025-12,13.61,11.37,20.5,-9.13,⚠️ 獲利稀釋,⚪ 數據不足
6753.TW,龍德造船,126.0,9.567198177676536,197.55,2025-12,5.98,-6.72,2.49,-9.21,📉 獲利侵蝕,⚪ 中性觀察
5871.TW,中租-KY,107.5,3.7365311087938826,431.55,2025-12,11.24,-13.92,-4.62,-9.3,🌑 雙重衰退,⚪ 中性觀察
1773.TW,勝一,145.5,8.609467455621303,253.49999999999997,2025-12,6.81,-5.55,4.01,-9.559999999999999,📉 獲利侵蝕,⚪ 中性觀察
2618.TW,長榮航,34.9500007629,2.9846285877796754,175.64999999999998,2025-12,4.84,-9.87,-0.31,-9.559999999999999,🌑 雙重衰退,⚪ 中性觀察
4588.TW,玖鼎電力,57.4000015259,9.11111135331746,94.50000000000001,2025-12,3.2,-23.63,-14.06,-9.569999999999999,🌑 雙重衰退,⚪ 中性觀察
6741.TWO,91APP*-KY,61.5,5.873925501432664,157.05,2025-12,4.4,1.94,11.57,-9.63,⚠️ 獲利稀釋,⚪ 中性觀察
2428.TW,興勤,150.0,5.28355054596689,425.84999999999997,2025-12,11.76,-2.81,6.85,-9.66,📉 獲利侵蝕,⚪ 中性觀察
6206.TW,飛捷,96.6999969482,5.2928296085495345,274.05,2025-12,6.9,-0.43,9.26,-9.69,📉 獲利侵蝕,⚪ 中性觀察
1514.TW,亞力,100.5,13.544474393530995,111.30000000000001,2025-12,3.3,9.36,19.07,-9.71,⚠️ 獲利稀釋,⚪ 中性觀察
3227.TWO,原相,180.0,5.69079987353778,474.45000000000005,2025-12,12.38,-0.58,9.15,-9.73,📉 獲利侵蝕,⚪ 中性觀察
1808.TW,潤隆,0.0,0.0,0.0,2025-12,1.36,-35.96,-26.08,-9.880000000000003,🔄 轉虧為盈,⚪ 數據不足
4766.TW,南寶,308.0,5.862200228397412,788.1,2025-12,20.25,-9.03,0.95,-9.979999999999999,📉 獲利侵蝕,⚪ 中性觀察
5013.TWO,強新,29.2000007629,8.271954890339943,52.95,2025-12,1.45,-12.65,-2.6,-10.05,🌑 雙重衰退,⚪ 中性觀察
3447.TW,展達,37.4000015259,11.472393106104295,48.9,2025-12,1.6,32.5,42.87,-10.369999999999997,⚠️ 獲利稀釋,⚪ 中性觀察
2337.TW,旺宏,129.0,0.0,-75.3,2025-12,-1.77,1.16,11.58,-10.42,⚠️ 獲利稀釋,⚪ 數據不足
5299.TWO,杰力,77.4000015259,7.364414988192197,157.65,2025-12,4.58,-22.77,-12.32,-10.45,🌑 雙重衰退,⚪ 中性觀察
3025.TW,星通,57.4000015259,12.264957591004274,70.19999999999999,2025-12,3.45,-6.25,4.27,-10.52,📉 獲利侵蝕,⚪ 中性觀察
3014.TW,聯陽,115.5,4.592445328031809,377.25,2025-12,9.51,-5.92,4.74,-10.66,📉 獲利侵蝕,⚪ 中性觀察
7704.TWO,明遠精密,46.75,9.968017057569295,70.35000000000001,2025-12,2.07,-22.56,-11.73,-10.829999999999998,🌑 雙重衰退,⚪ 中性觀察
2890.TW,永豐金,31.7999992371,6.235293968058823,76.50000000000001,2025-12,1.97,4.57,15.47,-10.9,⚠️ 獲利稀釋,⚪ 中性觀察
1295.TWO,生合,64.1999969482,4.65217369189855,206.99999999999997,2025-12,5.29,-6.08,4.97,-11.05,📉 獲利侵蝕,⚪ 中性觀察
1319.TW,東陽,0.0,0.0,0.0,2025-12,6.43,-13.11,-1.96,-11.149999999999999,🌑 雙重衰退,⚪ 數據不足
2467.TW,志聖,392.0,30.963665086887836,189.9,2025-12,5.5,15.47,26.65,-11.179999999999998,⚠️ 獲利稀釋,❌ 暫避觀望
2108.TW,南帝,25.6000003815,12.54901979485294,30.6,2025-12,0.83,-27.19,-16.0,-11.190000000000001,🌑 雙重衰退,⚪ 中性觀察
6861.TW,睿生光電,129.0,14.036996735582155,137.85,2025-12,3.84,4.08,15.29,-11.209999999999999,⚠️ 獲利稀釋,⚪ 中性觀察
6285.TW,啟��,179.5,11.48432501599488,234.45000000000002,2025-12,6.41,-11.22,0.03,-11.25,📉 獲利侵蝕,⚪ 中性觀察
3122.TWO,笙泉,24.5,0.0,-71.55000000000001,2025-12,-1.75,-22.38,-11.1,-11.28,🌑 雙重衰退,⚪ 數據不足
2755.TWO,揚秦,143.5,8.84165126309304,243.44999999999996,2025-12,6.44,8.73,20.09,-11.36,⚠️ 獲利稀釋,⚪ 中性觀察
6894.TWO,衛司特,312.5,11.717285339332582,400.05,2025-12,10.99,29.29,40.66,-11.369999999999997,⚠️ 獲利稀釋,⚪ 中性觀察
5425.TWO,台半,53.2999992371,12.086167627460318,66.15,2025-12,2.07,9.66,21.08,-11.419999999999998,⚠️ 獲利稀釋,⚪ 中性觀察
6865.TWO,偉康科技,37.25,9.22029702970297,60.6,2025-12,1.52,-29.44,-17.45,-11.990000000000002,🌑 雙重衰退,⚪ 中性觀察
2441.TW,超豐,85.0,8.165225744476464,156.15,2025-12,4.31,-1.82,10.19,-12.01,📉 獲利侵蝕,⚪ 中性觀察
2915.TW,潤泰全,47.9000015259,2.0664366490897326,347.7,2025-12,9.29,-28.5,-16.33,-12.170000000000002,🌑 雙重衰退,⚪ 中性觀察
6275.TWO,元山,46.25,7.0826952526799385,97.95,2025-12,2.81,-1.42,10.76,-12.18,📉 獲利侵蝕,⚪ 中性觀察
6015.TWO,宏遠證,12.7143287659,24.930056403725487,7.65,2025-12,0.76,-11.63,0.56,-12.190000000000001,📉 獲利侵蝕,❌ 暫避觀望
2379.TW,瑞昱,488.0,6.212603437301082,1178.25,2025-12,28.77,-4.02,8.21,-12.23,📉 獲利侵蝕,⚪ 中性觀察
6197.TW,佳必琪,157.5,7.828031809145131,301.79999999999995,2025-12,8.67,-0.23,12.03,-12.26,📉 獲利侵蝕,⚪ 中性觀察
6884.TWO,海柏特,34.4500007629,0.0,0.0,2025-12,2.05,-10.78,1.55,-12.33,📉 獲利侵蝕,⚪ 數據不足
6664.TWO,群翊,354.5,9.910539558289068,536.5500000000001,2025-12,15.06,-9.46,3.07,-12.530000000000001,📉 獲利侵蝕,⚪ 中性觀察
1305.TW,華夏,17.9500007629,0.0,-68.1,2025-12,-1.58,-29.51,-16.83,-12.680000000000003,🌑 雙重衰退,⚪ 數據不足
1708.TW,東鹼,41.7999992371,5.4712040886256545,114.60000000000001,2025-12,3.28,-16.11,-3.29,-12.82,🌑 雙重衰退,⚪ 中性觀察
5016.TWO,松和,31.3500003815,8.830986022957747,53.25,2025-12,1.5,-12.28,0.57,-12.85,📉 獲利侵蝕,⚪ 中性觀察
2059.TW,川湖,3345.0,14.624229440825427,3430.95,2025-12,103.23,59.82,72.77,-12.949999999999996,⚠️ 獲利稀釋,⚪ 中性觀察
1459.TW,聯發,11.6499996185,14.207316607926826,12.300000000000004,2025-12,0.81,18.33,31.28,-12.950000000000003,⚠️ 獲利稀釋,⚪ 中性觀察
6924.TW,榮惠-KY創,79.5,6.658291457286431,179.10000000000002,2025-12,5.68,-16.96,-3.92,-13.040000000000001,🌑 雙重衰退,⚪ 中性觀察
3259.TWO,鑫創,18.0,0.0,-86.25,2025-12,-2.36,4.84,17.89,-13.05,⚠️ 獲利稀釋,⚪ 數據不足
6657.TW,華安,40.7000007629,0.0,-117.89999999999999,2025-12,-2.92,-14.12,-0.97,-13.149999999999999,🌑 雙重衰退,⚪ 數據不足
6175.TWO,立敦,46.3499984741,7.022727041530302,99.00000000000003,2025-12,2.68,-14.74,-1.38,-13.36,🌑 雙重衰退,⚪ 中性觀察
3624.TWO,光頡,45.5499992371,11.029055505351089,61.95000000000001,2025-12,1.86,-9.71,3.65,-13.360000000000001,📉 獲利侵蝕,⚪ 中性觀察
1203.TW,味王,39.4000015259,9.141531676542925,64.64999999999999,2025-12,1.81,-23.5,-10.06,-13.44,🌑 雙重衰退,⚪ 中性觀察
2454.TW,聯發科,1465.0,8.504092413072504,2584.0499999999997,2025-12,66.16,-1.14,12.32,-13.46,📉 獲利侵蝕,⚪ 中性觀察
3213.TWO,茂訊,100.0,5.068423720223011,295.94999999999993,2025-12,7.4,-12.32,1.19,-13.51,📉 獲利侵蝕,⚪ 中性觀察
3324.TWO,雙鴻,910.0,15.304406323578878,891.8999999999999,2025-12,28.26,33.98,47.52,-13.540000000000006,⚠️ 獲利稀釋,❌ 暫避觀望
6146.TWO,耕興,190.0,7.055328629780914,403.95,2025-12,10.77,-14.93,-1.34,-13.59,🌑 雙重衰退,⚪ 中性觀察
1537.TW,廣隆,124.5,6.265727226975339,298.05,2025-12,7.95,-32.28,-18.5,-13.780000000000001,🌑 雙重衰退,⚪ 中性觀察
6534.TW,正瀚-創,91.0,5.436081242532856,251.09999999999997,2025-12,4.51,-2.59,11.21,-13.8,📉 獲利侵蝕,⚪ 中性觀察
6757.TW,台灣虎航,49.0,3.2754010695187166,224.4,2025-12,5.37,-10.95,2.9,-13.85,📉 獲利侵蝕,⚪ 中性觀察
2949.TWO,欣新網,59.5,6.655480984340044,134.10000000000002,2025-12,3.63,6.89,21.07,-14.18,⚠️ 獲利稀釋,⚪ 中性觀察
1568.TW,倉佑,22.5499992371,6.8126885912688815,49.650000000000006,2025-12,1.36,-13.92,0.3,-14.22,📉 獲利侵蝕,⚪ 中性觀察
2303.TW,聯電,53.5999984741,6.836734499247449,117.6,2025-12,3.34,-11.97,2.26,-14.23,📉 獲利侵蝕,⚪ 中性觀察
6231.TWO,系微,269.0,17.144678138942,235.35,2025-12,6.66,-9.63,4.64,-14.27,📉 獲利侵蝕,❌ 暫避觀望
6190.TWO,萬泰科,53.2000007629,9.415929338566372,84.74999999999999,2025-12,2.19,-8.22,6.08,-14.3,📉 獲利侵蝕,⚪ 中性觀察
6491.TW,晶碩,290.0,5.491384207536451,792.1500000000001,2025-12,20.87,-11.08,3.26,-14.34,📉 獲利侵蝕,⚪ 中性觀察
3056.TW,富華新,14.8000001907,2.879377469007782,77.10000000000001,2025-12,1.07,-82.6,-68.21,-14.39,🌑 雙重衰退,⚪ 中性觀察
3416.TW,融程電,143.5,8.158044343376918,263.85,2025-12,7.39,4.56,19.07,-14.510000000000002,⚠️ 獲利稀釋,⚪ 中性觀察
4938.TW,和碩,78.0,6.419753086419754,182.24999999999997,2025-12,5.39,-15.3,-0.73,-14.57,🌑 雙重衰退,⚪ 中性觀察
2752.TWO,豆府,194.2865600586,5.26379192789488,553.65,2025-12,15.04,-3.09,11.58,-14.67,📉 獲利侵蝕,⚪ 中性觀察
2845.TW,遠東銀,12.5500001907,5.386266176266094,34.95,2025-12,0.93,-14.85,0.06,-14.91,📉 獲利侵蝕,⚪ 中性觀察
3706.TW,神達,74.6999969482,6.083061640732899,184.2,2025-12,5.15,57.01,72.06,-15.050000000000004,⚠️ 獲利稀釋,⚪ 中性觀察
1102.TW,亞泥,35.25,4.957805907172996,106.65,2025-12,3.0,-22.04,-6.89,-15.149999999999999,🌑 雙重衰退,⚪ 中性觀察
1725.TW,元禎,0.0,0.0,0.0,2025-12,1.53,-19.9,-4.68,-15.219999999999999,🌑 雙重衰退,⚪ 數據不足
6855.TWO,數泓科,109.5,6.189937817976257,265.35,2025-12,7.85,-14.67,0.7,-15.37,📉 獲利侵蝕,⚪ 中性觀察
1589.TW,永冠-KY,5.5399999619,0.0,-222.15,2025-09,-5.06,1.36,16.77,-15.41,⚠️ 獲利稀釋,⚪ 數據不足
1219.TW,福壽,13.8999996185,16.16279025406977,12.9,2025-12,0.45,-15.09,0.36,-15.45,📉 獲利侵蝕,❌ 暫避觀望
7631.TW,聚賢研發-創,111.5,8.75883739198743,190.95000000000002,2025-12,6.56,13.97,29.58,-15.609999999999998,⚠️ 獲利稀釋,⚪ 中性觀察
6278.TW,台表科,94.0999984741,3.9721400791093293,355.34999999999997,2025-12,9.39,-5.53,10.13,-15.66,📉 獲利侵蝕,⚪ 中性觀察
6949.TW,沛爾生醫-創,562.0,0.0,-237.15000000000003,2025-12,-7.23,44.38,60.07,-15.689999999999998,⚠️ 獲利稀釋,⚪ 數據不足
1402.TW,遠東新,26.6499996185,7.106666564933334,56.25,2025-12,1.55,-21.93,-6.24,-15.69,🌑 雙重衰退,⚪ 中性觀察
6598.TW,ABC-KY,23.1000003815,0.0,-69.6,2025-12,-1.96,22.83,38.52,-15.690000000000005,⚠️ 獲利稀釋,⚪ 數據不足
6754.TW,匯僑設計,45.0,6.627393225331369,101.85,2025-12,3.41,-46.72,-30.87,-15.849999999999998,🌑 雙重衰退,⚪ 中性觀察
6024.TW,群益期,55.9000015259,4.199849851682945,199.65,2025-12,5.48,-6.01,9.98,-15.99,📉 獲利侵蝕,⚪ 中性觀察
6235.TW,華孚,46.0,6.084656084656085,113.39999999999999,2025-12,2.9,-2.36,13.71,-16.07,📉 獲利侵蝕,⚪ 中性觀察
6789.TW,采鈺,318.0,33.93810032017076,140.54999999999998,2025-12,4.01,-27.01,-10.64,-16.37,🌑 雙重衰退,❌ 暫避觀望
6679.TWO,鈺太,244.5,18.593155893536125,197.24999999999997,2025-12,6.81,-23.41,-7.01,-16.4,🌑 雙重衰退,❌ 暫避觀望
1304.TW,台聚,17.8999996185,0.0,-96.6,2025-12,-2.6,-29.83,-13.41,-16.419999999999998,🌑 雙重衰退,⚪ 數據不足
4583.TW,台灣精銳,632.0,21.165438713998665,447.8999999999999,2025-12,12.0,-15.13,1.32,-16.45,📉 獲利侵蝕,❌ 暫避觀望
3526.TWO,凡甲,263.3521728516,6.3244998283285305,624.6,2025-12,16.97,5.64,22.33,-16.689999999999998,⚠️ 獲利稀釋,⚪ 中性觀察
4908.TWO,前鼎,101.0,20.159680638722556,75.14999999999999,2025-12,1.98,-29.79,-12.98,-16.81,🌑 雙重衰退,❌ 暫避觀望
7747.TWO,昕奇雲端,117.5,11.211832061068701,157.20000000000002,2025-12,4.04,-7.18,9.7,-16.88,📉 獲利侵蝕,⚪ 中性觀察
2546.TW,根基,80.0,3.754106053496011,319.65000000000003,2025-12,9.52,34.08,51.01,-16.93,⚠️ 獲利稀釋,⚪ 中性觀察
2542.TW,興富發,35.0,10.638297872340425,49.35,2025-12,2.1,-32.89,-15.9,-16.990000000000002,🌑 雙重衰退,⚪ 中性觀察
3067.TWO,全域,17.7000007629,0.0,-35.099999999999994,2025-12,-0.84,16.83,33.85,-17.020000000000003,⚠️ 獲利稀釋,⚪ 數據不足
3491.TWO,昇達科,1495.0,83.42633928571429,268.79999999999995,2025-12,7.83,-12.03,5.02,-17.049999999999997,📉 獲利侵蝕,❌ 暫避觀望
3360.TWO,尚立,14.1000003815,0.0,-28.5,2025-12,-0.48,0.0,17.25,-17.25,📉 獲利侵蝕,⚪ 數據不足
7749.TW,意騰-KY,355.0,12.579730687455706,423.29999999999995,2025-12,11.77,67.87,85.22,-17.349999999999994,⚠️ 獲利稀釋,⚪ 中性觀察
5523.TWO,豐謙,29.3999996185,0.0,-3.5999999999999996,2025-12,-0.09,-116.36,-98.98,-17.379999999999995,🌑 雙重衰退,⚪ 數據不足
3158.TWO,嘉實,89.9000015259,0.0,0.0,2025-12,7.27,-10.36,7.07,-17.43,📉 獲利侵蝕,⚪ 數據不足
2606.TW,裕民,58.5999984741,6.992839913377089,125.69999999999999,2025-12,4.31,-22.2,-4.75,-17.45,🌑 雙重衰退,⚪ 中性觀察
1795.TW,美時,216.0,4.724409448818898,685.8,2025-12,18.14,-7.14,10.36,-17.5,📉 獲利侵蝕,⚪ 中性觀察
3034.TW,聯詠,382.0,5.371203599550056,1066.8000000000002,2025-12,26.87,-19.62,-2.07,-17.55,🌑 雙重衰退,⚪ 中性觀察
2891.TW,中信金,54.5,5.4828973843058355,149.1,2025-12,4.08,11.73,29.29,-17.56,⚠️ 獲利稀釋,⚪ 中性觀察
6730.TWO,常廣,35.75,0.0,0.0,2025-12,2.14,-10.33,7.33,-17.66,📉 獲利侵蝕,⚪ 數據不足
2637.TW,慧洋-KY,67.9000015259,8.649681723044585,117.75,2025-12,5.27,-34.78,-17.06,-17.720000000000002,🌑 雙重衰退,⚪ 中性觀察
5355.TWO,佳總,6.4000000954,0.0,-36.6,2025-12,-1.12,-21.74,-3.95,-17.79,🌑 雙重衰退,⚪ 數據不足
2364.TW,倫飛,66.1999969482,6.28679933031339,157.95,2025-12,4.2,2.69,20.5,-17.81,⚠️ 獲利稀釋,⚪ 中性觀察
4760.TWO,勤凱,188.5,11.650185414091471,242.7,2025-12,7.05,9.84,27.79,-17.95,⚠️ 獲利稀釋,⚪ 中性觀察
2497.TW,怡利電,52.0999984741,10.019230475788461,78.0,2025-12,2.37,-21.36,-3.38,-17.98,🌑 雙重衰退,⚪ 中性觀察
4536.TW,拓凱,149.5,3.7069179271014137,604.9499999999999,2025-12,14.92,-20.89,-2.91,-17.98,🌑 雙重衰退,⚪ 中性觀察
2115.TW,六暉-KY,21.4500007629,4.395491959610656,73.2,2025-12,1.58,-22.93,-4.72,-18.21,🌑 雙重衰退,⚪ 中性觀察
2248.TW,華勝-KY,48.0999984741,3.985086866122618,181.05,2025-12,5.32,-19.0,-0.48,-18.52,🌑 雙重衰退,⚪ 中性觀察
6843.TWO,進典,44.7000007629,8.563218536954022,78.30000000000001,2025-12,2.2,-7.56,11.04,-18.599999999999998,📉 獲利侵蝕,⚪ 中性觀察
6720.TWO,久昌,165.0,15.10989010989011,163.8,2025-12,3.89,-33.16,-14.48,-18.679999999999996,🌑 雙重衰退,❌ 暫避觀望
6770.TW,力積電,53.5,0.0,-73.35000000000001,2025-12,-1.86,-14.2,4.48,-18.68,📉 獲利侵蝕,⚪ 數據不足
7744.TWO,崴寶,438.5,0.0,0.0,2025-12,16.28,41.2,59.94,-18.739999999999995,⚠️ 獲利稀釋,⚪ 數據不足
6934.TW,心誠鎂,0.0,0.0,0.0,2025-12,-3.92,-48.08,-29.22,-18.86,🌑 雙重衰退,⚪ 數據不足
2867.TW,三商壽,7.6900000572,28.48148169333333,4.050000000000001,2025-12,0.2,-47.37,-28.43,-18.939999999999998,🌑 雙重衰退,❌ 暫避觀望
6691.TW,洋基工程,561.0,9.732824427480915,864.6000000000001,2025-12,24.76,28.04,47.13,-19.090000000000003,⚠️ 獲利稀釋,⚪ 中性觀察
2504.TW,國產,35.6500015259,4.434079791778608,120.6,2025-12,3.3,-15.42,3.75,-19.17,📉 獲利侵蝕,⚪ 中性觀察
6791.TWO,虎門科技,94.3464126587,8.959773281927825,157.95,2025-12,4.16,0.0,19.26,-19.26,📉 獲利侵蝕,⚪ 中性觀察
6117.TW,迎廣,69.6999969482,9.547944787424656,109.50000000000001,2025-12,3.77,-7.65,11.78,-19.43,📉 獲利侵蝕,⚪ 中性觀察
6997.TWO,博弘,80.8000030518,6.755853097976589,179.4,2025-12,5.11,-8.26,11.23,-19.490000000000002,📉 獲利侵蝕,⚪ 中性觀察
2070.TWO,精湛,37.5025901794,8.333908928755555,67.5,2025-12,2.3,-22.56,-2.97,-19.59,🌑 雙重衰退,⚪ 中性觀察
2597.TW,潤弘,152.5,6.278303828736105,364.35,2025-12,10.75,0.37,19.99,-19.619999999999997,⚠️ 獲利稀釋,⚪ 中性觀察
6411.TWO,晶焱,71.8000030518,9.637584302255032,111.75000000000001,2025-12,3.18,-30.29,-10.51,-19.78,🌑 雙重衰退,⚪ 中性觀察
6899.TWO,創為精密,51.2000007629,5.919075232705202,129.75,2025-12,3.59,7.23,27.05,-19.82,⚠️ 獲利稀釋,⚪ 中性觀察
6890.TW,來億-KY,168.0,5.097087378640777,494.40000000000003,2025-12,13.02,-14.96,5.05,-20.01,📉 獲利侵蝕,⚪ 中性觀察
1476.TW,儒鴻,322.5,6.6004911993450675,732.9,2025-12,20.1,-16.94,3.15,-20.09,📉 獲利侵蝕,⚪ 中性觀察
3645.TW,達邁,73.1999969482,22.453986793926376,48.900000000000006,2025-12,1.54,-14.53,5.64,-20.169999999999998,📉 獲利侵蝕,❌ 暫避觀望
2615.TW,萬海,78.0,3.063629222309505,381.90000000000003,2025-12,11.21,-33.63,-13.25,-20.380000000000003,🌑 雙重衰退,⚪ 中性觀察
6523.TWO,達爾膚,116.0,5.677924620655897,306.45000000000005,2025-12,7.78,-26.4,-5.92,-20.479999999999997,🌑 雙重衰退,⚪ 中性觀察
3444.TWO,利機,63.7999992371,11.018998141122626,86.85,2025-12,2.15,-10.04,10.54,-20.58,📉 獲利侵蝕,⚪ 中性觀察
6957.TW,裕慶-KY,156.0,8.391608391608392,278.85,2025-12,10.18,-25.35,-4.74,-20.61,🌑 雙重衰退,⚪ 中性觀察
6204.TWO,艾華,59.5,20.307167235494884,43.949999999999996,2025-12,1.18,-20.27,0.36,-20.63,📉 獲利侵蝕,❌ 暫避觀望
3508.TWO,位速,36.0499992371,0.0,-59.7,2025-12,-1.51,6.88,27.53,-20.650000000000002,⚠️ 獲利稀釋,⚪ 數據不足
6239.TW,力成,202.0,11.952662721893493,253.49999999999997,2025-12,7.48,-18.46,2.2,-20.66,📉 獲利侵蝕,⚪ 中性觀察
3018.TW,隆銘綠能,11.4499998093,0.0,-81.14999999999999,2025-12,-2.16,-66.41,-45.66,-20.75,🌑 雙重衰退,⚪ 數據不足
3008.TW,大立光,2140.0,5.7409593304002575,5591.4,2025-12,159.41,-17.91,2.84,-20.75,📉 獲利侵蝕,⚪ 中性觀察
4933.TWO,友輝,56.7000007629,4.263157952097744,199.5,2025-12,5.77,-18.35,2.41,-20.76,📉 獲利侵蝕,⚪ 中性觀察
5288.TW,豐祥-KY,140.5,4.684894964988329,449.85,2025-12,12.25,-27.39,-6.57,-20.82,🌑 雙重衰退,⚪ 中性觀察
7714.TWO,創泓科技,129.5,9.074982480728801,214.04999999999998,2025-12,6.33,24.26,45.1,-20.84,⚠️ 獲利稀釋,⚪ 中性觀察
5269.TW,祥碩,1060.0,6.122920517560074,2596.8,2025-12,72.7,45.15,66.0,-20.85,⚠️ 獲利稀釋,⚪ 中性觀察
4138.TWO,曜亞,61.4000015259,6.1277446632634724,150.3,2025-12,3.81,-32.69,-11.82,-20.869999999999997,🌑 雙重衰退,⚪ 中性觀察
3042.TW,晶技,91.8000030518,7.023718672670237,196.05,2025-12,5.28,-15.57,5.34,-20.91,📉 獲利侵蝕,⚪ 中性觀察
3285.TWO,微端,27.9500007629,34.50617378135802,12.15,2025-12,0.7,-40.68,-19.66,-21.02,🌑 雙重衰退,❌ 暫避觀望
5483.TWO,中美晶,106.0,7.391910739191073,215.10000000000002,2025-12,6.71,-23.02,-1.89,-21.13,🌑 雙重衰退,⚪ 中性觀察
3374.TWO,精材,154.5,14.252767527675276,162.6,2025-12,4.99,-18.86,2.53,-21.39,📉 獲利侵蝕,⚪ 中性觀察
2385.TW,群光,121.0,4.959016393442623,366.00000000000006,2025-12,9.05,-27.23,-5.73,-21.5,🌑 雙重衰退,⚪ 中性觀察
5493.TWO,三聯,76.5999984741,7.458617183456671,154.04999999999998,2025-12,4.18,-0.48,21.03,-21.51,📉 獲利侵蝕,⚪ 中性觀察
2020.TW,美亞,23.071472168,4.233297645504587,81.75,2025-12,2.13,-31.07,-9.51,-21.560000000000002,🌑 雙重衰退,⚪ 中性觀察
6208.TWO,日揚,52.4000015259,8.304279164167989,94.64999999999999,2025-12,2.52,-26.32,-4.59,-21.73,🌑 雙重衰退,⚪ 中性觀察
2328.TW,廣宇,44.4000015259,10.882353315171569,61.2,2025-12,1.56,-22.0,-0.23,-21.77,🌑 雙重衰退,⚪ 中性觀察
6546.TWO,正基,68.1999969482,11.12561124766721,91.95,2025-12,2.73,-23.53,-1.73,-21.8,🌑 雙重衰退,⚪ 中性觀察
7709.TWO,榮田,68.1999969482,14.603853736231263,70.05,2025-12,2.48,-52.99,-31.16,-21.830000000000002,🌑 雙重衰退,⚪ 中性觀察
3322.TWO,建舜電,13.25,0.0,-39.300000000000004,2025-12,-0.96,-15.66,6.3,-21.96,📉 獲利侵蝕,⚪ 數據不足
2049.TW,上銀,228.0,21.860019175455417,156.45,2025-12,4.31,-22.62,-0.53,-22.09,🌑 雙重衰退,❌ 暫避觀望
3406.TW,玉晶光,444.0,6.09387867142465,1092.9,2025-12,32.84,-14.37,7.77,-22.14,📉 獲利侵蝕,⚪ 中性觀察
6499.TWO,益安,90.5,0.0,-281.84999999999997,2025-12,-7.24,21.08,43.24,-22.160000000000004,⚠️ 獲利稀釋,⚪ 數據不足
6908.TW,宏�砦C戲-創,0.0,0.0,0.0,2025-12,1.44,5.88,28.36,-22.48,⚠️ 獲利稀釋,⚪ 數據不足
6488.TWO,環球晶,409.5,11.509274873524452,533.6999999999999,2025-12,15.29,-25.74,-3.24,-22.5,🌑 雙重衰退,⚪ 中性觀察
6844.TWO,諾貝兒,64.0,10.32258064516129,93.0,2025-12,2.35,-21.14,1.36,-22.5,📉 獲利侵蝕,⚪ 中性觀察
7712.TWO,博盛半導體,105.0,8.550488599348533,184.20000000000002,2025-12,5.42,-28.68,-6.13,-22.55,🌑 雙重衰退,⚪ 中性觀察
6862.TW,三集瑞-KY,159.5,7.705314009661836,310.5,2025-12,8.29,-19.59,2.98,-22.57,📉 獲利侵蝕,⚪ 中性觀察
6655.TW,科定,128.5,14.438202247191011,133.5,2025-12,3.92,-18.72,3.86,-22.58,📉 獲利侵蝕,⚪ 中性觀察
2258.TW,鴻華先進-創,27.2999992371,0.0,-66.3,2025-12,-2.15,-73.98,-51.34,-22.64,🌑 雙重衰退,⚪ 數據不足
6205.TW,詮欣,51.7999992371,10.176817138919452,76.35,2025-12,2.0,-25.66,-3.02,-22.64,🌑 雙重衰退,⚪ 中性觀察
6922.TWO,宸曜,152.5,8.319694489907254,274.95000000000005,2025-12,6.9,-8.99,13.67,-22.66,📉 獲利侵蝕,⚪ 中性觀察
1341.TW,富林-KY,59.4000015259,6.742338425187288,132.14999999999998,2025-12,3.71,-30.65,-7.95,-22.7,🌑 雙重衰退,⚪ 中性觀察
2455.TW,全新,259.0,38.144329896907216,101.85,2025-12,2.97,-18.46,4.29,-22.75,📉 獲利侵蝕,❌ 暫避觀望
5222.TW,全訊,122.5,18.47662141779789,99.45,2025-12,2.51,-49.48,-26.68,-22.799999999999997,🌑 雙重衰退,❌ 暫避觀望
6776.TW,展�眥篕�,57.0,5.480769230769231,156.0,2025-12,4.2,-8.03,14.84,-22.869999999999997,📉 獲利侵蝕,⚪ 中性觀察
6944.TW,兆聯實業,0.0,0.0,0.0,2025-12,32.29,41.25,64.2,-22.950000000000003,⚠️ 獲利稀釋,⚪ 數據不足
4909.TWO,新復興,55.4000015259,0.0,-71.25,2025-12,-1.25,-112.33,-89.32,-23.010000000000005,🌑 雙重衰退,⚪ 數據不足
2324.TW,仁寶,27.3999996185,7.718309751690142,53.25,2025-12,1.38,-39.91,-16.78,-23.129999999999995,🌑 雙重衰退,⚪ 中性觀察
1294.TWO,漢田生技,81.5,7.093124456048738,172.35,2025-12,4.6,-19.33,4.02,-23.349999999999998,📉 獲利侵蝕,⚪ 中性觀察
6671.TW,三能-KY,30.5,5.820610687022901,78.6,2025-12,2.37,-25.47,-2.1,-23.369999999999997,🌑 雙重衰退,⚪ 中性觀察
2375.TW,凱美,72.5999984741,7.943107054059081,137.10000000000002,2025-12,3.73,-18.02,5.35,-23.369999999999997,📉 獲利侵蝕,⚪ 中性觀察
2939.TW,永邑-KY,26.1499996185,0.0,-149.25000000000003,2025-12,-3.68,-24.32,-0.82,-23.5,🌑 雙重衰退,⚪ 數據不足
3265.TWO,台星科,143.5,11.081081081081082,194.25,2025-12,5.48,-12.04,11.55,-23.59,📉 獲利侵蝕,⚪ 中性觀察
4113.TWO,聯上,17.0,0.0,-7.800000000000001,2025-12,-0.43,-112.91,-89.32,-23.590000000000003,🌑 雙重衰退,⚪ 數據不足
2348.TW,海悅,80.0,4.978220286247667,241.05,2025-12,6.85,-51.27,-27.63,-23.640000000000004,🌑 雙重衰退,⚪ 中性觀察
3093.TWO,港建*,47.9000015259,14.341317822125749,50.099999999999994,2025-12,1.22,15.09,38.76,-23.669999999999998,⚠️ 獲利稀釋,⚪ 中性觀察
1307.TW,三芳,31.5,4.565217391304349,103.49999999999999,2025-12,2.85,-23.39,0.33,-23.72,📉 獲利侵蝕,⚪ 中性觀察
3071.TWO,協禧,27.1000003815,16.937500238437497,24.0,2025-12,0.57,-29.63,-5.82,-23.81,🌑 雙重衰退,❌ 暫避觀望
4737.TW,華廣,70.3000030518,0.0,-69.75,2025-12,-2.68,-28.85,-4.92,-23.93,🌑 雙重衰退,⚪ 數據不足
6277.TW,宏正,72.0999984741,9.339378040686528,115.80000000000001,2025-12,3.08,-25.6,-1.49,-24.110000000000003,🌑 雙重衰退,⚪ 中性觀察
6482.TWO,弘煜科,0.0,0.0,0.0,2025-12,2.32,-34.28,-10.07,-24.21,🌑 雙重衰退,⚪ 數據不足
6640.TWO,均華,1375.0,47.54495159059475,433.79999999999995,2025-12,12.75,-14.04,10.19,-24.229999999999997,📉 獲利侵蝕,❌ 暫避觀望
2101.TW,南港,37.75,539.2857142857143,1.0499999999999998,2025-12,1.01,-68.84,-44.61,-24.230000000000004,🔄 轉虧為盈,❌ 暫避觀望
2393.TW,億光,68.6999969482,6.074270287197171,169.64999999999998,2025-12,4.6,-30.72,-6.36,-24.36,🌑 雙重衰退,⚪ 中性觀察
6962.TW,奕力-KY,32.5999984741,3.457051800010604,141.45000000000002,2025-12,2.87,-39.39,-15.03,-24.36,🌑 雙重衰退,⚪ 中性觀察
1609.TW,大亞,32.3499984741,7.419724420665137,65.4,2025-12,1.65,-21.15,3.39,-24.54,📉 獲利侵蝕,⚪ 中性觀察
6245.TWO,立端,69.5,6.847290640394088,152.25,2025-12,4.38,-28.08,-3.53,-24.549999999999997,🌑 雙重衰退,⚪ 中性觀察
2432.TW,倚天酷��-創,26.5499992371,7.4162009042178765,53.7,2025-12,1.88,1.06,25.63,-24.57,⚠️ 獲利稀釋,⚪ 中性觀察
6913.TWO,鴻呈,107.0,9.98134328358209,160.79999999999998,2025-12,4.34,-2.92,21.66,-24.58,📉 獲利侵蝕,⚪ 中性觀察
6227.TWO,茂綸,91.8000030518,5.895953953230571,233.55,2025-12,7.54,17.08,41.88,-24.800000000000004,⚠️ 獲利稀釋,⚪ 中性觀察
2382.TW,廣達,284.5,5.971872376154492,714.6,2025-12,19.45,25.55,50.54,-24.99,⚠️ 獲利稀釋,⚪ 中性觀察
6151.TWO,晉倫,32.7000007629,10.000000233302753,49.05,2025-12,1.16,-21.62,3.42,-25.04,📉 獲利侵蝕,⚪ 中性觀察
1597.TW,直得,85.6999969482,49.25287180931034,26.1,2025-12,0.91,-15.24,9.81,-25.05,📉 獲利侵蝕,❌ 暫避觀望
1504.TW,東元,60.7000007629,9.8379255693517,92.55000000000001,2025-12,2.42,-18.15,6.99,-25.14,📉 獲利侵蝕,⚪ 中性觀察
6143.TWO,振曜,89.3882827759,6.8919261970624515,194.55,2025-12,6.46,-10.28,15.03,-25.31,📉 獲利侵蝕,⚪ 中性觀察
2535.TW,達欣工,66.183052063,4.558061436845731,217.79999999999998,2025-12,6.5,24.8,50.25,-25.45,⚠️ 獲利稀釋,⚪ 中性觀察
2250.TW,IKKA-KY,60.5999984741,5.738636219138258,158.39999999999998,2025-12,3.99,-33.62,-8.12,-25.5,🌑 雙重衰退,⚪ 中性觀察
1723.TW,中碳,85.1999969482,11.607629012016348,110.1,2025-12,2.65,-48.92,-23.4,-25.520000000000003,🌑 雙重衰退,⚪ 中性觀察
3592.TW,瑞鼎,218.0,4.547350855235711,719.0999999999999,2025-12,18.24,-34.08,-8.12,-25.96,🌑 雙重衰退,⚪ 中性觀察
4770.TW,上品,216.5,8.15442561205273,398.25000000000006,2025-12,10.2,-52.93,-26.81,-26.12,🌑 雙重衰退,⚪ 中性觀察
4549.TWO,桓達,97.0,11.644657863145259,124.95,2025-12,3.32,-29.66,-3.48,-26.18,🌑 雙重衰退,⚪ 中性觀察
1227.TW,佳格,30.75,9.669811320754716,47.7,2025-12,1.33,-30.16,-3.8,-26.36,🌑 雙重衰退,⚪ 中性觀察
3015.TW,全漢,49.5,12.252475247524753,60.6,2025-12,1.86,-13.89,12.58,-26.47,📉 獲利侵蝕,⚪ 中性觀察
5292.TW,華懋,211.5,8.775933609958505,361.5,2025-12,9.93,0.71,27.29,-26.58,⚠️ 獲利稀釋,⚪ 中性觀察
3693.TWO,營邦,475.5,10.34145280556764,689.6999999999999,2025-12,15.5,-38.69,-11.96,-26.729999999999997,🌑 雙重衰退,⚪ 中性觀察
3580.TWO,友威科,69.9000015259,14.809322357182204,70.8,2025-12,1.94,-61.35,-34.55,-26.800000000000004,🌑 雙重衰退,⚪ 中性觀察
6651.TWO,全宇昕,87.8000030518,5.7992075991941885,227.1,2025-12,6.32,-22.95,3.91,-26.86,📉 獲利侵蝕,⚪ 中性觀察
2427.TW,三商電,23.2000007629,5.771144468383084,60.300000000000004,2025-12,1.53,6.99,33.95,-26.96,⚠️ 獲利稀釋,⚪ 中性觀察
3443.TW,創意,2320.0,34.223336775335596,1016.8499999999999,2025-12,28.13,9.24,36.32,-27.08,⚠️ 獲利稀釋,❌ 暫避觀望
6279.TWO,胡連,108.0,4.492512479201332,360.5999999999999,2025-12,10.74,-15.51,11.63,-27.14,📉 獲利侵蝕,⚪ 中性觀察
1519.TW,華城,797.0,25.792880258899675,463.50000000000006,2025-12,13.99,-6.3,20.89,-27.19,📉 獲利侵蝕,❌ 暫避觀望
3691.TWO,碩禾,102.0,0.0,-356.70000000000005,2025-12,-7.62,-35.83,-8.54,-27.29,🌑 雙重衰退,⚪ 數據不足
3533.TW,嘉澤,2045.0,12.396193247257077,2474.55,2025-12,70.17,-15.21,12.28,-27.490000000000002,📉 獲利侵蝕,⚪ 中性觀察
6768.TW,志強-KY,84.5999984741,4.392523285259605,288.90000000000003,2025-12,6.77,-17.06,10.46,-27.52,📉 獲利侵蝕,⚪ 中性觀察
4905.TWO,台聯電,77.5999984741,23.095237641101193,50.4,2025-12,2.76,-5.15,22.56,-27.71,📉 獲利侵蝕,❌ 暫避觀望
5291.TWO,邑昇,71.9000015259,123.96551987224136,8.700000000000001,2025-12,0.31,-17.95,9.81,-27.759999999999998,📉 獲利侵蝕,❌ 暫避觀望
2492.TW,華新科,114.0,11.801242236024844,144.9,2025-12,4.74,-22.96,4.91,-27.87,📉 獲利侵蝕,⚪ 中性觀察
6668.TW,中揚光,34.1500015259,0.0,-61.49999999999999,2025-12,-1.93,-3.35,24.6,-27.950000000000003,📉 獲利侵蝕,⚪ 數據不足
5203.TW,訊連,63.7000007629,7.574316380844232,126.15,2025-12,3.63,-9.05,18.91,-27.96,📉 獲利侵蝕,⚪ 中性觀察
4164.TW,承業醫,30.9500007629,15.71066028573604,29.550000000000004,2025-12,1.0,-5.94,22.15,-28.09,📉 獲利侵蝕,❌ 暫避觀望
6887.TW,寶綠特-KY,44.9500007629,4.075249389202175,165.45000000000002,2025-12,4.58,-40.21,-12.03,-28.18,🌑 雙重衰退,⚪ 中性觀察
1436.TW,華友聯,53.5,3.651877133105802,219.74999999999997,2025-12,5.39,-72.4,-44.06,-28.340000000000003,🌑 雙重衰退,⚪ 中性觀察
2233.TW,宇隆,218.5,12.822769953051644,255.6,2025-12,6.7,-38.87,-10.49,-28.379999999999995,🌑 雙重衰退,⚪ 中性觀察
2476.TW,鉅祥,0.0,0.0,0.0,2025-12,4.36,-15.98,12.66,-28.64,📉 獲利侵蝕,⚪ 數據不足
4551.TW,智伸科,131.5,10.08435582822086,195.6,2025-12,6.04,-27.14,1.71,-28.85,📉 獲利侵蝕,⚪ 中性觀察
2905.TW,三商,14.3999996185,11.07692278346154,19.499999999999996,2025-12,0.71,-49.63,-20.78,-28.85,🌑 雙重衰退,⚪ 中性觀察
4161.TWO,聿新科,24.6499996185,9.232209594943821,40.05,2025-12,1.23,-32.77,-3.25,-29.520000000000003,🌑 雙重衰退,⚪ 中性觀察
4721.TWO,美琪瑪,72.0999984741,9.730094261012148,111.14999999999999,2025-12,3.01,-10.42,19.28,-29.700000000000003,📉 獲利侵蝕,⚪ 中性觀察
2748.TW,雲品,39.7999992371,7.834645519114172,76.20000000000002,2025-12,2.17,-30.67,-0.76,-29.91,🌑 雙重衰退,⚪ 中性觀察
5471.TW,松翰,36.8499984741,21.54970671,25.65,2025-12,0.72,-32.71,-2.51,-30.200000000000003,🌑 雙重衰退,❌ 暫避觀望
6412.TW,群電,73.0,5.88235294117647,186.15,2025-12,5.2,-37.65,-7.33,-30.32,🌑 雙重衰退,⚪ 中性觀察
4401.TWO,東隆興,14.8000001907,9.36708872829114,23.7,2025-12,0.73,-31.13,-0.68,-30.45,🌑 雙重衰退,⚪ 中性觀察
6136.TW,富爾特,24.2999992371,12.272726887424243,29.7,2025-12,0.89,-1.11,29.83,-30.939999999999998,📉 獲利侵蝕,⚪ 中性觀察
2493.TW,揚博,103.5,9.366515837104071,165.75,2025-12,4.36,-27.93,3.03,-30.96,📉 獲利侵蝕,⚪ 中性觀察
6642.TWO,富致,53.0999984741,8.41521370429477,94.64999999999999,2025-12,2.6,-27.37,3.61,-30.98,📉 獲利侵蝕,⚪ 中性觀察
2548.TW,華固,122.0,9.934853420195438,184.20000000000002,2025-12,10.15,121.88,152.88,-31.0,⚠️ 獲利稀釋,⚪ 中性觀察
2881.TW,富邦金,87.8000030518,4.163110623603604,316.35,2025-12,8.37,-21.56,9.74,-31.299999999999997,📉 獲利侵蝕,⚪ 中性觀察
6163.TWO,華電網,59.5,165.27777777777777,5.3999999999999995,2025-12,0.75,-20.43,10.94,-31.369999999999997,🔄 轉虧為盈,❌ 暫避觀望
2208.TW,台船,20.2000007629,0.0,-95.1,2025-12,-1.77,18.81,50.27,-31.460000000000004,⚠️ 獲利稀釋,⚪ 數據不足
6148.TWO,驊宏資,32.75,12.129629629629628,40.5,2025-12,1.36,-11.69,19.79,-31.479999999999997,📉 獲利侵蝕,⚪ 中性觀察
3090.TW,日電貿,90.6999969482,6.6740247938337,203.85000000000002,2025-12,5.48,-2.02,29.54,-31.56,📉 獲利侵蝕,⚪ 中性觀察
2374.TW,佳能,66.5,13.380281690140846,74.55,2025-12,2.44,28.57,60.25,-31.68,⚠️ 獲利稀釋,⚪ 中性觀察
6469.TWO,大樹,82.0,7.6923076923076925,159.9,2025-12,4.01,-22.33,9.39,-31.72,📉 獲利侵蝕,⚪ 中性觀察
2377.TW,微星,87.1999969482,5.518987148620253,236.99999999999997,2025-12,6.8,-15.42,16.34,-31.759999999999998,📉 獲利侵蝕,⚪ 中性觀察
6418.TWO,詠昇,29.7000007629,14.487805250195123,30.749999999999996,2025-12,0.73,-33.64,-1.53,-32.11,🌑 雙重衰退,⚪ 中性觀察
6585.TW,鼎基,0.0,0.0,0.0,2025-12,5.64,-45.5,-13.21,-32.29,🌑 雙重衰退,⚪ 數據不足
2603.TW,長榮,202.5,2.2560160427807485,1346.4,2025-12,31.68,-50.82,-18.23,-32.59,🌑 雙重衰退,⚪ 中性觀察
6548.TWO,長科*,46.0,12.234042553191488,56.400000000000006,2025-12,1.63,-20.6,12.02,-32.620000000000005,📉 獲利侵蝕,⚪ 中性觀察
3567.TWO,逸昌,25.9500007629,10.903361665084034,35.699999999999996,2025-12,1.06,-43.32,-10.64,-32.68,🌑 雙重衰退,⚪ 中性觀察
7777.TWO,能率亞洲,24.7000007629,0.0,0.0,2025-12,0.58,-16.92,15.88,-32.800000000000004,📉 獲利侵蝕,⚪ 數據不足
1909.TW,榮成,9.9499998093,0.0,-21.900000000000002,2025-12,-0.39,-39.29,-6.47,-32.82,🌑 雙重衰退,⚪ 數據不足
1470.TW,大統新創,21.6000003815,15.428571701071427,21.000000000000004,2025-12,0.78,-30.97,1.99,-32.96,📉 獲利侵蝕,❌ 暫避觀望
4420.TWO,光明,43.0499992371,2.073699385216763,311.40000000000003,2025-12,5.53,-10.52,22.7,-33.22,📉 獲利侵蝕,⚪ 中性觀察
2897.TW,王道銀行,10.0500001907,6.090909206484849,24.750000000000004,2025-12,0.61,-35.48,-2.09,-33.39,🌑 雙重衰退,⚪ 中性觀察
3038.TW,全台,20.5,7.536764705882352,40.800000000000004,2025-12,1.1,-50.0,-16.5,-33.5,🌑 雙重衰退,⚪ 中性觀察
2105.TW,正新,31.5499992371,8.069053513324809,58.650000000000006,2025-12,1.5,-39.27,-5.68,-33.59,🌑 雙重衰退,⚪ 中性觀察
5258.TW,虹堡,46.9000015259,7.362637602182103,95.55000000000001,2025-12,4.23,-33.17,0.46,-33.63,📉 獲利侵蝕,⚪ 中性觀察
4961.TW,天鈺,149.0,5.545217714923707,403.04999999999995,2025-12,9.65,-39.94,-6.28,-33.66,🌑 雙重衰退,⚪ 中性觀察
4994.TW,傳奇,98.0,17.162872154115586,85.65,2025-12,1.96,-59.0,-25.18,-33.82,🌑 雙重衰退,❌ 暫避觀望
3305.TW,昇貿,101.5,12.184873949579831,124.95,2025-12,3.16,-4.59,29.36,-33.95,📉 獲利侵蝕,⚪ 中性觀察
1785.TWO,光洋科,88.0999984741,17.24070420236791,76.64999999999999,2025-12,3.14,-1.88,32.39,-34.27,📉 獲利侵蝕,❌ 暫避觀望
5906.TW,台南-KY,47.0,15.210355987055017,46.349999999999994,2025-12,0.98,-41.32,-7.04,-34.28,🌑 雙重衰退,❌ 暫避觀望
6716.TWO,應廣,64.0,15.841584158415841,60.6,2025-12,2.19,-49.65,-15.3,-34.349999999999994,🌑 雙重衰退,❌ 暫避觀望
6126.TWO,信音,29.0,14.00966183574879,31.050000000000004,2025-12,0.71,-27.08,7.41,-34.489999999999995,📉 獲利侵蝕,⚪ 中性觀察
6155.TW,鈞寶,42.0,31.818181818181824,19.799999999999997,2025-12,0.74,-23.71,10.87,-34.58,📉 獲利侵蝕,❌ 暫避觀望
6176.TW,瑞儀,92.0,3.9552880481513317,348.9000000000001,2025-12,9.4,-40.24,-5.52,-34.72,🌑 雙重衰退,⚪ 中性觀察
6834.TW,天二科技,31.2999992371,35.56818095124999,13.200000000000001,2025-12,0.5,-21.88,12.86,-34.739999999999995,📉 獲利侵蝕,❌ 暫避觀望
3680.TWO,家登,375.0,20.30319436924743,277.04999999999995,2025-12,9.43,-22.51,12.26,-34.77,📉 獲利侵蝕,❌ 暫避觀望
2314.TW,台揚,16.9500007629,0.0,-195.15000000000003,2025-12,-6.11,-34.29,0.49,-34.78,📉 獲利侵蝕,⚪ 數據不足
1308.TW,亞聚,18.6000003815,0.0,-63.3,2025-12,-1.76,-39.68,-4.78,-34.9,🌑 雙重衰退,⚪ 數據不足
3617.TW,碩天,168.5,4.806046776953793,525.9000000000001,2025-12,14.47,-40.33,-4.98,-35.349999999999994,🌑 雙重衰退,⚪ 中性觀察
2387.TW,精元,39.5,4.741896758703481,124.95,2025-12,3.47,-55.56,-19.78,-35.78,🌑 雙重衰退,⚪ 中性觀察
6221.TWO,晉泰,26.1499996185,3.950150999773414,99.3,2025-12,2.35,-33.33,2.45,-35.78,📉 獲利侵蝕,⚪ 中性觀察
6667.TWO,信紘科,236.0,6.976056754360036,507.45,2025-12,13.77,39.39,75.17,-35.78,⚠️ 獲利稀釋,⚪ 中性觀察
6683.TWO,雍智科技,1450.0,42.36050248320188,513.4499999999999,2025-12,15.42,-12.9,23.03,-35.93,📉 獲利侵蝕,❌ 暫避觀望
5514.TWO,三豐,16.2000007629,0.0,-5.1000000000000005,2025-12,-0.13,-135.14,-99.16,-35.97999999999999,🌑 雙重衰退,⚪ 數據不足
1786.TW,科妍,60.7000007629,12.18875517327309,74.7,2025-12,2.24,-35.61,0.37,-35.98,📉 獲利侵蝕,⚪ 中性觀察
2353.TW,宏��,27.0499992371,9.458041691293705,42.900000000000006,2025-12,1.26,-31.87,4.14,-36.01,📉 獲利侵蝕,⚪ 中性觀察
2736.TWO,富野,12.9499998093,0.0,-66.9,2025-12,-1.83,0.0,36.07,-36.07,📉 獲利侵蝕,⚪ 數據不足
3564.TWO,其陽,39.6500015259,26.08552731967105,22.800000000000004,2025-12,0.65,-26.97,9.25,-36.22,📉 獲利侵蝕,❌ 暫避觀望
3372.TWO,典範,18.7000007629,0.0,-51.45,2025-12,-1.22,-15.09,21.56,-36.65,📉 獲利侵蝕,⚪ 數據不足
6906.TW,現觀科,68.0,21.38364779874214,47.7,2025-12,1.87,-48.45,-11.58,-36.870000000000005,🌑 雙重衰退,❌ 暫避觀望
6597.TWO,立誠,60.4000015259,10.596491495771932,85.49999999999999,2025-12,2.51,-48.7,-11.79,-36.910000000000004,🌑 雙重衰退,⚪ 中性觀察
3338.TW,泰碩,60.2000007629,12.186234972246963,74.10000000000001,2025-12,1.8,-40.47,-3.54,-36.93,🌑 雙重衰退,⚪ 中性觀察
6937.TW,天虹,240.5,36.05697151424288,100.05,2025-12,3.01,-50.25,-13.26,-36.99,🌑 雙重衰退,❌ 暫避觀望
2489.TW,瑞軒,32.2000007629,12.059925379363294,40.05,2025-12,1.22,-31.22,6.13,-37.35,📉 獲利侵蝕,⚪ 中性觀察
4580.TWO,捷流閥業,80.4000015259,6.728033600493723,179.25000000000003,2025-12,5.03,-42.92,-5.55,-37.370000000000005,🌑 雙重衰退,⚪ 中性觀察
3206.TWO,志豐,41.0,7.824427480916031,78.60000000000001,2025-12,2.02,-50.73,-13.21,-37.519999999999996,🌑 雙重衰退,⚪ 中性觀察
7732.TW,金興精密,34.0,7.249466950959488,70.35000000000001,2025-12,1.73,-37.18,0.66,-37.839999999999996,📉 獲利侵蝕,⚪ 中性觀察
1616.TW,億泰,23.0499992371,3.8289035277574754,90.3,2025-12,1.55,-24.5,13.38,-37.88,📉 獲利侵蝕,⚪ 中性觀察
1434.TW,福懋,16.5,16.5,15.0,2025-12,0.51,-42.05,-4.08,-37.97,🌑 雙重衰退,❌ 暫避觀望
2724.TWO,藝舍-KY,18.5499992371,0.0,-10.350000000000001,2025-12,-0.2,-106.76,-68.65,-38.11,🌑 雙重衰退,⚪ 數據不足
2495.TW,普安,32.0,20.0,23.999999999999996,2025-12,1.13,-49.1,-10.89,-38.21,🌑 雙重衰退,❌ 暫避觀望
6284.TWO,佳邦,80.0999984741,7.542372737674199,159.3,2025-12,4.36,-34.8,3.44,-38.239999999999995,📉 獲利侵蝕,⚪ 中性觀察
6441.TWO,廣錠,19.5499992371,0.0,-188.25,2025-12,-5.16,-94.72,-56.46,-38.26,🌑 雙重衰退,⚪ 數據不足
6147.TWO,頎邦,84.0,9.633027522935778,130.8,2025-12,3.74,-32.79,5.49,-38.28,📉 獲利侵蝕,⚪ 中性觀察
6207.TWO,雷科,50.0,22.727272727272727,33.0,2025-12,0.9,-56.52,-18.16,-38.36,🌑 雙重衰退,❌ 暫避觀望
6637.TWO,醫影,71.1999969482,3.8258998897474474,279.15,2025-12,7.17,1.91,40.45,-38.540000000000006,⚠️ 獲利稀釋,⚪ 中性觀察
3438.TWO,類比科,44.25,21.691176470588236,30.6,2025-12,1.0,-33.77,4.92,-38.690000000000005,📉 獲利侵蝕,❌ 暫避觀望
2352.TW,佳世達,23.2999992371,12.135416269322917,28.799999999999997,2025-12,0.64,-35.71,3.09,-38.8,📉 獲利侵蝕,⚪ 中性觀察
5905.TWO,南仁湖,7.8000001907,0.0,-21.9,2025-12,-0.63,-29.17,9.65,-38.82,📉 獲利侵蝕,⚪ 數據不足
2641.TWO,正德,17.8999996185,3.75262046509434,71.55,2025-12,2.01,4.26,43.12,-38.86,⚠️ 獲利稀釋,⚪ 中性觀察
7728.TWO,光焱科技,737.0,81.61683277962348,135.45,2025-12,4.92,-45.05,-6.16,-38.89,🌑 雙重衰退,❌ 暫避觀望
1805.TW,寶徠,10.5,16.666666666666668,9.45,2025-12,0.2,-93.38,-54.43,-38.949999999999996,🌑 雙重衰退,❌ 暫避觀望
4767.TWO,誠泰科技,25.0499992371,9.597700857126437,39.15,2025-12,1.24,-56.03,-17.06,-38.97,🌑 雙重衰退,⚪ 中性觀察
6669.TW,緯穎,3410.0,5.274228972685371,9698.099999999999,2025-12,275.06,124.43,163.68,-39.25,⚠️ 獲利稀釋,⚪ 中性觀察
6028.TWO,公勝保經,82.2396850586,0.0,0.0,2025-12,7.86,-34.17,5.26,-39.43,📉 獲利侵蝕,⚪ 數據不足
3413.TW,京鼎,293.5,5.3872980910425845,817.1999999999999,2025-12,21.44,-12.83,26.66,-39.49,📉 獲利侵蝕,⚪ 中性觀察
3083.TWO,網龍,27.0,39.130434782608695,10.350000000000001,2025-12,0.43,-46.91,-7.4,-39.51,🌑 雙重衰退,❌ 暫避觀望
3715.TW,定穎投控,172.0,21.635220125786166,119.24999999999999,2025-12,2.7,-30.16,9.37,-39.53,📉 獲利侵蝕,❌ 暫避觀望
4441.TW,振大環球,0.0,0.0,0.0,2025-12,14.79,-11.39,28.28,-39.67,📉 獲利侵蝕,⚪ 數據不足
1784.TWO,訊聯,78.4000015259,30.505837169610896,38.55,2025-12,1.02,-38.61,1.19,-39.8,📉 獲利侵蝕,❌ 暫避觀望
3088.TWO,艾訊,80.6999969482,8.388773071538461,144.29999999999998,2025-12,4.68,-37.99,1.82,-39.81,📉 獲利侵蝕,⚪ 中性觀察
2543.TW,皇昌,57.4000015259,8.516320701172107,101.10000000000001,2025-12,2.69,-44.58,-4.77,-39.81,🌑 雙重衰退,⚪ 中性觀察
5009.TWO,榮剛,31.9500007629,6.228070324152047,76.95,2025-12,2.2,-50.0,-10.14,-39.86,🌑 雙重衰退,⚪ 中性觀察
3004.TW,豐達科,100.6571578979,6.540426114223522,230.85000000000002,2025-12,5.85,-24.15,15.8,-39.95,📉 獲利侵蝕,⚪ 中性觀察
3515.TW,華擎,201.0,5.4324324324324325,555.0,2025-12,15.28,46.5,86.48,-39.980000000000004,⚠️ 獲利稀釋,⚪ 中性觀察
3455.TWO,由田,139.0,50.18050541516246,41.55,2025-12,2.67,-49.53,-9.54,-39.99,🌑 雙重衰退,❌ 暫避觀望
7730.TW,暉盛-創,167.5,0.0,0.0,2025-12,1.73,-45.51,-5.33,-40.18,🌑 雙重衰退,⚪ 數據不足
2941.TWO,米斯特,38.0999984741,6.028480771218354,94.80000000000001,2025-12,2.35,-27.47,12.71,-40.18,📉 獲利侵蝕,⚪ 中性觀察
2030.TW,彰源,16.1499996185,19.45783086566265,12.450000000000001,2025-12,0.35,-58.33,-18.14,-40.19,🌑 雙重衰退,❌ 暫避觀望
1110.TW,東泥,14.3999996185,17.999999523125002,11.999999999999998,2025-12,0.36,-40.98,-0.74,-40.239999999999995,🌑 雙重衰退,❌ 暫避觀望
6715.TW,嘉基,312.0,65.00000000000001,71.99999999999999,2025-12,1.8,-65.38,-25.1,-40.279999999999994,🌑 雙重衰退,❌ 暫避觀望
4958.TW,臻鼎-KY,213.5,16.864139020537124,189.9,2025-12,6.91,-33.96,6.33,-40.29,📉 獲利侵蝕,❌ 暫避觀望
2355.TW,敬鵬,51.7000007629,13.42857162672727,57.75,2025-12,1.6,-43.86,-3.51,-40.35,🌑 雙重衰退,⚪ 中性觀察
6692.TWO,進能服,0.0,0.0,0.0,2025-12,0.23,-75.0,-34.63,-40.37,🌑 雙重衰退,⚪ 數據不足
5469.TW,瀚宇博,79.4000015259,5.234014602893869,227.55,2025-12,6.05,-3.06,37.46,-40.52,📉 獲利侵蝕,⚪ 中性觀察
3707.TWO,漢磊,48.2999992371,0.0,-75.6,2025-12,-1.97,-41.61,-0.88,-40.73,🌑 雙重衰退,⚪ 數據不足
2474.TW,可成,190.5,7.284894837476099,392.25000000000006,2025-12,11.33,-37.78,3.18,-40.96,📉 獲利侵蝕,⚪ 中性觀察
4952.TW,凌通,39.0999984741,11.499999551205882,51.0,2025-12,1.03,-54.63,-13.56,-41.07,🌑 雙重衰退,⚪ 中性觀察
3669.TW,圓展,32.7000007629,33.03030380090909,14.85,2025-12,1.13,-44.61,-3.05,-41.56,🌑 雙重衰退,❌ 暫避觀望
7718.TWO,友鋮,47.0999984741,6.046212897830553,116.85,2025-12,3.75,-40.13,1.44,-41.57,📉 獲利侵蝕,⚪ 中性觀察
2104.TW,國際中橡,12.25,0.0,-126.74999999999999,2025-12,-4.28,-53.09,-11.5,-41.59,🌑 雙重衰退,⚪ 數據不足
6423.TWO,億而得,81.1999969482,39.41747424669902,30.900000000000002,2025-12,0.58,-39.36,2.34,-41.7,📉 獲利侵蝕,❌ 暫避觀望
2031.TW,新光鋼,40.0999984741,5.744985454742121,104.69999999999997,2025-12,3.3,-26.67,15.12,-41.79,📉 獲利侵蝕,⚪ 中性觀察
6756.TW,威鋒電子,69.649520874,26.583786593129773,39.300000000000004,2025-12,1.11,-50.67,-8.83,-41.84,🌑 雙重衰退,❌ 暫避觀望
6624.TWO,萬年清,58.5999984741,1171.9999694820008,0.7499999999999994,2025-12,0.36,-52.17,-10.21,-41.96,🔄 轉虧為盈,❌ 暫避觀望
4739.TW,康普,76.4000015259,45.20710149461538,25.35,2025-12,1.56,9.15,51.17,-42.02,⚠️ 獲利稀釋,❌ 暫避觀望
3022.TW,威強電,62.0999984741,6.475495148498435,143.85,2025-12,4.63,-46.9,-4.78,-42.12,🌑 雙重衰退,⚪ 中性觀察
5223.TWO,安力-KY,26.5499992371,0.0,-8.55,2025-12,-0.67,-24.07,18.08,-42.15,📉 獲利侵蝕,⚪ 數據不足
2397.TW,友通,53.5,6.930051813471502,115.80000000000001,2025-12,2.49,-28.03,14.61,-42.64,📉 獲利侵蝕,⚪ 中性觀察
5310.TWO,天剛,26.8500003815,10.132075615660376,39.75000000000001,2025-12,0.52,-82.78,-40.09,-42.69,🌑 雙重衰退,⚪ 中性觀察
6174.TWO,安��,22.2000007629,14.899329371073826,22.35,2025-12,0.66,-12.0,30.85,-42.85,📉 獲利侵蝕,⚪ 中性觀察
5388.TW,中磊,77.3551483154,7.466713157857144,155.39999999999998,2025-12,4.04,-47.82,-4.91,-42.91,🌑 雙重衰退,⚪ 中性觀察
5245.TWO,智晶,24.1000003815,0.0,-168.45000000000002,2025-12,-4.9,-56.67,-13.73,-42.94,🌑 雙重衰退,⚪ 數據不足
3317.TWO,尼克森,50.2999992371,9.03052050935368,83.55000000000001,2025-12,1.66,-33.33,9.65,-42.98,📉 獲利侵蝕,⚪ 中性觀察
2605.TW,新興,41.2999992371,18.944953778486237,32.7,2025-12,1.45,-43.36,-0.1,-43.26,🌑 雙重衰退,❌ 暫避觀望
3467.TWO,台灣精材,41.2000007629,28.219178604726025,21.9,2025-12,0.58,-44.12,-0.57,-43.55,🌑 雙重衰退,❌ 暫避觀望
1582.TW,信錦,105.0,11.205976520811099,140.55,2025-12,3.45,-51.27,-7.71,-43.56,🌑 雙重衰退,⚪ 中性觀察
1443.TW,立益物流,22.2999992371,9.823788210176211,34.05,2025-12,1.13,-37.57,6.05,-43.62,📉 獲利侵蝕,⚪ 中性觀察
2439.TW,美律,83.8000030518,6.994991907495827,179.70000000000002,2025-12,5.36,-37.71,6.01,-43.72,📉 獲利侵蝕,⚪ 中性觀察
6859.TWO,伯特光,114.0,15.03957783641161,113.7,2025-12,2.86,-8.36,35.45,-43.81,📉 獲利侵蝕,❌ 暫避觀望
3211.TWO,順達,332.0,15.363257751041182,324.15000000000003,2025-12,9.05,-48.92,-4.98,-43.94,🌑 雙重衰退,❌ 暫避觀望
3306.TWO,鼎天,46.1500015259,8.691149063258004,79.64999999999999,2025-12,1.95,-33.45,10.49,-43.940000000000005,📉 獲利侵蝕,⚪ 中性觀察
2743.TWO,山富,73.5,4.487179487179487,245.7,2025-12,3.94,-45.58,-1.62,-43.96,🌑 雙重衰退,⚪ 中性觀察
6194.TWO,育富,32.5499992371,5.318627326323529,91.80000000000001,2025-12,2.19,-47.23,-2.95,-44.279999999999994,🌑 雙重衰退,⚪ 中性觀察
4935.TW,茂林-KY,35.4000015259,11.238095722507936,47.25000000000001,2025-12,1.34,-67.32,-22.97,-44.349999999999994,🌑 雙重衰退,⚪ 中性觀察
2484.TW,希華,30.3500003815,23.710937798046874,19.2,2025-12,0.65,-34.34,10.07,-44.410000000000004,📉 獲利侵蝕,❌ 暫避觀望
6569.TWO,醫揚,94.5,16.965888689407535,83.55000000000001,2025-12,2.88,-38.68,5.8,-44.48,📉 獲利侵蝕,❌ 暫避觀望
3501.TW,維熹,47.8499984741,5.358342494300112,133.95,2025-12,3.0,-50.98,-6.46,-44.519999999999996,🌑 雙重衰退,⚪ 中性觀察
6292.TWO,迅德,45.5,14.398734177215191,47.4,2025-12,2.0,-48.05,-3.28,-44.769999999999996,🌑 雙重衰退,⚪ 中性觀察
6904.TWO,伯鑫,121.0,10.404127257093721,174.45000000000005,2025-12,5.44,-48.04,-3.05,-44.99,🌑 雙重衰退,⚪ 中性觀察
5474.TWO,聰泰,126.5,9.867394695787832,192.3,2025-12,5.49,-22.13,22.92,-45.05,📉 獲利侵蝕,⚪ 中性觀察
4720.TW,德淵,17.5,9.067357512953366,28.950000000000003,2025-12,0.74,-47.52,-2.31,-45.21,🌑 雙重衰退,⚪ 中性觀察
4438.TW,廣越,56.2999992371,15.595567655706366,54.15000000000002,2025-12,3.04,-27.51,17.91,-45.42,📉 獲利侵蝕,❌ 暫避觀望
4566.TW,時碩工業,55.8360519409,20.452766278717945,40.95,2025-12,1.36,-41.88,3.73,-45.61,📉 獲利侵蝕,❌ 暫避觀望
4989.TW,榮科,63.4000015259,0.0,-149.55,2025-12,-3.48,-56.76,-11.09,-45.67,🌑 雙重衰退,⚪ 數據不足
5285.TW,界霖,48.2000007629,14.093567474532161,51.300000000000004,2025-12,1.53,-39.29,6.4,-45.69,📉 獲利侵蝕,⚪ 中性觀察
3289.TWO,宜特,127.9749298096,9.200210626139468,208.65,2025-12,4.81,-34.26,11.44,-45.699999999999996,📉 獲利侵蝕,⚪ 中性觀察
1809.TW,中釉,25.1000003815,57.0454554125,6.6,2025-12,0.19,-42.42,3.41,-45.83,📉 獲利侵蝕,❌ 暫避觀望
6823.TWO,濾能,61.7000007629,0.0,-208.95,2025-12,-7.92,-3.84,42.15,-45.989999999999995,📉 獲利侵蝕,⚪ 數據不足
2103.TW,台橡,19.0499992371,12.871621106148648,22.2,2025-12,0.54,-48.08,-1.98,-46.1,🌑 雙重衰退,⚪ 中性觀察
2302.TW,麗正,17.3999996185,20.232557695930232,12.9,2025-12,0.49,-34.67,11.66,-46.33,📉 獲利侵蝕,❌ 暫避觀望
3033.TW,威健,31.8500003815,8.251295435621762,57.9,2025-12,1.81,-25.31,21.23,-46.54,📉 獲利侵蝕,⚪ 中性觀察
7722.TW,LINEPAY,0.0,0.0,0.0,2025-12,7.46,-21.64,25.03,-46.67,📉 獲利侵蝕,⚪ 數據不足
7721.TW,微程式,77.5999984741,55.03545991070923,21.15,2025-12,0.55,-82.84,-36.07,-46.77,🌑 雙重衰退,❌ 暫避觀望
2609.TW,陽明,52.0999984741,3.7536021955403456,208.20000000000002,2025-12,4.9,-73.34,-26.56,-46.78,🌑 雙重衰退,⚪ 中性觀察
2009.TW,第一銅,39.9500007629,88.7777794731111,6.750000000000001,2025-12,0.34,-54.05,-7.12,-46.93,🌑 雙重衰退,❌ 暫避觀望
6579.TW,研揚,113.5,8.710667689946277,195.45000000000002,2025-12,5.62,-27.15,20.03,-47.18,📉 獲利侵蝕,⚪ 中性觀察
6877.TWO,鏵友益,116.5,104.95495495495494,16.650000000000002,2025-12,0.59,-47.75,0.0,-47.75,⚪ 數據平穩,❌ 暫避觀望
6472.TW,保瑞,449.0,5.7350874952101165,1174.35,2025-12,23.9,-38.71,9.11,-47.82,📉 獲利侵蝕,⚪ 中性觀察
2365.TW,昆盈,30.5,47.65624999999999,9.600000000000001,2025-12,0.32,-50.0,-1.99,-48.01,🌑 雙重衰退,❌ 暫避觀望
6909.TW,創控,0.0,0.0,0.0,2025-12,1.01,-37.25,11.08,-48.33,📉 獲利侵蝕,⚪ 數據不足
1776.TW,展宇,15.5500001907,31.1000003814,7.5,2025-12,0.28,-64.1,-15.76,-48.339999999999996,🌑 雙重衰退,❌ 暫避觀望
6629.TWO,泰金-KY,107.0,7.176391683433937,223.65,2025-12,6.46,-40.72,7.66,-48.379999999999995,📉 獲利侵蝕,⚪ 中性觀察
3587.TWO,閎康,227.0,17.11915535444947,198.9,2025-12,6.1,-40.84,8.51,-49.35,📉 獲利侵蝕,❌ 暫避觀望
2429.TW,銘旺科,39.0499992371,0.0,-48.3,2025-12,-1.4,9.68,59.22,-49.54,⚠️ 獲利稀釋,⚪ 數據不足
1563.TW,巧新,41.5999984741,7.298245346333332,85.5,2025-12,1.42,-56.6,-6.64,-49.96,🌑 雙重衰退,⚪ 中性觀察
2351.TW,順德,99.5999984741,28.21529701815864,52.95,2025-12,1.66,-55.26,-5.25,-50.01,🌑 雙重衰退,❌ 暫避觀望
6829.TWO,千附精密,116.5,12.135416666666668,144.0,2025-12,3.95,-30.21,19.87,-50.08,📉 獲利侵蝕,⚪ 中性觀察
6191.TW,精成科,88.3000030518,5.453984129203212,242.85000000000002,2025-12,6.55,5.17,55.5,-50.33,⚠️ 獲利稀釋,⚪ 中性觀察
3430.TWO,奇鈦科,69.0,8.996088657105606,115.05,2025-12,3.15,-34.24,16.19,-50.43000000000001,📉 獲利侵蝕,⚪ 中性觀察
3310.TWO,佳穎,71.0999984741,6.399639826651666,166.64999999999998,2025-12,3.39,34.17,84.93,-50.760000000000005,⚠️ 獲利稀釋,⚪ 中性觀察
6215.TW,和椿,94.0999984741,21.533180428855836,65.55,2025-12,2.08,-1.42,50.12,-51.54,📉 獲利侵蝕,❌ 暫避觀望
6873.TW,泓德能源,82.5,11.538461538461538,107.25,2025-12,3.59,-65.19,-13.29,-51.9,🌑 雙重衰退,⚪ 中性觀察
3532.TW,台勝科,130.5,40.40247678018576,48.45,2025-12,1.58,-52.84,-0.7,-52.14,🌑 雙重衰退,❌ 暫避觀望
6617.TWO,共信-KY,66.5999984741,0.0,-27.0,2025-12,-0.92,-38.46,13.75,-52.21,📉 獲利侵蝕,⚪ 數據不足
6965.TW,中傑-KY,86.0999984741,8.351115273918527,154.64999999999998,2025-12,3.5,-71.93,-19.7,-52.230000000000004,🌑 雙重衰退,⚪ 中性觀察
3312.TW,弘憶股,34.9500007629,12.093425869515569,43.35,2025-12,1.74,-33.61,18.67,-52.28,📉 獲利侵蝕,⚪ 中性觀察
3441.TWO,聯一光,29.7000007629,15.967742345645158,27.900000000000006,2025-12,1.06,-24.29,28.48,-52.769999999999996,📉 獲利侵蝕,❌ 暫避觀望
6929.TWO,佑全,30.0,0.0,-50.099999999999994,2025-12,-1.63,-54.29,-1.45,-52.839999999999996,🌑 雙重衰退,⚪ 數據不足
4130.TWO,健亞,34.0499992371,70.93749841062501,7.199999999999999,2025-12,0.1,-56.52,-3.61,-52.910000000000004,🌑 雙重衰退,❌ 暫避觀望
6538.TWO,倉和,72.5999984741,14.23529381845098,76.50000000000001,2025-12,1.15,-87.49,-34.5,-52.989999999999995,🌑 雙重衰退,⚪ 中性觀察
3040.TW,遠見,50.2999992371,33.31125777291391,22.65,2025-12,0.32,-57.53,-4.54,-52.99,🌑 雙重衰退,❌ 暫避觀望
1789.TW,神隆,22.6499996185,50.33333248555556,6.75,2025-12,0.17,-60.47,-7.13,-53.339999999999996,🌑 雙重衰退,❌ 暫避觀望
3138.TW,耀登,160.0,192.77108433734938,12.450000000000001,2025-12,1.5,-51.49,2.05,-53.54,📉 獲利侵蝕,❌ 暫避觀望
4406.TWO,新昕纖,10.0500001907,0.0,-40.95,2025-12,-1.07,-46.58,7.0,-53.58,📉 獲利侵蝕,⚪ 數據不足
2388.TW,威盛,51.4000015259,0.0,-31.5,2025-12,0.12,-93.75,-40.0,-53.75,🔄 轉虧為盈,⚪ 數據不足
6517.TWO,保勝光學,56.4000015259,17.09090955330303,49.5,2025-12,1.63,-55.59,-1.73,-53.86000000000001,🌑 雙重衰退,❌ 暫避觀望
3483.TWO,力致,75.0999984741,8.919239723764846,126.3,2025-12,3.74,-53.89,0.02,-53.910000000000004,📉 獲利侵蝕,⚪ 中性觀察
7734.TWO,印能科技,2350.0,27.588635830007043,1277.7,2025-12,33.5,-26.31,27.91,-54.22,📉 獲利侵蝕,❌ 暫避觀望
2520.TW,冠德,31.9500007629,4.9843994949922,96.15,2025-12,2.61,-74.55,-20.24,-54.31,🌑 雙重衰退,⚪ 中性觀察
1468.TW,昶和,11.6000003815,232.00000763000003,0.7499999999999998,2025-12,0.21,-77.66,-23.26,-54.39999999999999,🔄 轉虧為盈,❌ 暫避觀望
5371.TWO,中光電,74.0,45.1219512195122,24.599999999999998,2025-12,0.95,-54.76,-0.23,-54.53,🌑 雙重衰退,❌ 暫避觀望
1722.TW,台肥,45.5499992371,16.870370087814816,40.5,2025-12,0.95,-52.74,1.81,-54.550000000000004,📉 獲利侵蝕,❌ 暫避觀望
6531.TW,愛普*,440.0,38.29416884247172,172.34999999999997,2025-12,7.74,-20.47,35.16,-55.629999999999995,📉 獲利侵蝕,❌ 暫避觀望
3552.TWO,同致,55.4000015259,41.969698125681816,19.8,2025-12,0.67,-56.49,-0.85,-55.64,🌑 雙重衰退,❌ 暫避觀望
6856.TWO,鑫傳,52.5,9.59780621572212,82.05000000000001,2025-12,2.62,-36.41,19.24,-55.64999999999999,📉 獲利侵蝕,⚪ 中性觀察
2028.TW,威致,18.1499996185,27.4999994219697,9.899999999999999,2025-12,0.28,-72.16,-16.5,-55.66,🌑 雙重衰退,❌ 暫避觀望
6438.TW,迅得,170.0,11.929824561403509,213.75,2025-12,5.24,-29.85,26.29,-56.14,📉 獲利侵蝕,⚪ 中性觀察
2634.TW,漢翔,46.7000007629,37.06349266896825,18.9,2025-12,0.78,-66.09,-9.88,-56.21,🌑 雙重衰退,❌ 暫避觀望
3675.TWO,德微,180.5,29.93366500829188,90.44999999999999,2025-12,2.67,-66.46,-9.88,-56.57999999999999,🌑 雙重衰退,❌ 暫避觀望
2643.TWO,捷迅,70.0,4.765146358066712,220.35,2025-12,6.3,3.11,59.7,-56.59,⚠️ 獲利稀釋,⚪ 中性觀察
2367.TW,燿華,71.5,26.57992565055762,40.35,2025-12,0.68,-69.2,-12.33,-56.870000000000005,🌑 雙重衰退,❌ 暫避觀望
3376.TW,新日興,187.5,40.49676025917927,69.45,2025-12,1.63,-76.51,-19.54,-56.970000000000006,🌑 雙重衰退,❌ 暫避觀望
1584.TWO,精剛,0.0,0.0,0.0,2025-12,0.44,-66.92,-9.94,-56.980000000000004,🌑 雙重衰退,⚪ 數據不足
4561.TWO,健椿,32.5,24.43609022556391,19.950000000000003,2025-12,0.66,-79.88,-22.51,-57.36999999999999,🌑 雙重衰退,❌ 暫避觀望
2616.TW,山隆,16.25,0.0,-227.10000000000002,2025-12,-6.25,-82.6,-24.55,-58.05,🌑 雙重衰退,⚪ 數據不足
2235.TWO,謚源,33.5999984741,15.700933866401867,32.1,2025-12,0.95,-64.42,-6.01,-58.410000000000004,🌑 雙重衰退,❌ 暫避觀望
5907.TW,大洋-KY,5.7899999619,0.0,-157.95,2025-12,-4.55,-73.66,-14.95,-58.709999999999994,🌑 雙重衰退,⚪ 數據不足
3224.TWO,三顧,41.0999984741,0.0,-54.0,2025-12,-1.53,-51.49,7.24,-58.730000000000004,📉 獲利侵蝕,⚪ 數據不足
2739.TW,寒舍,34.0999984741,6.752474945366337,75.75,2025-12,2.36,-56.22,2.72,-58.94,📉 獲利侵蝕,⚪ 中性觀察
6725.TWO,矽科宏晟,262.0,0.0,0.0,2025-12,12.98,-38.12,21.02,-59.14,📉 獲利侵蝕,⚪ 數據不足
6863.TW,永道-KY,88.5,8.380681818181818,158.39999999999998,2025-12,3.0,-73.47,-14.3,-59.17,🌑 雙重衰退,⚪ 中性觀察
3006.TW,晶豪科,150.5,0.0,-76.05000000000001,2025-12,0.87,-51.41,8.08,-59.489999999999995,🔄 轉虧為盈,⚪ 數據不足
2201.TW,裕隆,27.2000007629,10.264151231283018,39.75000000000001,2025-12,0.93,-75.14,-15.65,-59.49,🌑 雙重衰退,⚪ 中性觀察
3531.TWO,先益,21.5499992371,0.0,-9.6,2025-12,0.3,-77.78,-18.09,-59.69,🔄 轉虧為盈,⚪ 數據不足
7770.TWO,君曜,50.9000015259,0.0,0.0,2025-12,3.0,-47.4,12.79,-60.19,📉 獲利侵蝕,⚪ 數據不足
3141.TWO,晶宏,41.2000007629,66.45161413370965,9.3,2025-12,0.54,-54.31,7.08,-61.39,📉 獲利侵蝕,❌ 暫避觀望
4306.TW,炎洲,13.6000003815,18.133333842,11.25,2025-12,0.26,-79.17,-16.46,-62.71,🌑 雙重衰退,❌ 暫避觀望
3313.TWO,斐成,12.6999998093,0.0,-14.849999999999998,2025-12,-0.35,-132.04,-69.02,-63.019999999999996,🌑 雙重衰退,⚪ 數據不足
1721.TW,三晃,17.2999992371,0.0,-61.349999999999994,2025-12,-1.84,-85.86,-22.39,-63.47,🌑 雙重衰退,⚪ 數據不足
2438.TW,翔耀,22.5,0.0,-79.20000000000002,2025-12,-2.38,-48.37,15.52,-63.89,📉 獲利侵蝕,⚪ 數據不足
6895.TWO,宏碩系統,176.5837554932,23.173721193333332,114.3,2025-12,3.61,41.57,105.62,-64.05000000000001,⚠️ 獲利稀釋,❌ 暫避觀望
3288.TWO,點晶,14.4499998093,0.0,-31.200000000000003,2025-12,-0.64,-74.29,-10.15,-64.14,🌑 雙重衰退,⚪ 數據不足
5426.TWO,振發,19.25,12.106918238993712,23.849999999999998,2025-12,0.52,-47.47,17.01,-64.48,📉 獲利侵蝕,⚪ 中性觀察
6643.TWO,M31,471.0,490.625,14.399999999999999,2025-12,1.69,-44.41,20.34,-64.75,🔄 轉虧為盈,❌ 暫避觀望
3231.TW,緯創,125.0,5.846585594013097,320.7,2025-12,9.04,43.19,108.39,-65.2,⚠️ 獲利稀釋,⚪ 中性觀察
1323.TW,永裕,23.2999992371,62.972970911081084,5.55,2025-12,0.26,-89.88,-23.91,-65.97,🌑 雙重衰退,❌ 暫避觀望
2611.TW,志信,13.8500003815,277.00000762999974,0.7500000000000007,2025-12,0.52,-68.29,-2.19,-66.10000000000001,🌑 雙重衰退,❌ 暫避觀望
1310.TW,台苯,11.0,0.0,-50.24999999999999,2025-12,-1.37,-90.28,-24.07,-66.21000000000001,🌑 雙重衰退,⚪ 數據不足
3588.TW,通嘉,46.3499984741,32.412586345524474,21.45,2025-12,0.5,-73.51,-7.24,-66.27000000000001,🌑 雙重衰退,❌ 暫避觀望
5309.TWO,系統電,56.0,98.24561403508771,8.55,2025-12,0.27,-57.38,9.13,-66.51,📉 獲利侵蝕,❌ 暫避觀望
3546.TWO,宇峻,70.0,18.181818181818183,57.74999999999999,2025-12,1.97,-64.44,2.09,-66.53,📉 獲利侵蝕,❌ 暫避觀望
3419.TW,譁裕,15.5,0.0,-69.9,2025-12,-1.79,-47.93,18.86,-66.78999999999999,📉 獲利侵蝕,⚪ 數據不足
4943.TW,康控-KY,10.6999998093,0.0,-90.6,2025-12,-1.88,-55.46,11.46,-66.92,📉 獲利侵蝕,⚪ 數據不足
4772.TWO,台特化,277.0,30.506607929515418,136.2,2025-12,4.2,60.92,127.87,-66.95,⚠️ 獲利稀釋,❌ 暫避觀望
3323.TWO,加百裕,31.7999992371,0.0,-79.35,2025-12,-1.92,-76.19,-9.18,-67.00999999999999,🌑 雙重衰退,⚪ 數據不足
6462.TWO,神盾,109.0,0.0,-585.7500000000001,2025-12,-17.51,-56.06,11.11,-67.17,📉 獲利侵蝕,⚪ 數據不足
6224.TW,聚鼎,38.9866981506,13.351608955684931,43.8,2025-12,0.67,-69.96,-2.5,-67.46,🌑 雙重衰退,⚪ 中性觀察
4741.TWO,泓瀚,40.7000007629,145.35714558178572,4.199999999999999,2025-12,0.29,-85.43,-17.82,-67.61000000000001,🔄 轉虧為盈,❌ 暫避觀望
6134.TWO,萬旭,27.8500003815,0.0,-1.5,2025-12,0.12,-45.45,22.25,-67.7,📉 獲利侵蝕,⚪ 數據不足
2066.TWO,世德,49.4000015259,9.303201793954804,79.64999999999999,2025-12,1.34,-77.5,-9.64,-67.86,🌑 雙重衰退,⚪ 中性觀察
3434.TWO,哲固,28.6000003815,16.342857360857142,26.25,2025-12,0.47,-73.65,-5.05,-68.60000000000001,🌑 雙重衰退,❌ 暫避觀望
6234.TWO,高僑,28.1000003815,0.0,-11.850000000000001,2025-12,0.05,-95.24,-26.42,-68.82,🔄 轉虧為盈,⚪ 數據不足
1309.TW,台達化,25.9500007629,0.0,-43.35,2025-12,-1.07,-91.07,-22.22,-68.85,🌑 雙重衰退,⚪ 數據不足
6875.TWO,國邑*,38.0499992371,0.0,-113.39999999999999,2025-12,-2.97,-130.23,-59.86,-70.36999999999999,🌑 雙重衰退,⚪ 數據不足
2014.TW,中鴻,18.2999992371,0.0,-49.05,2025-12,-1.29,-108.06,-37.56,-70.5,🌑 雙重衰退,⚪ 數據不足
6508.TWO,惠光,27.5,25.462962962962962,16.200000000000003,2025-12,0.27,-74.77,-4.08,-70.69,🌑 雙重衰退,❌ 暫避觀望
4109.TWO,加捷生醫,12.75,14.825581395348838,12.9,2025-12,0.43,-80.37,-9.62,-70.75,🌑 雙重衰退,⚪ 中性觀察
1473.TW,台南,23.8500003815,6.814285823285714,52.5,2025-12,0.57,-81.13,-10.32,-70.81,🌑 雙重衰退,⚪ 中性觀察
3226.TWO,龍鋒,41.9000015259,52.37500190737501,11.999999999999998,2025-12,0.24,-95.68,-24.52,-71.16000000000001,🔄 轉虧為盈,❌ 暫避觀望
3003.TW,健和興,49.4000015259,26.000000803105266,28.5,2025-12,0.99,-74.48,-3.28,-71.2,🌑 雙重衰退,❌ 暫避觀望
5450.TWO,南良,14.3000001907,49.31034548517241,4.3500000000000005,2025-12,0.22,-80.53,-8.96,-71.57,🌑 雙重衰退,❌ 暫避觀望
2012.TW,春雨,15.5,23.134328358208954,10.05,2025-12,0.2,-81.05,-9.36,-71.69,🌑 雙重衰退,❌ 暫避觀望
6244.TWO,茂迪,25.2000007629,32.72727371805194,11.550000000000002,2025-12,0.14,-77.05,-5.05,-72.0,🌑 雙重衰退,❌ 暫避觀望
3548.TWO,兆利,0.0,0.0,0.0,2025-12,2.23,-74.46,-1.8,-72.66,🌑 雙重衰退,⚪ 數據不足
4569.TW,六方科-KY,127.0,12.015137180700094,158.55,2025-12,4.13,-47.66,25.19,-72.85,📉 獲利侵蝕,⚪ 中性觀察
6219.TWO,富旺,14.6000003815,0.0,-87.75,2025-12,-0.76,-114.96,-41.94,-73.02,🌑 雙重衰退,⚪ 數據不足
4402.TWO,郡都開發,17.2999992371,0.0,-5.1,2025-12,-0.13,-44.44,28.81,-73.25,📉 獲利侵蝕,⚪ 數據不足
6560.TWO,欣普羅,39.6500015259,0.0,-31.049999999999997,2025-12,-0.16,50.0,123.75,-73.75,⚠️ 獲利稀釋,⚪ 數據不足
2887.TW,台新新光金,24.3500003815,5.729411854470588,63.75,2025-12,1.91,-0.7,73.85,-74.55,📉 獲利侵蝕,⚪ 中性觀察
2434.TW,統懋,29.25,50.43103448275861,8.700000000000001,2025-12,0.02,-85.71,-10.18,-75.53,🌑 雙重衰退,❌ 暫避觀望
4543.TWO,萬在,0.0,0.0,0.0,2025-12,0.53,-74.4,1.33,-75.73,🔄 轉虧為盈,⚪ 數據不足
7743.TWO,金利食安,20.3999996185,15.692307398846157,19.499999999999996,2025-12,0.57,-69.73,6.19,-75.92,📉 獲利侵蝕,❌ 暫避觀望
6620.TWO,漢達,67.5,0.0,0.0,2025-12,4.85,31.64,108.17,-76.53,⚠️ 獲利稀釋,⚪ 數據不足
4763.TW,材料*-KY,42.2000007629,1.1937765420905233,530.25,2025-12,6.1,-92.76,-15.8,-76.96000000000001,🌑 雙重衰退,⚪ 中性觀察
5244.TW,弘凱,40.2000007629,22.333333757166667,26.999999999999996,2025-12,0.51,-79.59,-1.9,-77.69,🌑 雙重衰退,❌ 暫避觀望
2327.TW,國巨*,246.0,4.822583807096647,765.1500000000001,2025-12,11.51,-69.45,9.26,-78.71000000000001,📉 獲利侵蝕,⚪ 中性觀察
2540.TW,愛山林,48.25,19.37751004016064,37.35,2025-12,0.69,-77.63,1.31,-78.94,📉 獲利侵蝕,❌ 暫避觀望
1591.TWO,駿吉-KY,0.0,0.0,0.0,2025-12,-2.75,-122.76,-43.59,-79.17,🌑 雙重衰退,⚪ 數據不足
1449.TW,佳和,12.3999996185,309.99999046250036,0.5999999999999993,2025-12,0.12,-87.21,-7.88,-79.33,🔄 轉虧為盈,❌ 暫避觀望
6735.TWO,美達科技,62.4000015259,0.0,-10.649999999999999,2025-12,0.33,-84.51,-4.81,-79.7,🔄 轉虧為盈,⚪ 數據不足
6451.TW,訊芯-KY,295.5,0.0,-46.050000000000004,2025-12,0.26,-35.0,45.18,-80.18,🔄 轉虧為盈,⚪ 數據不足
4912.TW,聯德控股-KY,88.1999969482,11.666666262989418,113.39999999999999,2025-12,1.98,-70.28,10.44,-80.72,📉 獲利侵蝕,⚪ 中性觀察
4906.TW,正文,39.2999992371,0.0,-20.55,2025-12,-0.25,-116.56,-35.66,-80.9,🌑 雙重衰退,⚪ 數據不足
2338.TW,光罩,43.25,0.0,-190.34999999999997,2025-12,-4.88,-101.09,-20.15,-80.94,🌑 雙重衰退,⚪ 數據不足
6432.TWO,今展科,32.0999984741,48.63636132439394,9.899999999999999,2025-12,0.48,-71.34,10.3,-81.64,📉 獲利侵蝕,❌ 暫避觀望
6113.TWO,亞矽,20.0499992371,0.0,-5.1000000000000005,2025-12,-0.25,-92.31,-10.01,-82.3,🌑 雙重衰退,⚪ 數據不足
1522.TW,堤維西,31.6499996185,7.226027310159818,65.7,2025-12,1.72,-61.33,21.35,-82.68,📉 獲利侵蝕,⚪ 中性觀察
3717.TW,聯嘉投控,22.1000003815,0.0,0.0,2025-12,0.08,-80.0,3.55,-83.55,🔄 轉虧為盈,⚪ 數據不足
6921.TW,嘉雨思-創,70.0999984741,0.0,0.0,2025-12,0.35,-55.26,28.45,-83.71,📉 獲利侵蝕,⚪ 數據不足
6762.TWO,達亞,170.0,78.7037037037037,32.400000000000006,2025-12,0.67,-64.17,19.58,-83.75,📉 獲利侵蝕,❌ 暫避觀望
1611.TW,中電,12.1999998093,53.043477431739134,3.4499999999999997,2025-12,0.03,-94.0,-8.17,-85.83,🌑 雙重衰退,❌ 暫避觀望
3543.TW,州巧,45.9500007629,0.0,-55.95,2025-12,-2.24,-84.96,1.1,-86.05999999999999,📉 獲利侵蝕,⚪ 數據不足
6612.TWO,奈米醫材,70.0,19.39058171745152,54.150000000000006,2025-12,1.09,-54.81,31.54,-86.35,📉 獲利侵蝕,❌ 暫避觀望
1727.TW,中華化,48.0999984741,1603.33328247,0.44999999999999996,2025-12,0.04,-92.0,-5.46,-86.54,🌑 雙重衰退,❌ 暫避觀望
3714.TW,富采,54.2000007629,0.0,-130.50000000000003,2025-12,-3.69,-95.74,-9.04,-86.69999999999999,🌑 雙重衰退,⚪ 數據不足
3016.TW,嘉晶,51.0,0.0,-2.25,2025-12,0.07,-92.39,-5.25,-87.14,🔄 轉虧為盈,⚪ 數據不足
3713.TWO,新晶投控,14.0,0.0,-27.9,2025-12,-1.13,-96.23,-8.18,-88.05000000000001,🌑 雙重衰退,⚪ 數據不足
3685.TWO,元創精密,29.2000007629,0.0,-36.9,2025-12,-1.02,-92.45,-4.04,-88.41,🌑 雙重衰退,⚪ 數據不足
3490.TWO,單井,26.1000003815,0.0,-2.850000000000001,2025-12,0.05,-96.99,-8.56,-88.42999999999999,🌑 雙重衰退,⚪ 數據不足
1220.TW,台榮,12.5,9.007199254740992e+17,2.0816681711721685e-16,2025-12,0.08,-93.16,-4.37,-88.78999999999999,🌑 雙重衰退,❌ 暫避觀望
4534.TWO,慶騰,23.1000003815,0.0,-18.3,2025-12,0.01,-91.3,-2.4,-88.89999999999999,🔄 轉虧為盈,⚪ 數據不足
2106.TW,建大,18.7000007629,77.91666984541666,3.6,2025-12,0.13,-90.0,-0.7,-89.3,🌑 雙重衰退,❌ 暫避觀望
6582.TW,申豐,33.9500007629,0.0,-23.249999999999996,2025-12,-0.41,-141.41,-51.86,-89.55,🌑 雙重衰退,⚪ 數據不足
3597.TWO,映興,23.5,44.33962264150943,7.95,2025-12,0.34,-74.05,16.57,-90.62,📉 獲利侵蝕,❌ 暫避觀望
4806.TWO,桂田文創,10.1499996185,0.0,-12.600000000000001,2025-12,-0.34,-70.0,20.96,-90.96000000000001,📉 獲利侵蝕,⚪ 數據不足
6680.TWO,鑫創電子,58.0,0.0,-36.449999999999996,2025-12,-0.29,-106.78,-15.41,-91.37,🌑 雙重衰退,⚪ 數據不足
3035.TW,智原,139.0,18.337730870712402,113.7,2025-12,2.81,-29.75,62.61,-92.36,📉 獲利侵蝕,❌ 暫避觀望
5015.TWO,華祺,25.5,0.0,-10.2,2025-12,0.06,-97.61,-4.99,-92.62,🔄 轉虧為盈,⚪ 數據不足
3594.TWO,磐儀,38.75,0.0,-2.6999999999999993,2025-12,0.49,-63.43,29.3,-92.73,🔄 轉虧為盈,⚪ 數據不足
1906.TW,寶隆,12.0500001907,0.0,-7.95,2025-12,0.01,-96.0,-3.11,-92.89,🔄 轉虧為盈,⚪ 數據不足
6180.TWO,橘子,43.2999992371,105.6097542368293,6.149999999999999,2025-12,-1.53,-112.99,-19.95,-93.03999999999999,🌑 雙重衰退,❌ 暫避觀望
2035.TWO,唐榮,28.5,0.0,-181.2,2025-12,-4.72,-114.55,-21.22,-93.33,🌑 雙重衰退,⚪ 數據不足
3050.TW,鈺德,13.0500001907,0.0,-0.30000000000000027,2025-12,0.04,-92.73,0.72,-93.45,📉 獲利侵蝕,⚪ 數據不足
3147.TWO,大綜,155.0,7.07116788321168,328.79999999999995,2025-12,8.43,-29.4,64.32,-93.72,📉 獲利侵蝕,⚪ 中性觀察
3221.TWO,台嘉碩,35.5999984741,0.0,-1.6500000000000001,2025-12,0.08,-91.75,2.36,-94.11,🔄 轉虧為盈,⚪ 數據不足
1338.TW,廣華-KY,16.2999992371,0.0,-97.5,2025-12,-2.24,-92.04,2.83,-94.87,📉 獲利侵蝕,⚪ 數據不足
7402.TWO,邑錡,119.0,290.2439024390244,6.15,2025-12,0.1,-93.2,2.56,-95.76,📉 獲利侵蝕,❌ 暫避觀望
2719.TWO,燦星旅,27.1000003815,0.0,-11.1,2025-12,-0.15,-111.9,-14.15,-97.75,🌑 雙重衰退,⚪ 數據不足
6982.TWO,大井泵浦,51.7000007629,22.18884152914163,34.95,2025-12,0.06,-97.61,0.3,-97.91,📉 獲利侵蝕,❌ 暫避觀望
4533.TWO,協易機,30.0499992371,88.38235069735295,5.1,2025-12,0.2,-87.1,12.02,-99.11999999999999,📉 獲利侵蝕,❌ 暫避觀望
3465.TWO,進泰電子,36.5,146.00000000000003,3.749999999999999,2025-12,0.04,-94.87,5.68,-100.55000000000001,🔄 轉虧為盈,❌ 暫避觀望
6160.TWO,欣技,15.6499996185,0.0,-33.300000000000004,2025-12,-1.19,-108.77,-7.95,-100.82,🌑 雙重衰退,⚪ 數據不足
3481.TW,群創,24.6499996185,117.38095056428573,3.15,2025-12,0.03,-96.3,4.72,-101.02,📉 獲利侵蝕,❌ 暫避觀望
6698.TW,旭暉應材,29.7999992371,0.0,-67.35000000000001,2025-12,-1.65,-72.63,29.86,-102.49,📉 獲利侵蝕,⚪ 數據不足
2646.TW,星宇航空,21.0,24.418604651162788,12.900000000000002,2025-12,0.09,-79.55,23.93,-103.47999999999999,📉 獲利侵蝕,❌ 暫避觀望
5348.TWO,正能量智能,17.1000003815,0.0,-55.949999999999996,2025-12,-1.49,-109.86,-3.8,-106.06,🌑 雙重衰退,⚪ 數據不足
4768.TWO,晶呈科技,431.0,1306.0606060606058,4.950000000000001,2025-12,0.39,-86.55,20.89,-107.44,🔄 轉虧為盈,❌ 暫避觀望
4557.TW,永新-KY,57.5,13.788968824940047,62.55,2025-12,-0.67,-106.38,1.42,-107.8,📉 獲利侵蝕,⚪ 中性觀察
6130.TWO,上亞科技,27.1499996185,0.0,-58.35,2025-12,-1.72,-129.33,-20.79,-108.54000000000002,🌑 雙重衰退,⚪ 數據不足
6542.TWO,隆中,55.0,0.0,-8.25,2025-12,0.02,-99.01,10.22,-109.23,🔄 轉虧為盈,⚪ 數據不足
6229.TWO,研通,20.6000003815,0.0,-2.399999999999999,2025-12,0.05,-90.74,19.77,-110.50999999999999,🔄 轉虧為盈,⚪ 數據不足
1569.TWO,濱川,49.2999992371,0.0,-226.35,2025-12,-5.61,-106.61,5.02,-111.63,📉 獲利侵蝕,⚪ 數據不足
3149.TW,正達,43.5,0.0,-111.9,2025-12,-2.86,-106.98,5.53,-112.51,📉 獲利侵蝕,⚪ 數據不足
3528.TW,安馳,63.9000015259,19.481707782286588,49.199999999999996,2025-12,2.3,-44.71,69.32,-114.03,📉 獲利侵蝕,❌ 暫避觀望
2354.TW,鴻準,51.4000015259,8.970331854432809,85.95,2025-12,2.32,-8.3,105.83,-114.13,📉 獲利侵蝕,⚪ 中性觀察
7780.TW,大研生醫*,22.25,2.746913580246914,121.5,2025-12,0.51,-76.4,39.1,-115.5,📉 獲利侵蝕,⚪ 中性觀察
2460.TW,建通,25.1000003815,0.0,-108.3,2025-12,-3.0,-117.65,-0.51,-117.14,🌑 雙重衰退,⚪ 數據不足
2528.TW,皇普,25.0,2.5201612903225805,148.8,2025-12,3.65,12.42,130.3,-117.88000000000001,⚠️ 獲利稀釋,⚪ 中性觀察
3150.TW,鈺寶-創,17.8500003815,68.65384762115384,3.9000000000000004,2025-12,-0.22,-131.88,-12.58,-119.3,🌑 雙重衰退,❌ 暫避觀望
2023.TW,燁輝,14.5,0.0,-64.05000000000001,2025-12,-1.85,-129.63,-8.68,-120.94999999999999,🌑 雙重衰退,⚪ 數據不足
2230.TWO,泰茂,31.25,0.0,-18.75,2025-12,-1.05,-118.67,2.29,-120.96000000000001,📉 獲利侵蝕,⚪ 數據不足
3591.TW,艾笛森,0.0,0.0,0.0,2025-12,-0.34,-132.32,-9.81,-122.50999999999999,🌑 雙重衰退,⚪ 數據不足
2419.TW,仲琦,32.8499984741,0.0,-12.750000000000002,2025-12,-0.36,-125.0,-2.29,-122.71,🌑 雙重衰退,⚪ 數據不足
6494.TWO,九齊,43.0999984741,0.0,-74.4,2025-12,-0.93,-135.36,-11.74,-123.62000000000002,🌑 雙重衰退,⚪ 數據不足
3354.TWO,律勝,24.7000007629,0.0,-35.699999999999996,2025-12,-0.84,-147.06,-22.74,-124.32000000000001,🌑 雙重衰退,⚪ 數據不足
3663.TWO,鑫科,66.1999969482,0.0,-1.2000000000000002,2025-12,-0.08,-117.39,8.52,-125.91,📉 獲利侵蝕,⚪ 數據不足
2231.TW,為升,112.0,0.0,-19.8,2025-12,-1.63,-148.96,-21.77,-127.19000000000001,🌑 雙重衰退,⚪ 數據不足
2024.TW,志聯,14.6000003815,0.0,-3.75,2025-12,-0.06,-137.5,-9.83,-127.67,🌑 雙重衰退,⚪ 數據不足
1583.TW,程泰,43.5499992371,0.0,-399.0,2025-12,-4.83,-142.57,-12.11,-130.45999999999998,🌑 雙重衰退,⚪ 數據不足
3390.TWO,旭軟,21.0,0.0,-30.0,2025-12,-0.55,-138.3,-7.45,-130.85000000000002,🌑 雙重衰退,⚪ 數據不足
3092.TW,鴻碩,29.0499992371,0.0,-208.2,2025-12,-5.14,-147.12,-15.24,-131.88,🌑 雙重衰退,⚪ 數據不足
6693.TWO,廣閎科,108.0,0.0,-48.45,2025-12,-0.09,-102.7,29.21,-131.91,📉 獲利侵蝕,⚪ 數據不足
2425.TW,承啟,26.0,0.0,-35.4,2025-12,-0.32,-130.48,2.17,-132.64999999999998,📉 獲利侵蝕,⚪ 數據不足
1905.TW,華紙,15.0500001907,0.0,-34.35,2025-12,-0.56,-143.48,-9.63,-133.85,🌑 雙重衰退,⚪ 數據不足
2461.TW,光群雷,18.0,0.0,-18.299999999999997,2025-12,-0.61,-138.31,-4.36,-133.95,🌑 雙重衰退,⚪ 數據不足
6243.TW,迅杰,28.6499996185,0.0,-13.499999999999998,2025-12,-0.52,-147.27,-12.93,-134.34,🌑 雙重衰退,⚪ 數據不足
4923.TWO,力士,0.0,0.0,0.0,2025-12,-5.26,-124.23,10.31,-134.54,📉 獲利侵蝕,⚪ 數據不足
6233.TWO,旺玖,24.9500007629,0.0,-6.75,2025-12,-0.16,-141.67,-7.12,-134.54999999999998,🌑 雙重衰退,⚪ 數據不足
6609.TWO,瀧澤科,38.2999992371,0.0,-40.5,2025-12,-1.53,-159.3,-24.27,-135.03,🌑 雙重衰退,⚪ 數據不足
3230.TWO,錦明,39.0,0.0,-54.15,2025-12,-1.6,-146.49,-9.35,-137.14000000000001,🌑 雙重衰退,⚪ 數據不足
3178.TWO,公準,63.5999984741,0.0,-11.549999999999999,2025-12,-0.46,-143.4,-4.4,-139.0,🌑 雙重衰退,⚪ 數據不足
2369.TW,菱生,29.0,0.0,-45.0,2025-12,-1.05,-136.36,3.45,-139.81,📉 獲利侵蝕,⚪ 數據不足
1711.TW,永光,37.5,0.0,-5.7,2025-12,-0.21,-147.73,-7.34,-140.39,🌑 雙重衰退,⚪ 數據不足
3362.TWO,先進光,93.0999984741,0.0,-48.300000000000004,2025-12,-1.08,-140.6,0.9,-141.5,📉 獲利侵蝕,⚪ 數據不足
4419.TWO,皇家美食,53.5,0.0,-51.9,2025-12,-1.45,-101.39,40.53,-141.92000000000002,📉 獲利侵蝕,⚪ 數據不足
6283.TW,淳安,20.2999992371,0.0,-15.9,2025-12,-0.22,-128.95,14.75,-143.7,📉 獲利侵蝕,⚪ 數據不足
1452.TW,宏益,12.0,0.0,-19.8,2025-12,-0.41,-164.06,-20.25,-143.81,🌑 雙重衰退,⚪ 數據不足
7711.TW,永擎,264.5,0.0,0.0,2025-12,13.04,38.44,182.72,-144.28,⚠️ 獲利稀釋,⚪ 數據不足
3272.TWO,東碩,16.0,0.0,-228.3,2025-12,-7.65,-139.68,5.44,-145.12,📉 獲利侵蝕,⚪ 數據不足
7584.TWO,樂意,32.4500007629,0.0,-9.000000000000002,2025-12,-1.98,-152.11,-5.13,-146.98000000000002,🌑 雙重衰退,⚪ 數據不足
2340.TW,台亞,25.7000007629,0.0,-112.5,2025-12,-2.88,-148.28,0.61,-148.89000000000001,📉 獲利侵蝕,⚪ 數據不足
1599.TWO,宏佳騰,25.5,0.0,-27.9,2025-12,-0.84,-169.49,-18.58,-150.91000000000003,🌑 雙重衰退,⚪ 數據不足
6461.TWO,益得,18.0499992371,0.0,-88.2,2025-12,-2.57,18.35,170.31,-151.96,⚠️ 獲利稀釋,⚪ 數據不足
6120.TW,達運,12.8500003815,0.0,-7.65,2025-12,-0.19,-171.43,-18.05,-153.38,🌑 雙重衰退,⚪ 數據不足
6269.TW,台郡,59.2000007629,0.0,-254.54999999999998,2025-12,-6.95,-169.53,-15.48,-154.05,🌑 雙重衰退,⚪ 數據不足
4183.TWO,福永生技,15.6499996185,0.0,-14.85,2025-12,-0.33,-145.21,10.78,-155.99,📉 獲利侵蝕,⚪ 數據不足
2073.TWO,雄順,27.1000003815,0.0,-11.55,2025-12,-0.39,-161.9,-5.8,-156.1,🌑 雙重衰退,⚪ 數據不足
4168.TWO,醣聯,23.3999996185,0.0,-73.2,2025-12,-2.16,0.95,157.54,-156.59,⚠️ 獲利稀釋,⚪ 數據不足
4303.TWO,信立,54.0999984741,1.1819969078894472,686.55,2025-12,11.15,7.63,164.26,-156.63,⚠️ 獲利稀釋,⚪ 中性觀察
4563.TWO,百德,40.7000007629,0.0,-15.450000000000001,2025-12,-2.67,-168.99,-11.44,-157.55,🌑 雙重衰退,⚪ 數據不足
3073.TWO,天方能源,27.1499996185,16.9687497615625,24.0,2025-12,0.0,-100.0,58.33,-158.32999999999998,📉 獲利侵蝕,❌ 暫避觀望
3437.TW,榮創,20.2999992371,0.0,-93.44999999999999,2025-12,-2.65,-181.91,-21.25,-160.66,🌑 雙重衰退,⚪ 數據不足
5481.TWO,新華,22.0,0.0,-29.099999999999998,2025-12,-0.65,-165.22,-0.63,-164.59,🌑 雙重衰退,⚪ 數據不足
1213.TW,大飲,9.2100000381,0.0,-32.7,2025-12,-0.85,-109.76,56.06,-165.82,📉 獲利侵蝕,⚪ 數據不足
5344.TWO,立衛,13.6499996185,0.0,-18.15,2025-12,-0.39,-170.91,-3.53,-167.38,🌑 雙重衰退,⚪ 數據不足
1586.TWO,和勤,22.6499996185,0.0,-23.55,2025-12,-0.35,-178.05,-10.57,-167.48000000000002,🌑 雙重衰退,⚪ 數據不足
6830.TW,汎銓,564.1465454102,0.0,-52.8,2025-12,-0.71,-156.8,10.78,-167.58,📉 獲利侵蝕,⚪ 數據不足
5345.TWO,馥鴻,23.4500007629,0.0,-14.85,2025-12,-0.32,82.98,250.8,-167.82,⚠️ 獲利稀釋,⚪ 數據不足
4950.TWO,金耘國際,15.8000001907,0.0,-18.3,2025-12,-0.36,23.4,191.86,-168.46,⚠️ 獲利稀釋,⚪ 數據不足
2723.TW,美食-KY,69.1999969482,0.0,-55.35000000000002,2025-12,-2.47,-175.3,-4.59,-170.71,🌑 雙重衰退,⚪ 數據不足
1742.TWO,台蠟,16.4500007629,0.0,-42.15,2025-12,-1.08,-222.73,-51.69,-171.04,🌑 雙重衰退,⚪ 數據不足
2726.TWO,雅茗-KY,10.0,0.0,-110.7,2025-12,-3.55,-174.64,0.59,-175.23,📉 獲利侵蝕,⚪ 數據不足
6108.TW,競國,16.25,0.0,-43.65,2025-12,-0.88,-194.62,-18.04,-176.58,🌑 雙重衰退,⚪ 數據不足
4562.TW,穎漢,29.7999992371,0.0,-39.15,2025-12,-1.28,-184.44,-7.78,-176.66,🌑 雙重衰退,⚪ 數據不足
6504.TW,南六,40.75,0.0,-79.35000000000001,2025-12,-1.09,-178.42,-1.5,-176.92,🌑 雙重衰退,⚪ 數據不足
2401.TW,凌陽,19.6000003815,0.0,-12.15,2025-12,-0.37,-181.82,-2.04,-179.78,🌑 雙重衰退,⚪ 數據不足
6103.TWO,合邦,43.4500007629,0.0,-42.74999999999999,2025-12,-0.56,-116.47,66.84,-183.31,📉 獲利侵蝕,⚪ 數據不足
4558.TWO,寶緯,20.1000003815,0.0,-27.900000000000002,2025-12,-0.39,-181.25,5.77,-187.02,📉 獲利侵蝕,⚪ 數據不足
2371.TW,大同,31.5499992371,0.0,-60.75,2025-12,-5.2,-183.36,6.12,-189.48000000000002,📉 獲利侵蝕,⚪ 數據不足
2342.TW,茂矽,28.0,0.0,-11.1,2025-12,-0.49,-184.48,7.56,-192.04,📉 獲利侵蝕,⚪ 數據不足
3380.TW,明泰,35.5499992371,0.0,-19.8,2025-12,-0.36,-190.0,4.75,-194.75,📉 獲利侵蝕,⚪ 數據不足
4510.TWO,高鋒,41.8499984741,0.0,-39.900000000000006,2025-12,-1.02,-197.14,-2.21,-194.92999999999998,🌑 雙重衰退,⚪ 數據不足
3060.TW,銘異,28.5499992371,0.0,-15.15,2025-12,-0.39,-186.67,8.85,-195.51999999999998,📉 獲利侵蝕,⚪ 數據不足
1235.TW,興泰,37.5,26.978417266187048,20.85,2025-12,-0.03,-140.0,55.97,-195.97,📉 獲利侵蝕,❌ 暫避觀望
3086.TWO,華義,30.7000007629,0.0,-22.2,2025-12,-0.62,-192.54,5.99,-198.53,📉 獲利侵蝕,⚪ 數據不足
1101.TW,台泥,23.7000007629,0.0,-41.1,2025-12,-1.6,-203.45,-3.11,-200.33999999999997,🌑 雙重衰退,⚪ 數據不足
3710.TWO,連展投控,6.2800002098,0.0,-35.24999999999999,2025-12,-1.48,-208.33,-5.25,-203.08,🌑 雙重衰退,⚪ 數據不足
7740.TW,熙特爾-創,0.0,0.0,0.0,2025-12,4.9,674.7,885.03,-210.32999999999993,⚠️ 獲利稀釋,⚪ 數據不足
6101.TWO,寬魚國際,37.9500007629,0.0,-11.700000000000001,2025-12,-0.19,-170.37,43.01,-213.38,📉 獲利侵蝕,⚪ 數據不足
2426.TW,鼎元,38.2999992371,0.0,-7.65,2025-12,-0.25,-219.05,-2.43,-216.62,🌑 雙重衰退,⚪ 數據不足
4127.TWO,天良,35.2000007629,0.0,-10.200000000000001,2025-12,-0.22,-184.62,32.86,-217.48000000000002,📉 獲利侵蝕,⚪ 數據不足
2482.TW,連宇,16.7000007629,0.0,-45.150000000000006,2025-12,-1.09,-234.57,-16.89,-217.68,🌑 雙重衰退,⚪ 數據不足
3066.TWO,李洲,18.0,0.0,-89.4,2025-12,-1.4,-207.69,10.12,-217.81,📉 獲利侵蝕,⚪ 數據不足
1312.TW,國喬,13.1999998093,0.0,-134.54999999999998,2025-12,-3.97,-181.88,37.74,-219.62,📉 獲利侵蝕,⚪ 數據不足
3535.TW,晶彩科,103.5,0.0,-74.55000000000001,2025-12,-1.07,-255.07,-31.12,-223.95,🌑 雙重衰退,⚪ 數據不足
2431.TW,聯昌,11.6499996185,0.0,-45.45,2025-12,-2.1,-233.33,-7.04,-226.29000000000002,🌑 雙重衰退,⚪ 數據不足
6199.TWO,天品,106.0,460.86956521739125,3.4500000000000006,2025-12,0.31,-48.33,178.46,-226.79000000000002,📉 獲利侵蝕,❌ 暫避觀望
2363.TW,矽統,46.2999992371,11.050119149665871,62.85000000000001,2025-12,1.53,50.0,281.98,-231.98000000000002,⚠️ 獲利稀釋,⚪ 中性觀察
2702.TW,華園,12.8000001907,0.0,-24.0,2025-12,-0.35,-234.62,-2.27,-232.35,🌑 雙重衰退,⚪ 數據不足
5392.TWO,能率,35.5,0.0,-21.599999999999998,2025-12,-0.26,-244.44,-7.8,-236.64,🌑 雙重衰退,⚪ 數據不足
6869.TW,雲豹能源,85.0,0.0,-35.099999999999994,2025-12,-4.2,-150.36,96.9,-247.26000000000002,📉 獲利侵蝕,⚪ 數據不足
4513.TWO,福裕,16.7000007629,0.0,-67.35000000000001,2025-12,-1.79,-265.31,-15.54,-249.77,🌑 雙重衰退,⚪ 數據不足
3545.TW,敦泰,47.7000007629,0.0,-16.95,2025-12,-4.64,-270.99,-17.79,-253.20000000000002,🌑 雙重衰退,⚪ 數據不足
6854.TW,錼創科技-KY創,139.0,0.0,-124.35000000000001,2025-12,-1.02,-276.79,-23.56,-253.23000000000002,🌑 雙重衰退,⚪ 數據不足
2464.TW,盟立,66.5,0.0,-29.849999999999998,2025-12,-0.84,-266.0,-10.95,-255.05,🌑 雙重衰退,⚪ 數據不足
6547.TWO,高端疫苗,58.7999992371,0.0,-25.95,2025-12,-0.86,-258.33,1.24,-259.57,📉 獲利侵蝕,⚪ 數據不足
4131.TWO,浩泰,35.5,0.0,-22.95,2025-12,-0.78,36.07,297.52,-261.45,⚠️ 獲利稀釋,⚪ 數據不足
6167.TWO,久正,0.0,0.0,0.0,2025-12,-0.03,-250.0,13.22,-263.22,📉 獲利侵蝕,⚪ 數據不足
6456.TW,GIS-KY,56.0,0.0,-21.900000000000002,2025-12,-0.79,-269.57,-4.58,-264.99,🌑 雙重衰退,⚪ 數據不足
6958.TW,日盛台駿,17.9500007629,0.0,-78.15,2025-12,-2.38,-280.56,-7.09,-273.47,🌑 雙重衰退,⚪ 數據不足
2061.TWO,風青,16.8500003815,0.0,-48.599999999999994,2025-12,-0.97,-273.08,1.18,-274.26,📉 獲利侵蝕,⚪ 數據不足
6230.TW,尼得科超眾,142.0,0.0,-55.650000000000006,2025-12,-2.44,-264.86,11.94,-276.8,📉 獲利侵蝕,⚪ 數據不足
2392.TW,正崴,34.0,0.0,-194.85,2025-12,-6.62,-281.76,-3.44,-278.32,🌑 雙重衰退,⚪ 數據不足
5468.TWO,凱鈺,17.6499996185,0.0,-15.0,2025-12,-0.65,-246.15,36.88,-283.03000000000003,📉 獲利侵蝕,⚪ 數據不足
2017.TW,官田鋼,9.8599996567,0.0,-15.9,2025-12,-0.56,-300.0,-16.67,-283.33,🌑 雙重衰退,⚪ 數據不足
4956.TW,光鋐,32.9500007629,0.0,-45.60000000000001,2025-12,-0.8,-280.95,4.19,-285.14,📉 獲利侵蝕,⚪ 數據不足
5301.TWO,寶得利,9.4499998093,0.0,-49.2,2025-12,-1.81,-320.93,-35.62,-285.31,🌑 雙重衰退,⚪ 數據不足
2734.TWO,易飛網,16.1499996185,0.0,-52.2,2025-12,-1.42,-286.84,2.6,-289.44,📉 獲利侵蝕,⚪ 數據不足
3432.TW,台端,16.3500003815,0.0,-31.200000000000003,2025-12,-0.87,-64.15,229.42,-293.57,📉 獲利侵蝕,⚪ 數據不足
2002.TW,中鋼,19.5,0.0,-9.75,2025-12,-0.29,-315.38,-12.03,-303.35,🌑 雙重衰退,⚪ 數據不足
6140.TWO,訊達,18.6499996185,0.0,-54.449999999999996,2025-12,-1.93,-287.38,26.96,-314.34,📉 獲利侵蝕,⚪ 數據不足
4939.TWO,亞電,27.6499996185,0.0,-24.9,2025-12,-0.43,-326.32,-8.05,-318.27,🌑 雙重衰退,⚪ 數據不足
3032.TW,偉訓,61.0999984741,0.0,-174.29999999999998,2025-12,-7.93,-272.65,51.16,-323.80999999999995,📉 獲利侵蝕,⚪ 數據不足
5230.TWO,雷笛克光學,16.25,0.0,-63.75,2025-12,-1.35,-338.6,-14.66,-323.94,🌑 雙重衰退,⚪ 數據不足
1418.TW,東華,18.7000007629,0.0,-86.10000000000001,2025-12,-1.29,-373.33,-48.0,-325.33,🌑 雙重衰退,⚪ 數據不足
6988.TW,威力暘-創,15.3500003815,0.0,-22.049999999999997,2025-12,-1.13,-337.5,-10.48,-327.02,🌑 雙重衰退,⚪ 數據不足
4530.TWO,宏易,29.2999992371,0.0,-2.2499999999999996,2025-12,0.34,126.0,455.57,-329.57,🔄 轉虧為盈,⚪ 數據不足
4714.TWO,永捷,14.0,20.0,10.5,2025-12,-0.54,-245.95,85.08,-331.03,📉 獲利侵蝕,❌ 暫避觀望
6425.TWO,易發,63.0999984741,0.0,-103.8,2025-12,-1.61,-348.39,-16.91,-331.47999999999996,🌑 雙重衰退,⚪ 數據不足
2601.TW,益航,5.9099998474,0.0,-35.699999999999996,2025-12,-1.63,-365.71,-7.78,-357.93,🌑 雙重衰退,⚪ 數據不足
6695.TW,芯鼎,38.25,0.0,-88.35000000000001,2025-12,-1.83,-355.0,10.49,-365.49,📉 獲利侵蝕,⚪ 數據不足
5487.TWO,通泰,27.3999996185,0.0,-25.2,2025-12,-0.53,-381.82,-15.49,-366.33,🌑 雙重衰退,⚪ 數據不足
5011.TWO,久陽,13.1499996185,0.0,-58.35,2025-12,-1.61,-347.22,22.39,-369.61,📉 獲利侵蝕,⚪ 數據不足
2038.TW,海光,15.5500001907,0.0,-1.200000000000001,2025-12,-0.56,-380.0,-8.24,-371.76,🌑 雙重衰退,⚪ 數據不足
6443.TW,元晶,38.7999992371,0.0,-135.9,2025-12,-6.24,-433.33,-59.56,-373.77,🌑 雙重衰退,⚪ 數據不足
1444.TW,力麗,6.25,0.0,-27.450000000000003,2025-12,-0.78,-388.89,-13.99,-374.9,🌑 雙重衰退,⚪ 數據不足
2457.TW,飛宏,23.8999996185,0.0,-58.2,2025-12,-1.48,-410.42,-10.11,-400.31,🌑 雙重衰退,⚪ 數據不足
6916.TW,華凌,17.2999992371,0.0,-49.95,2025-12,-1.44,-406.38,-0.19,-406.19,🌑 雙重衰退,⚪ 數據不足
3229.TW,晟鈦,18.5499992371,0.0,-21.15,2025-12,-0.43,-407.14,13.3,-420.44,📉 獲利侵蝕,⚪ 數據不足
3701.TW,大眾控,53.2999992371,22.68085073919149,35.25,2025-12,-0.38,-445.45,-24.95,-420.5,🌑 雙重衰退,❌ 暫避觀望
6128.TW,上福,20.4488048553,0.0,-265.8,2025-12,-9.56,-431.94,-4.71,-427.23,🌑 雙重衰退,⚪ 數據不足
6240.TWO,松崗,18.1000003815,0.0,-59.25,2025-12,-1.15,-428.57,-1.12,-427.45,🌑 雙重衰退,⚪ 數據不足
4960.TW,誠美材,20.3999996185,0.0,-102.3,2025-12,-2.58,-444.68,-3.18,-441.5,🌑 雙重衰退,⚪ 數據不足
5314.TWO,世紀*,75.3000030518,7.110481874579793,158.85,2025-12,5.56,-69.48,373.32,-442.8,📉 獲利侵蝕,⚪ 中性觀察
3228.TWO,金麗科,132.0,0.0,-76.65,2025-12,-2.03,-491.18,-27.25,-463.93,🌑 雙重衰退,⚪ 數據不足
3207.TWO,耀勝,65.8000030518,0.0,-4.05,2025-12,-0.82,-440.0,26.05,-466.05,📉 獲利侵蝕,⚪ 數據不足
1536.TW,和大,47.9500007629,0.0,-105.6,2025-12,-2.71,-487.14,-17.52,-469.62,🌑 雙重衰退,⚪ 數據不足
6237.TWO,驊訊,35.0499992371,0.0,-71.25,2025-12,-1.52,-462.96,11.69,-474.65,📉 獲利侵蝕,⚪ 數據不足
6785.TWO,昱展新藥,167.0,0.0,-36.6,2025-12,-1.19,-540.74,-52.67,-488.07,🌑 雙重衰退,⚪ 數據不足
6152.TW,百一,16.5,0.0,-58.05,2025-12,-1.47,-539.13,-30.73,-508.4,🌑 雙重衰退,⚪ 數據不足
1762.TW,中化生,28.3999996185,0.0,-107.69999999999999,2025-12,-4.39,-566.18,-40.26,-525.92,🌑 雙重衰退,⚪ 數據不足
2442.TW,新美齊,20.5,3.0505952380952377,100.80000000000001,2025-12,5.24,329.17,880.8,-551.6299999999999,⚠️ 獲利稀釋,⚪ 中性觀察
6742.TW,澤米,40.0999984741,0.0,-64.64999999999999,2025-12,-1.52,-603.33,-20.15,-583.1800000000001,🌑 雙重衰退,⚪ 數據不足
2236.TW,百達-KY,112.0,0.0,-116.39999999999999,2025-12,-6.81,-186.45,423.12,-609.5699999999999,📉 獲利侵蝕,⚪ 數據不足
2349.TW,錸德,12.9499998093,0.0,-13.649999999999999,2025-12,-0.36,-614.29,3.15,-617.4399999999999,📉 獲利侵蝕,⚪ 數據不足
2064.TWO,晉椿,12.0500001907,0.0,-65.85,2025-12,-1.3,-622.22,-3.86,-618.36,🌑 雙重衰退,⚪ 數據不足
3712.TW,永崴投控,19.7000007629,0.0,-736.05,2025-12,-22.85,-601.1,21.99,-623.09,📉 獲利侵蝕,⚪ 數據不足
3268.TWO,海德威,14.6000003815,0.0,-62.24999999999999,2025-12,-1.33,-632.0,-5.19,-626.81,🌑 雙重衰退,⚪ 數據不足
1439.TW,雋揚,27.5499992371,3.7999998947724136,108.75,2025-12,3.21,84.48,728.61,-644.13,⚠️ 獲利稀釋,⚪ 中性觀察
4946.TWO,辣椒,108.5,9.393939393939393,173.25,2025-12,3.14,131.69,786.25,-654.56,⚠️ 獲利稀釋,⚪ 中性觀察
2444.TW,兆勁,12.3000001907,0.0,-70.49999999999999,2025-12,-1.9,-691.67,-18.44,-673.2299999999999,🌑 雙重衰退,⚪ 數據不足
6578.TWO,達邦蛋白,18.0,0.0,-21.9,2025-12,-0.96,-700.0,-8.43,-691.57,🌑 雙重衰退,⚪ 數據不足
1301.TW,台塑,45.9000015259,0.0,-55.95,2025-12,-1.58,-731.58,-12.31,-719.2700000000001,🌑 雙重衰退,⚪ 數據不足
3686.TW,達能,17.3999996185,0.0,-13.950000000000001,2025-12,-0.5,-733.33,3.97,-737.3000000000001,📉 獲利侵蝕,⚪ 數據不足
3527.TWO,聚積,52.0,0.0,-56.1,2025-12,-1.84,-757.14,-19.18,-737.96,🌑 雙重衰退,⚪ 數據不足
2405.TW,輔信,15.1999998093,0.0,-7.35,2025-12,-0.2,-766.67,4.47,-771.14,📉 獲利侵蝕,⚪ 數據不足
1598.TW,岱宇,19.6499996185,0.0,-100.2,2025-12,-3.35,-827.91,-15.19,-812.7199999999999,🌑 雙重衰退,⚪ 數據不足
1466.TW,聚隆,16.5499992371,0.0,-28.200000000000006,2025-12,-1.07,-864.29,-11.5,-852.79,🌑 雙重衰退,⚪ 數據不足
4919.TW,新唐,92.4000015259,0.0,-102.75,2025-12,-3.97,-863.46,-4.48,-858.98,🌑 雙重衰退,⚪ 數據不足
2923.TW,鼎固-KY,17.2000007629,0.0,-72.15,2025-12,-3.62,-922.73,-32.33,-890.4,🌑 雙重衰退,⚪ 數據不足
3339.TWO,泰谷,39.1500015259,0.0,-74.25,2025-12,-2.0,-939.13,31.04,-970.17,📉 獲利侵蝕,⚪ 數據不足
5321.TWO,美而快,24.5499992371,0.0,-0.6000000000000003,2025-12,-0.27,-1000.0,-15.99,-984.01,🌑 雙重衰退,⚪ 數據不足
1324.TW,地球,11.6000003815,0.0,-31.349999999999998,2025-12,-0.82,-1011.11,-7.7,-1003.41,🌑 雙重衰退,⚪ 數據不足
6541.TW,泰福-KY,41.9000015259,0.0,-243.75,2025-12,-6.13,32.78,1056.27,-1023.49,⚠️ 獲利稀釋,⚪ 數據不足
6264.TWO,富裔,6.3899998665,0.0,-27.0,2025-12,-0.5,-1080.0,-43.95,-1036.05,🌑 雙重衰退,⚪ 數據不足
4416.TWO,三圓,13.6999998093,0.0,-50.25,2025-12,-0.64,-850.0,259.94,-1109.94,📉 獲利侵蝕,⚪ 數據不足
1314.TW,中石化,8.1499996185,0.0,-31.8,2025-12,-0.78,-1214.29,-34.56,-1179.73,🌑 雙重衰退,⚪ 數據不足
2929.TW,淘帝-KY,6.1700000763,0.0,-32.85,2025-12,-1.68,-1292.86,-17.32,-1275.54,🌑 雙重衰退,⚪ 數據不足
5546.TW,永固-KY,16.75,0.0,-76.95,2025-12,-2.13,-1352.94,-30.78,-1322.16,🌑 雙重衰退,⚪ 數據不足
5272.TWO,笙科,22.0499992371,0.0,-46.349999999999994,2025-12,-1.33,-1377.78,2.86,-1380.6399999999999,📉 獲利侵蝕,⚪ 數據不足
6885.TW,全福生技,25.0499992371,0.0,-110.70000000000002,2025-12,-3.32,-36.67,1548.65,-1585.3200000000002,📉 獲利侵蝕,⚪ 數據不足
2332.TW,友訊,15.1499996185,0.0,-32.55,2025-12,-0.9,-1600.0,-7.14,-1592.86,🌑 雙重衰退,⚪ 數據不足
1326.TW,台化,44.9500007629,0.0,-48.75,2025-12,-0.99,-1750.0,-17.66,-1732.34,🌑 雙重衰退,⚪ 數據不足
6806.TW,森崴能源,34.75,0.0,-1843.1999999999998,2025-12,-60.0,-1744.48,32.68,-1777.16,📉 獲利侵蝕,⚪ 數據不足
3541.TWO,西柏,24.1499996185,0.0,-37.65,2025-12,-0.83,-1950.0,11.77,-1961.77,📉 獲利侵蝕,⚪ 數據不足
1447.TW,力鵬,5.1199998856,0.0,-30.750000000000004,2025-12,-0.97,-2425.0,-20.0,-2405.0,🌑 雙重衰退,⚪ 數據不足
2722.TW,夏都,23.5,0.0,-18.9,2025-12,-0.49,-2550.0,-9.87,-2540.13,🌑 雙重衰退,⚪ 數據不足
1595.TWO,川寶,41.0999984741,0.0,-82.5,2025-12,-1.95,-3800.0,-21.77,-3778.23,🌑 雙重衰退,⚪ 數據不足
1710.TW,東聯,14.1999998093,0.0,-30.0,2025-12,-1.01,-5100.0,-6.44,-5093.56,🌑 雙重衰退,⚪ 數據不足
3499.TWO,環天科,18.2000007629,0.0,-54.3,2025-12,-1.3,-6600.0,-18.27,-6581.73,🌑 雙重衰退,⚪ 數據不足
3064.TWO,泰偉,24.3500003815,0.0,-129.14999999999998,2025-12,-3.51,-7120.0,-29.69,-7090.31,🌑 雙重衰退,⚪ 數據不足
2239.TW,英利-KY,23.1000003815,0.0,-279.15,2025-12,-7.87,-8644.44,-11.17,-8633.27,🌑 雙重衰退,⚪ 數據不足
6552.TW,易華電,25.7000007629,0.0,-310.50000000000006,2025-12,-14.35,-9068.75,-26.56,-9042.19,🌑 雙重衰退,⚪ 數據不足
1455.TW,集盛,8.6300001144,0.0,-37.2,2025-12,-0.99,-10000.0,-34.21,-9965.79,🌑 雙重衰退,⚪ 數據不足
6533.TW,晶心科,174.5,0.0,-389.8499999999999,2025-12,-8.2,-20600.0,7.0,-20607.0,📉 獲利侵蝕,⚪ 數據不足
3629.TWO,地心引力,19.8999996185,0.0,-32.25000000000001,2025-12,-0.65,38.1,24824.59,-24786.49,⚠️ 獲利稀釋,⚪ 數據不足
4745.TWO,合富-KY,19.75,0.0,-80.55,2025-12,-3.18,-31900.0,-29.49,-31870.51,🌑 雙重衰退,⚪ 數據不足
