symbol,name,price,pe,est_price,date,eps,eps_yoy,rev_yoy,expansion,status,advice
4916.TW,事欣科,69.5,16.82808716707022,61.949999999999996,2025-12,1.77,8050.0,0.89,8049.11,🚀 利潤擴張,⚪ 中性觀察
3062.TW,建漢,30.8999996185,4.928229604226476,94.05,2025-12,0.68,6600.0,16.55,6583.45,🚀 利潤擴張,💎 強力關注
2547.TW,日勝生,10.6000003815,0.9380531311061946,169.5,2025-12,2.85,3612.5,-12.89,3625.39,🧐 疑業外收益,💎 強力關注
6649.TWO,台生材,39.8499984741,9.648910042154963,61.949999999999996,2025-12,1.4,3600.0,128.22,3471.78,🚀 利潤擴張,💎 強力關注
3189.TW,景碩,491.5,64.92734478203435,113.55,2025-12,3.51,3072.73,28.87,3043.86,🚀 利潤擴張,⚠️ 追價風險
5521.TW,工信,12.0500001907,11.930693258118811,15.15,2025-12,0.52,2500.0,27.32,2472.68,🚀 利潤擴張,💎 強力關注
4523.TWO,永彰,30.7999992371,0.8052287382248364,573.7500000000001,2025-12,22.26,1562.0,-7.15,1569.15,🧐 疑業外收益,💎 強力關注
1432.TW,大魯閣,16.7999992371,3.0324908370216606,83.1,2025-12,6.03,1502.33,4.63,1497.6999999999998,🔄 轉虧為盈,💎 強力關注
4542.TWO,科嶠,170.0,54.14012738853503,47.1,2025-12,1.28,1500.0,37.66,1462.34,🚀 利潤擴張,⚠️ 追價風險
3708.TW,上緯投控,126.0,3.432307273222555,550.65,2025-12,35.57,1276.65,-30.75,1307.4,🧐 疑業外收益,💎 強力關注
4903.TWO,聯光通,52.4000015259,31.566265979457835,24.9,2025-12,1.02,1357.14,64.51,1292.63,🚀 利潤擴張,⚠️ 追價風險
1815.TWO,富喬,114.5,37.540983606557376,45.75000000000001,2025-12,1.64,1116.67,40.69,1075.98,🚀 利潤擴張,⚠️ 追價風險
5284.TW,jpp-KY,362.0,12.777973879279916,424.95,2025-12,12.05,1105.15,56.24,1048.91,🚀 利潤擴張,✅ 穩健價值
5488.TWO,松普,10.1999998093,27.56756705216216,5.55,2025-12,0.11,1000.0,-8.11,1008.11,🧐 疑業外收益,⚠️ 追價風險
2331.TW,精英,22.0499992371,4.5937498410625,72.0,2025-12,1.41,981.25,14.95,966.3,🚀 利潤擴張,💎 強力關注
4123.TWO,晟德,40.5,2.475550122249389,245.39999999999998,2025-12,12.33,905.92,-6.28,912.1999999999999,🧐 疑業外收益,💎 強力關注
6166.TW,凌華,81.0,18.36734693877551,66.15,2025-12,2.35,921.74,17.09,904.65,🚀 利潤擴張,⚪ 中性觀察
1529.TW,樂事綠能,23.5499992371,8.148788663356402,43.349999999999994,2025-12,1.01,876.92,32.89,844.03,🚀 利潤擴張,💎 強力關注
3081.TWO,聯亞,3005.0,325.9219088937093,138.3,2025-12,4.66,884.75,82.29,802.46,🚀 利潤擴張,⚠️ 追價風險
6182.TWO,合晶,45.0,0.0,0.0,2025-12,0.09,800.0,12.57,787.43,🔄 轉虧為盈,⚪ 數據不足
2102.TW,泰豐,19.3500003815,12.814569789072843,22.650000000000006,2025-12,6.28,721.43,-0.57,722.0,🔄 轉虧為盈,✅ 穩健價值
4414.TW,如興,0.0,0.0,0.0,2025-12,0.68,700.0,-5.37,705.37,🧐 疑業外收益,⚪ 數據不足
3236.TWO,千如,32.9000015259,131.6000061036,3.75,2025-12,0.32,700.0,10.91,689.09,🚀 利潤擴張,⚠️ 追價風險
2323.TW,中環,10.75,22.395833333333325,7.200000000000003,2025-12,1.58,685.19,-3.39,688.58,🧐 疑業外收益,⚠️ 追價風險
4413.TWO,飛寶企業,18.7999992371,0.0,-9.45,2025-12,0.53,783.33,114.77,668.5600000000001,🔄 轉虧為盈,⚪ 數據不足
4924.TWO,欣厚-KY,10.3000001907,21.458333730625,7.2,2025-12,0.38,660.0,3.99,656.01,🚀 利潤擴張,⚪ 中性觀察
3002.TW,歐格,19.1000003815,16.754386299561403,17.099999999999998,2025-12,0.36,620.0,16.76,603.24,🚀 利潤擴張,⚪ 中性觀察
2344.TW,華邦電,90.5999984741,393.9130368439131,3.4499999999999997,2025-12,0.88,576.92,9.55,567.37,🚀 利潤擴張,⚠️ 追價風險
3054.TW,立萬利,72.0,27.69230769230769,39.0,2025-12,1.96,590.0,26.61,563.39,🚀 利潤擴張,⚠️ 追價風險
6282.TW,康舒,51.4000015259,0.0,-13.950000000000003,2025-12,0.18,550.0,0.1,549.9,🔄 轉虧為盈,⚪ 數據不足
2491.TW,吉祥全,16.3500003815,96.17647283235286,2.5500000000000025,2025-12,1.43,457.5,-10.43,467.93,🧐 疑業外收益,⚠️ 追價風險
3297.TWO,杭特,35.6500015259,29.462811178429753,18.15,2025-12,0.47,461.54,20.59,440.95000000000005,🚀 利潤擴張,⚠️ 追價風險
3555.TWO,博士旺,247.5,0.0,-9.599999999999998,2025-12,1.28,752.94,334.57,418.37000000000006,🔄 轉虧為盈,⚪ 數據不足
2243.TW,宏旭-KY,23.6499996185,26.874999566477282,13.199999999999998,2025-12,1.22,408.33,-9.02,417.34999999999997,🔄 轉虧為盈,⚠️ 追價風險
3167.TW,大量,680.0,38.6144236229415,264.15000000000003,2025-12,8.13,474.47,95.35,379.12,🚀 利潤擴張,⚠️ 追價風險
1413.TW,宏洲,9.75,8.863636363636365,16.499999999999996,2025-12,0.45,364.71,-9.55,374.26,🧐 疑業外收益,💎 強力關注
4764.TW,雙鍵,222.0,85.71428571428572,38.849999999999994,2025-12,1.22,377.27,5.46,371.81,🚀 利潤擴張,⚠️ 追價風險
5490.TWO,同亨,27.7999992371,6.096491060767543,68.4,2025-12,1.69,382.35,12.01,370.34000000000003,🚀 利潤擴張,💎 強力關注
3219.TWO,倚強科,70.5999984741,17.738693083944728,59.699999999999996,2025-12,1.52,406.67,49.68,356.99,🚀 利潤擴張,⚪ 中性觀察
2409.TW,友達,18.5499992371,7.303149305944881,38.1,2025-12,0.9,327.5,0.41,327.09,🚀 利潤擴張,💎 強力關注
4439.TW,冠星-KY,104.0,4.846225535880708,321.90000000000003,2025-12,7.73,346.24,29.26,316.98,🚀 利潤擴張,💎 強力關注
2399.TW,映泰,40.2000007629,0.0,-2.7000000000000006,2025-12,0.15,275.0,-14.09,289.09,🔄 轉虧為盈,⚪ 數據不足
2498.TW,宏達電,41.8499984741,1.747390332947808,359.25,2025-12,7.21,275.85,-5.85,281.70000000000005,🧐 疑業外收益,💎 強力關注
6165.TW,浪凡,0.0,0.0,0.0,2025-12,4.02,288.24,12.97,275.27,🚀 利潤擴張,⚪ 數據不足
4576.TW,大銀微系統,198.0,45.30892448512586,65.55,2025-12,2.01,294.12,20.44,273.68,🚀 利潤擴張,⚠️ 追價風險
2466.TW,冠西電,58.5999984741,0.0,-8.100000000000001,2025-12,0.25,241.18,-14.27,255.45000000000002,🧐 疑業外收益,⚪ 數據不足
1608.TW,華榮,34.7000007629,2.9836630062682716,174.45,2025-12,5.5,254.81,0.02,254.79,🚀 利潤擴張,💎 強力關注
1718.TW,中纖,6.7600002289,26.000000880384615,3.9000000000000004,2025-12,0.09,250.0,-0.24,250.24,🧐 疑業外收益,⚠️ 追價風險
4949.TW,有成精密,91.9000015259,20.197802533164836,68.25,2025-12,1.91,240.74,-0.48,241.22,🧐 疑業外收益,⚪ 中性觀察
1438.TW,三地開發,26.9500007629,0.0,-2.4000000000000004,2025-12,1.74,237.01,7.93,229.07999999999998,🔄 轉虧為盈,⚪ 數據不足
1456.TW,怡華,13.8500003815,9.4217689670068,22.050000000000004,2025-12,3.41,207.21,-20.46,227.67000000000002,🔄 轉虧為盈,💎 強力關注
3530.TW,晶相光,67.9000015259,32.488039007607654,31.349999999999998,2025-12,1.74,230.83,6.6,224.23000000000002,🚀 利潤擴張,⚠️ 追價風險
2034.TW,允強,21.25,22.135416666666668,14.399999999999999,2025-12,0.21,200.0,-13.63,213.63,🧐 疑業外收益,⚠️ 追價風險
4167.TWO,松瑞藥,19.5499992371,3.5288807287184114,83.1,2025-12,1.72,203.51,-1.28,204.79,🧐 疑業外收益,💎 強力關注
4744.TWO,皇將,31.5,7.110609480812641,66.44999999999999,2025-12,2.51,216.0,12.21,203.79,🚀 利潤擴張,💎 強力關注
6902.TW,GOGOLOOK,108.0,51.674641148325364,31.349999999999998,2025-12,1.58,222.58,20.92,201.66000000000003,🚀 利潤擴張,⚠️ 追價風險
2316.TW,楠梓電,113.5,3.6308381317978244,468.90000000000003,2025-12,13.38,212.47,12.25,200.22,🚀 利潤擴張,💎 強力關注
1796.TWO,金穎生技,40.5,30.000000000000004,20.249999999999996,2025-12,0.7,229.63,29.92,199.70999999999998,🚀 利潤擴張,⚠️ 追價風險
6840.TWO,東研信超,74.4000015259,21.818182265659825,51.15,2025-12,1.58,205.88,8.46,197.42,🚀 利潤擴張,⚪ 中性觀察
3191.TWO,雲嘉南,14.3999996185,29.999999205208333,7.2,2025-12,0.51,189.47,-7.75,197.22,🧐 疑業外收益,⚠️ 追價風險
3048.TW,益登,40.5499992371,10.037128524034657,60.59999999999999,2025-12,2.01,195.71,2.05,193.66,🚀 利潤擴張,💎 強力關注
6202.TW,盛群,60.5,26.535087719298247,34.199999999999996,2025-12,0.76,213.64,22.23,191.41,🚀 利潤擴張,⚠️ 追價風險
2413.TW,環科,49.8499984741,0.0,-9.6,2025-12,0.41,193.18,3.52,189.66,🔄 轉虧為盈,⚪ 數據不足
1516.TW,川飛,20.5,1024.999999999999,0.30000000000000027,2025-12,0.04,100.65,-87.0,187.65,🧐 疑業外收益,⚠️ 追價風險
6112.TW,邁達特,48.2999992371,12.879999796560002,56.25,2025-12,1.82,203.33,18.84,184.49,🚀 利潤擴張,✅ 穩健價值
6246.TWO,臺龍,16.0499992371,21.689188158243248,11.099999999999998,2025-12,1.14,186.36,6.56,179.8,🔄 轉虧為盈,⚪ 中性觀察
4746.TW,台耀,0.0,0.0,0.0,2025-12,3.67,180.15,2.54,177.61,🚀 利潤擴張,⚪ 數據不足
3609.TWO,三一東林,24.9500007629,2.288990895678899,163.5,2025-12,6.42,248.27,70.72,177.55,🚀 利潤擴張,💎 強力關注
6573.TW,虹揚-KY,13.8500003815,10.036232160507247,20.7,2025-12,1.23,163.4,-13.43,176.83,🧐 疑業外收益,💎 強力關注
6719.TW,力智,180.0,12.676056338028168,213.00000000000003,2025-12,6.58,198.64,23.89,174.75,🚀 利潤擴張,✅ 穩健價值
6127.TWO,九豪,50.0,25.000000000000004,29.999999999999996,2025-12,0.47,173.44,-1.13,174.57,🧐 疑業外收益,⚠️ 追價風險
4556.TWO,旭然,34.1500015259,20.696970621757576,24.750000000000004,2025-12,0.92,170.59,-3.75,174.34,🧐 疑業外收益,⚪ 中性觀察
5703.TWO,亞都,14.5500001907,16.166666878555557,13.5,2025-12,0.53,178.95,5.62,173.32999999999998,🚀 利潤擴張,⚪ 中性觀察
6209.TW,今國光,65.0,42.763157894736835,22.800000000000004,2025-12,0.92,222.67,50.65,172.01999999999998,🚀 利潤擴張,⚠️ 追價風險
6841.TWO,長佳智能,59.5999984741,26.96832510140271,33.150000000000006,2025-12,0.89,183.87,12.23,171.64000000000001,🚀 利潤擴張,⚠️ 追價風險
7610.TW,聯友金屬-創,0.0,0.0,0.0,2025-12,5.45,194.08,27.9,166.18,🚀 利潤擴張,⚪ 數據不足
1587.TW,吉茂,35.9500007629,52.101450381014494,10.35,2025-12,0.37,188.1,23.11,164.99,🚀 利潤擴張,⚠️ 追價風險
2486.TW,一詮,219.0,706.4516129032259,4.65,2025-12,0.22,175.0,10.09,164.91,🚀 利潤擴張,⚠️ 追價風險
6994.TW,富威電力,0.0,0.0,0.0,2025-12,6.34,328.87,164.5,164.37,🚀 利潤擴張,⚪ 數據不足
6596.TWO,寬宏藝術,103.5,2.237354085603113,693.9,2025-12,18.83,242.99,78.68,164.31,🚀 利潤擴張,💎 強力關注
6265.TWO,方土昶,39.2999992371,0.0,-11.25,2025-12,0.68,223.81,62.85,160.96,🔄 轉虧為盈,⚪ 數據不足
5439.TWO,高技,418.0,14.408824543260945,435.15,2025-12,13.74,291.45,130.83,160.61999999999998,🚀 利潤擴張,✅ 穩健價值
3489.TWO,森寶,22.7999992371,0.0,-4.95,2025-12,-0.09,89.89,-69.84,159.73000000000002,🧐 疑業外收益,⚪ 數據不足
4526.TW,東台,33.7999992371,4.747190904087079,106.8,2025-12,1.81,150.56,-6.62,157.18,🧐 疑業外收益,💎 強力關注
6684.TWO,安格,53.7999992371,4.252964366569169,189.75000000000003,2025-12,1.57,137.2,-15.36,152.56,🧐 疑業外收益,💎 強力關注
6838.TW,台新藥,28.8999996185,0.0,-13.5,2025-12,-0.55,58.65,-93.38,152.03,🧐 疑業外收益,⚪ 數據不足
4157.TWO,太景*-KY,10.4499998093,0.0,-5.8500000000000005,2025-12,0.06,220.0,72.24,147.76,🔄 轉虧為盈,⚪ 數據不足
3252.TWO,海灣,19.8500003815,124.062502384375,2.4,2025-12,0.13,141.94,-3.71,145.65,🔄 轉虧為盈,⚠️ 追價風險
3162.TWO,精確,76.3000030518,17.06935191315436,67.05000000000001,2025-12,1.7,209.26,65.48,143.77999999999997,🚀 利潤擴張,⚪ 中性觀察
3673.TW,TPK-KY,66.0,9.243697478991598,107.1,2025-12,2.71,133.62,-8.77,142.39000000000001,🧐 疑業外收益,💎 強力關注
6236.TWO,中湛,19.0499992371,70.55555272999999,4.050000000000001,2025-12,0.08,119.51,-20.68,140.19,🧐 疑業外收益,⚠️ 追價風險
6708.TWO,天擎,43.2000007629,100.46511805325582,6.449999999999999,2025-12,0.25,180.65,42.33,138.32,🚀 利潤擴張,⚠️ 追價風險
5227.TWO,立凱-KY,22.2999992371,35.396824185872994,9.450000000000005,2025-12,0.17,104.91,-32.24,137.15,🧐 疑業外收益,⚠️ 追價風險
6485.TWO,點序,83.5,66.26984126984127,18.9,2025-12,0.71,152.21,16.84,135.37,🔄 轉虧為盈,⚠️ 追價風險
2408.TW,南亞科,219.0,0.0,-28.5,2025-12,2.13,229.88,95.09,134.79,🔄 轉虧為盈,⚪ 數據不足
3709.TWO,鑫聯大投控,77.5999984741,5.6642334652627735,205.50000000000003,2025-12,7.11,178.19,44.32,133.87,🚀 利潤擴張,💎 強力關注
3466.TWO,德晉,40.7000007629,0.0,-57.45,2025-12,-1.11,58.98,-72.48,131.46,🧐 疑業外收益,⚪ 數據不足
4934.TW,太極,17.3999996185,0.0,-35.85,2025-12,-0.95,54.11,-75.71,129.82,🧐 疑業外收益,⚪ 數據不足
2607.TW,榮運,49.8499984741,5.736478535569621,130.35,2025-12,3.56,108.46,-19.52,127.97999999999999,🧐 疑業外收益,💎 強力關注
5386.TWO,青雲,380.0,24.836601307189543,229.49999999999997,2025-12,8.61,159.21,32.59,126.62,🚀 利潤擴張,⚠️ 追價風險
3540.TWO,曜越,0.0,0.0,0.0,2025-12,0.74,155.22,29.09,126.13,🚀 利潤擴張,⚪ 數據不足
3105.TWO,穩懋,600.0,129.03225806451613,69.75,2025-12,4.0,120.99,-4.69,125.67999999999999,🧐 疑業外收益,⚠️ 追價風險
6276.TWO,安鈦克,32.4500007629,11.15120301130584,43.650000000000006,2025-12,0.92,142.59,20.19,122.4,🚀 利潤擴張,💎 強力關注
1512.TW,瑞利,7.3099999428,29.2399997712,3.75,2025-12,0.19,127.94,8.09,119.85,🚀 利潤擴張,⚠️ 追價風險
4555.TW,氣立,40.7999992371,1019.9999809274999,0.6000000000000001,2025-12,0.19,122.09,7.47,114.62,🔄 轉虧為盈,⚠️ 追價風險
4702.TWO,中美實,9.9799995422,28.514284406285704,5.250000000000002,2025-12,0.88,51.72,-61.59,113.31,🧐 疑業外收益,⚠️ 追價風險
3260.TWO,威剛,421.5,10.67899670635926,592.05,2025-12,23.18,144.7,32.13,112.57,🚀 利潤擴張,💎 強力關注
2025.TW,千興,11.8500003815,0.0,-17.700000000000003,2025-12,-0.18,87.32,-22.64,109.96,🧐 疑業外收益,⚪ 數據不足
4967.TW,十銓,262.0,14.048257372654154,279.75000000000006,2025-12,13.06,110.31,2.46,107.85000000000001,🚀 利潤擴張,✅ 穩健價值
6477.TW,安集,35.4000015259,186.31579750473682,2.8500000000000005,2025-12,0.02,102.99,-4.46,107.44999999999999,🧐 疑業外收益,⚠️ 追價風險
2501.TW,國建,25.4500007629,4.046105049745628,94.35,2025-12,2.83,108.09,1.8,106.29,🚀 利潤擴張,💎 強力關注
6465.TWO,威潤,53.5,0.0,-14.549999999999999,2025-12,0.86,168.25,63.6,104.65,🔄 轉虧為盈,⚪ 數據不足
3135.TW,凌航,133.0,15.217391304347828,131.09999999999997,2025-12,6.33,143.64,39.88,103.75999999999999,🚀 利潤擴張,✅ 穩健價值
6150.TWO,撼訊,61.0,11.466165413533837,79.8,2025-12,2.63,164.15,61.2,102.95,🚀 利潤擴張,💎 強力關注
2465.TW,麗臺,71.3000030518,55.70312738421875,19.2,2025-12,0.43,107.41,5.42,101.99,🚀 利潤擴張,⚠️ 追價風險
1541.TW,錩泰,24.75,5.6506849315068495,65.7,2025-12,2.32,118.87,21.45,97.42,🚀 利潤擴張,💎 強力關注
2380.TW,虹光,5.1999998093,2.680412272835052,29.099999999999998,2025-12,0.72,110.31,13.61,96.7,🚀 利潤擴張,💎 強力關注
4971.TWO,IET-KY,867.0,0.0,-7.0500000000000025,2025-12,1.65,146.97,50.49,96.47999999999999,🚀 利潤擴張,⚪ 數據不足
5516.TWO,雙喜,12.1999998093,0.0,-7.35,2025-12,0.16,104.43,8.41,96.02000000000001,🚀 利潤擴張,⚪ 數據不足
3363.TWO,上詮,956.0,1346.4788732394366,10.65,2025-12,0.16,134.04,38.72,95.32,🚀 利潤擴張,⚠️ 追價風險
6739.TWO,竹陞科技,1620.0,46.699336984721825,520.3499999999999,2025-12,16.13,191.99,96.69,95.30000000000001,🚀 利潤擴張,⚠️ 追價風險
6125.TWO,廣運,57.7999992371,186.45161044225807,4.65,2025-12,0.1,118.18,23.69,94.49000000000001,🚀 利潤擴張,⚠️ 追價風險
3687.TWO,歐買尬,69.4000015259,6.534840068352165,159.3,2025-12,4.67,100.43,6.13,94.30000000000001,🚀 利潤擴張,💎 強力關注
1453.TW,大將,12.0500001907,0.0,-2.1,2025-12,0.04,100.0,7.27,92.73,🚀 利潤擴張,⚪ 數據不足
4154.TWO,樂威科-KY,15.5,0.0,-84.00000000000001,2025-12,-1.82,57.28,-35.31,92.59,🧐 疑業外收益,⚪ 數據不足
2390.TW,云辰,10.25,16.532258064516128,9.3,2025-12,-0.14,88.8,-3.19,91.99,🧐 疑業外收益,⚪ 中性觀察
3504.TW,揚明光,72.3000030518,7230.0003051799995,0.15000000000000002,2025-12,-0.08,96.31,4.53,91.78,🚀 利潤擴張,⚠️ 追價風險
2360.TW,致茂,2030.0,31.684095520524423,961.0500000000001,2025-12,27.7,122.05,31.05,91.0,🚀 利潤擴張,⚠️ 追價風險
6931.TW,青松健康,50.2999992371,20.699588163415637,36.45,2025-12,1.39,104.41,14.16,90.25,🚀 利潤擴張,⚪ 中性觀察
5608.TW,四維航,15.8500003815,0.0,-9.6,2025-12,-0.13,81.16,-8.84,90.0,🧐 疑業外收益,⚪ 數據不足
3576.TW,聯合再生,16.1000003815,0.0,-28.200000000000003,2025-12,-0.77,41.22,-47.33,88.55,🧐 疑業外收益,⚪ 數據不足
6532.TWO,瑞耘,102.5,8.45012366034625,181.95,2025-12,7.31,81.39,-6.21,87.6,🧐 疑業外收益,💎 強力關注
4991.TWO,環宇-KY,693.0,0.0,-23.549999999999997,2025-12,0.15,107.11,25.43,81.68,🔄 轉虧為盈,⚪ 數據不足
2740.TWO,天蔥,39.9000015259,0.0,-125.25,2025-12,-3.19,35.27,-45.74,81.01,🧐 疑業外收益,⚪ 數據不足
1528.TW,恩德,29.5,0.0,-21.599999999999998,2025-12,-0.35,56.79,-23.83,80.62,🧐 疑業外收益,⚪ 數據不足
6196.TW,帆宣,390.5,10.203814998693495,574.05,2025-12,15.5,65.55,-15.01,80.56,🧐 疑業外收益,💎 強力關注
2022.TW,聚亨,8.5100002289,0.0,-0.6,2025-12,-0.02,95.92,16.71,79.21000000000001,🚀 利潤擴張,⚪ 數據不足
5498.TWO,凱崴,80.3000030518,0.0,-7.05,2025-12,0.0,100.0,21.05,78.95,🚀 利潤擴張,⚪ 數據不足
4552.TW,力達-KY,20.7999992371,3.9245281579433957,79.50000000000001,2025-12,2.07,73.95,-4.56,78.51,🧐 疑業外收益,💎 強力關注
3563.TW,牧德,932.0,21.31747483989021,655.8,2025-12,15.8,186.23,108.34,77.88999999999999,🚀 利潤擴張,⚪ 中性觀察
3205.TWO,佰研,58.0,0.0,-44.24999999999999,2025-12,-0.92,51.01,-26.01,77.02,🧐 疑業外收益,⚪ 數據不足
3523.TWO,迎輝,13.9499998093,0.0,-65.85,2025-12,-1.45,34.68,-42.16,76.84,🧐 疑業外收益,⚪ 數據不足
3498.TWO,陽程,86.5999984741,0.0,-32.55,2025-12,0.48,120.0,43.43,76.57,🔄 轉虧為盈,⚪ 數據不足
3625.TWO,西勝,17.6000003815,0.0,-16.200000000000003,2025-12,-0.6,56.82,-18.66,75.48,🧐 疑業外收益,⚪ 數據不足
6654.TWO,天正國際,88.9000015259,0.0,-44.699999999999996,2025-12,0.01,100.49,26.11,74.38,🔄 轉虧為盈,⚪ 數據不足
4540.TW,全球傳動,59.0999984741,0.0,-40.5,2025-12,-0.66,85.65,11.55,74.10000000000001,🚀 利潤擴張,⚪ 數據不足
2483.TW,百容,24.1499996185,12.983870762634407,27.900000000000006,2025-12,0.6,71.43,-2.48,73.91000000000001,🧐 疑業外收益,✅ 穩健價值
2731.TW,雄獅,160.0,3.646308113035552,658.1999999999999,2025-12,17.49,78.29,6.0,72.29,🚀 利潤擴張,💎 強力關注
1440.TW,南紡,13.1499996185,0.0,-4.2,2025-12,-0.15,55.88,-16.11,71.99000000000001,🧐 疑業外收益,⚪ 數據不足
6505.TW,台塑化,52.7000007629,34.444444943071886,22.950000000000003,2025-12,1.04,65.08,-5.67,70.75,🧐 疑業外收益,⚠️ 追價風險
2451.TW,創見,269.0,12.766967252017084,316.05000000000007,2025-12,12.98,140.33,69.84,70.49000000000001,🚀 利潤擴張,✅ 穩健價值
5398.TWO,慕康生醫,20.6499996185,33.852458390983614,9.149999999999999,2025-12,0.35,66.67,-3.62,70.29,🧐 疑業外收益,⚠️ 追價風險
3623.TWO,富晶通,25.8999996185,0.0,-16.950000000000003,2025-12,-0.16,82.8,12.69,70.11,🚀 利潤擴張,⚪ 數據不足
6213.TW,聯茂,297.0,29.23228346456693,152.4,2025-12,4.16,82.74,12.66,70.08,🚀 利潤擴張,⚠️ 追價風險
6241.TWO,易通展,10.5500001907,0.0,-13.649999999999999,2025-12,-0.16,74.6,5.06,69.53999999999999,🚀 利潤擴張,⚪ 數據不足
2924.TWO,宏太-KY,20.75,0.0,-38.85,2025-12,-1.17,10.0,-59.26,69.25999999999999,🧐 疑業外收益,⚪ 數據不足
6616.TWO,特昇-KY,10.0500001907,0.0,-11.850000000000001,2025-12,-0.61,55.88,-11.73,67.61,🧐 疑業外收益,⚪ 數據不足
3152.TWO,璟德,171.0,6.526717557251907,393.00000000000006,2025-12,9.42,51.69,-15.61,67.3,🧐 疑業外收益,💎 強力關注
3665.TW,貿聯-KY,2555.0,23.990610328638496,1597.5,2025-12,46.57,98.71,31.74,66.97,🚀 利潤擴張,⚠️ 追價風險
6831.TW,邁科,0.0,0.0,0.0,2025-12,4.94,151.41,84.7,66.71,🚀 利潤擴張,⚪ 數據不足
1802.TW,台玻,70.9000015259,0.0,-16.349999999999998,2025-12,-0.2,62.96,-2.37,65.33,🧐 疑業外收益,⚪ 數據不足
2027.TW,大成鋼,36.7999992371,5.476190362663691,100.8,2025-12,2.88,77.93,12.63,65.30000000000001,🚀 利潤擴張,💎 強力關注
2614.TW,東森,20.2999992371,4.471365470726872,68.1,2025-12,1.99,60.48,-4.79,65.27,🧐 疑業外收益,💎 強力關注
5543.TWO,桓鼎-KY,29.0,0.0,-88.8,2025-12,-2.52,54.46,-10.68,65.14,🧐 疑業外收益,⚪ 數據不足
4807.TW,日成-KY,15.0500001907,0.0,-32.699999999999996,2025-12,-0.24,84.62,19.6,65.02000000000001,🚀 利潤擴張,⚪ 數據不足
1445.TW,大宇,13.25,0.0,-24.750000000000004,2025-12,-0.87,42.76,-22.14,64.9,🧐 疑業外收益,⚪ 數據不足
4529.TWO,淳紳,4.1199998856,0.0,-28.05,2025-12,-0.74,42.64,-22.14,64.78,🧐 疑業外收益,⚪ 數據不足
5228.TWO,鈺鎧,34.0499992371,0.0,-24.750000000000004,2025-12,-0.2,90.52,25.85,64.66999999999999,🚀 利潤擴張,⚪ 數據不足
4166.TWO,友霖,26.4500007629,13.494898348418367,29.4,2025-12,0.9,79.17,14.52,64.65,🚀 利潤擴張,✅ 穩健價值
6141.TW,柏承,33.0499992371,0.0,-122.25,2025-12,-4.65,42.24,-21.61,63.85,🧐 疑業外收益,⚪ 數據不足
3605.TW,宏致,73.9000015259,6.557231723682342,169.04999999999998,2025-12,4.35,74.89,11.14,63.75,🚀 利潤擴張,💎 強力關注
5432.TWO,新門,146.0,36.408977556109726,60.15,2025-12,2.3,69.12,6.1,63.02,🚀 利潤擴張,⚠️ 追價風險
2436.TW,偉詮電,78.3000030518,15.979592459551023,73.49999999999999,2025-12,3.02,78.06,15.32,62.74,🚀 利潤擴張,✅ 穩健價值
2033.TW,佳大,16.25,18.67816091954023,13.05,2025-12,0.35,84.21,21.65,62.559999999999995,🚀 利潤擴張,⚪ 中性觀察
1340.TW,勝悅-KY,6.2899999619,0.0,-67.8,2025-12,-2.61,50.57,-11.95,62.519999999999996,🧐 疑業外收益,⚪ 數據不足
6510.TWO,精測,4200.0,58.163689239717485,1083.15,2025-12,30.41,95.56,33.33,62.230000000000004,🚀 利潤擴張,⚠️ 追價風險
5364.TWO,力麗店,10.8500003815,0.0,-36.449999999999996,2025-12,-0.77,35.29,-26.07,61.36,🧐 疑業外收益,⚪ 數據不足
6270.TWO,倍微,31.25,12.5,37.5,2025-12,1.08,66.15,4.86,61.290000000000006,🚀 利潤擴張,✅ 穩健價值
6168.TW,宏齊,27.75,0.0,-1.3010426069826053e-16,2025-12,0.05,66.67,5.6,61.07,🚀 利潤擴張,⚪ 數據不足
6574.TWO,霈方,0.0,0.0,0.0,2025-12,6.82,66.34,6.51,59.830000000000005,🚀 利潤擴張,⚪ 數據不足
2440.TW,太空梭,16.3500003815,0.0,-10.35,2025-12,-0.23,46.51,-12.43,58.94,🧐 疑業外收益,⚪ 數據不足
2485.TW,兆赫,71.0,0.0,-62.699999999999996,2025-12,-0.96,57.52,-0.05,57.57,🧐 疑業外收益,⚪ 數據不足
4304.TWO,勝昱,28.6000003815,0.0,-52.8,2025-12,-1.16,47.45,-9.71,57.160000000000004,🧐 疑業外收益,⚪ 數據不足
1215.TW,卜蜂,141.0,5.494933749025721,384.9,2025-12,10.39,58.63,1.7,56.93,🚀 利潤擴張,💎 強力關注
3308.TW,聯德,21.8999996185,19.909090562272727,16.5,2025-12,0.68,-32.0,-88.36,56.36,🌑 雙重衰退,⚪ 中性觀察
6584.TWO,南俊國際,805.0,74.3992606284658,162.3,2025-12,5.59,82.47,26.42,56.05,🚀 利潤擴張,⚠️ 追價風險
6026.TWO,福邦證,14.75,5.784313725490197,38.25,2025-12,1.72,54.95,-0.65,55.6,🧐 疑業外收益,💎 強力關注
2415.TW,錩新,28.8500003815,6.985472247336562,61.949999999999996,2025-12,1.81,58.77,3.4,55.370000000000005,🚀 利潤擴張,💎 強力關注
4609.TWO,唐鋒,4.6999998093,0.0,-11.25,2025-12,-0.1,78.72,23.71,55.01,🚀 利潤擴張,⚪ 數據不足
4711.TWO,永純,16.2000007629,55.86207159620689,4.3500000000000005,2025-12,0.15,50.0,-4.5,54.5,🧐 疑業外收益,⚠️ 追價風險
4968.TW,立積,130.0,30.444964871194376,64.05000000000001,2025-12,2.66,56.47,2.24,54.23,🚀 利潤擴張,⚠️ 追價風險
1313.TW,聯成,11.6999998093,0.0,-33.6,2025-12,-1.17,32.76,-19.85,52.61,🧐 疑業外收益,⚪ 數據不足
2417.TW,圓剛,42.5499992371,0.0,-31.8,2025-12,-0.19,54.55,2.69,51.86,🚀 利潤擴張,⚪ 數據不足
1760.TW,寶齡富錦,64.5999984741,12.99798762054326,74.55000000000001,2025-12,2.22,53.1,1.66,51.440000000000005,🚀 利潤擴張,✅ 穩健價值
5276.TWO,達輝-KY,16.75,5.697278911564626,44.1,2025-12,1.14,54.05,3.13,50.919999999999995,🚀 利潤擴張,💎 強力關注
2241.TW,艾姆勒,31.9500007629,0.0,-28.349999999999994,2025-12,-0.7,64.65,14.02,50.63000000000001,🚀 利潤擴張,⚪ 數據不足
3550.TW,聯穎,20.1499996185,0.0,-40.49999999999999,2025-12,-1.18,51.74,3.23,48.510000000000005,🚀 利潤擴張,⚪ 數據不足
3115.TWO,富榮綱,11.0,0.0,-21.299999999999997,2025-12,-0.44,57.53,12.25,45.28,🚀 利潤擴張,⚪ 數據不足
2254.TW,巨鎧精密-創,86.0999984741,0.0,-9.6,2025-12,-0.84,20.75,-24.51,45.260000000000005,🧐 疑業外收益,⚪ 數據不足
4541.TWO,晟田,49.5999984741,13.44173400382114,55.349999999999994,2025-12,2.03,61.11,16.06,45.05,🚀 利潤擴張,✅ 穩健價值
3057.TW,喬鼎,19.25,0.0,-1.9500000000000017,2025-12,-0.88,46.34,1.86,44.480000000000004,🚀 利潤擴張,⚪ 數據不足
1460.TW,宏遠,6.8000001907,0.0,-9.9,2025-12,-0.27,35.0,-9.38,44.38,🧐 疑業外收益,⚪ 數據不足
2630.TW,亞航,51.2000007629,19.844961536007748,38.70000000000001,2025-12,1.0,49.25,4.89,44.36,🚀 利潤擴張,⚪ 中性觀察
6144.TWO,得利影,16.0,0.0,-15.3,2025-12,-0.36,36.84,-7.24,44.080000000000005,🧐 疑業外收益,⚪ 數據不足
6139.TW,亞翔,721.0,12.364945978391356,874.6500000000001,2025-12,30.51,63.03,19.04,43.99,🚀 利潤擴張,✅ 穩健價值
6116.TW,彩晶,8.8500003815,0.0,-30.6,2025-12,-0.75,58.56,14.78,43.78,🚀 利潤擴張,⚪ 數據不足
6666.TW,羅麗芬-KY,42.5,5.599472990777339,113.85,2025-12,2.42,42.35,-1.2,43.550000000000004,🧐 疑業外收益,💎 強力關注
3518.TW,柏騰,32.7000007629,0.0,-64.95,2025-12,-1.56,33.33,-9.63,42.96,🧐 疑業外收益,⚪ 數據不足
5701.TWO,劍湖山,3.5,0.0,-13.2,2025-12,-0.26,50.0,7.33,42.67,🚀 利潤擴張,⚪ 數據不足
6226.TW,光鼎,0.0,0.0,0.0,2025-12,-0.28,38.64,-3.71,42.35,🧐 疑業外收益,⚪ 數據不足
1457.TW,宜進,14.8000001907,5.967742012379033,37.199999999999996,2025-12,1.18,29.85,-12.15,42.0,🧐 疑業外收益,💎 強力關注
4560.TW,強信-KY,34.9000015259,4.610304032483488,113.55,2025-12,3.02,48.04,6.92,41.12,🚀 利潤擴張,💎 強力關注
3049.TW,精金,13.0500001907,0.0,-30.15,2025-12,-0.64,41.28,1.22,40.06,🚀 利潤擴張,⚪ 數據不足
5519.TW,隆大,32.8499984741,3.0932201953013183,159.29999999999998,2025-12,4.96,27.18,-12.79,39.97,🧐 疑業外收益,💎 強力關注
2010.TW,春源,24.7999992371,4.290657307456748,86.69999999999999,2025-12,2.32,40.61,0.73,39.88,🚀 利潤擴張,💎 強力關注
4590.TW,富田-創,78.6999969482,0.0,0.0,2025-12,2.72,-1.45,-41.11,39.66,🌑 雙重衰退,⚪ 數據不足
1904.TW,正隆,18.6499996185,18.284313351470587,15.3,2025-12,0.74,34.55,-4.85,39.4,🧐 疑業外收益,⚪ 中性觀察
6104.TWO,創惟,104.0,6.353084911423335,245.55,2025-12,5.62,66.87,27.6,39.27,🚀 利潤擴張,💎 強力關注
3028.TW,增你強,63.2000007629,8.483221578912751,111.75,2025-12,3.15,52.91,13.76,39.15,🚀 利潤擴張,💎 強力關注
2308.TW,台達電,2015.0,38.11956110480514,792.9,2025-12,23.14,70.65,31.76,38.89,🚀 利潤擴張,⚠️ 追價風險
5243.TW,乙盛-KY,120.0,10.978956999085087,163.95,2025-12,4.4,30.95,-7.74,38.69,🧐 疑業外收益,💎 強力關注
7717.TWO,萊德光電-KY,884.0,0.0,0.0,2025-12,6.13,62.99,24.46,38.53,🚀 利潤擴張,⚪ 數據不足
5278.TWO,尚凡*,23.0,8.614232209737828,40.05,2025-12,1.05,56.72,18.28,38.44,🚀 利潤擴張,💎 強力關注
6188.TWO,廣明,88.4000015259,9.68236599407448,136.95,2025-12,3.61,54.94,17.84,37.099999999999994,🚀 利潤擴張,💎 強力關注
5340.TWO,建榮,116.0,44.44444444444445,39.15,2025-12,1.19,52.56,15.66,36.900000000000006,🚀 利潤擴張,⚠️ 追價風險
3577.TWO,泓格,83.0999984741,13.44660169483819,92.69999999999999,2025-12,2.37,46.3,9.44,36.86,🚀 利潤擴張,✅ 穩健價值
3631.TWO,晟楠,38.9500007629,0.0,-31.200000000000003,2025-12,-0.7,-25.0,-61.43,36.43,🌑 雙重衰退,⚪ 數據不足
3085.TWO,新零售,11.3999996185,0.0,-22.35,2025-12,-0.56,41.67,5.58,36.09,🚀 利潤擴張,⚪ 數據不足
4977.TW,眾達-KY,242.0,26.218851570964247,138.45000000000002,2025-12,4.48,34.45,-1.54,35.99,🧐 疑業外收益,⚠️ 追價風險
1303.TW,南亞,89.4000015259,745.000012715834,1.7999999999999983,2025-12,0.57,35.71,0.12,35.59,🔄 轉虧為盈,⚠️ 追價風險
5443.TWO,均豪,119.5,18.27217125382263,98.1,2025-12,2.59,40.56,5.3,35.260000000000005,🚀 利潤擴張,⚪ 中性觀察
6186.TWO,新潤,41.25,1.7857142857142858,346.49999999999994,2025-12,7.81,38.72,3.72,35.0,🚀 利潤擴張,💎 強力關注
6109.TWO,亞元,11.6000003815,0.0,-47.1,2025-12,-0.94,43.03,8.46,34.57,🚀 利潤擴張,⚪ 數據不足
4433.TWO,興采,20.5,0.0,-11.099999999999996,2025-12,1.06,46.48,12.09,34.39,🔄 轉虧為盈,⚪ 數據不足
3017.TW,奇鋐,2695.0,24.889176209826378,1624.2,2025-12,49.17,128.84,94.59,34.25,🚀 利潤擴張,⚠️ 追價風險
2613.TW,中櫃,22.8999996185,8.450184361070113,40.64999999999999,2025-12,1.14,35.9,2.49,33.41,🚀 利潤擴張,💎 強力關注
3232.TWO,昱捷,22.1499996185,28.76623327077922,11.55,2025-12,0.29,-9.38,-42.44,33.059999999999995,🌑 雙重衰退,⚠️ 追價風險
4538.TWO,大詠城,18.6499996185,25.547944682876714,10.95,2025-12,0.29,52.63,20.45,32.18000000000001,🚀 利潤擴張,⚠️ 追價風險
3176.TWO,基亞,30.25,63.02083333333333,7.2,2025-12,-0.78,46.94,15.28,31.659999999999997,🚀 利潤擴張,⚠️ 追價風險
6435.TWO,大中,189.5,8.805762081784387,322.8,2025-12,9.52,56.88,25.24,31.640000000000004,🚀 利潤擴張,💎 強力關注
2305.TW,全友,17.8999996185,89.4999980925,3.0,2025-12,0.2,35.71,4.08,31.630000000000003,🚀 利潤擴張,⚠️ 追價風險
6405.TW,悅城,37.5,0.0,-54.0,2025-12,-1.26,-68.0,-99.4,31.400000000000006,🌑 雙重衰退,⚪ 數據不足
3521.TWO,台鋼建設,14.3000001907,0.0,-7.199999999999999,2025-12,-0.07,89.09,58.31,30.78,🚀 利潤擴張,⚪ 數據不足
6426.TW,統新,246.0,0.0,-63.0,2025-12,-0.78,78.21,47.74,30.46999999999999,🚀 利潤擴張,⚪ 數據不足
6588.TWO,東典光電,149.0,0.0,-94.2,2025-12,-1.77,57.14,27.54,29.6,🚀 利潤擴張,⚪ 數據不足
5475.TWO,德宏,386.0,0.0,-12.450000000000001,2025-12,-0.16,88.24,58.82,29.419999999999995,🚀 利潤擴張,⚪ 數據不足
1419.TW,新紡,64.8000030518,7.020585379393283,138.45000000000002,2025-12,4.11,41.38,12.31,29.07,🚀 利潤擴張,💎 強力關注
4137.TW,麗豐-KY,108.5,6.611822059719683,246.15,2025-12,7.13,24.43,-4.63,29.06,🧐 疑業外收益,💎 強力關注
6910.TWO,德鴻,30.0,0.0,0.0,2025-12,2.0,58.93,30.1,28.83,🚀 利潤擴張,⚪ 數據不足
3011.TW,今皓,14.75,0.0,-80.85000000000001,2025-12,-2.55,-5.88,-34.5,28.62,🌑 雙重衰退,⚪ 數據不足
2072.TW,世紀風電,0.0,0.0,0.0,2025-12,11.94,34.92,6.33,28.590000000000003,🚀 利潤擴張,⚪ 數據不足
2072.TWO,未知,182.0,0.0,0.0,2025-12,11.94,34.92,6.33,28.590000000000003,🚀 利潤擴張,⚪ 數據不足
6592.TW,和潤企業,63.2000007629,6.153846228130476,154.05,2025-12,4.72,10.4,-18.16,28.560000000000002,🧐 疑業外收益,💎 強力關注
1409.TW,新纖,17.5499992371,6.77606148150579,38.85,2025-12,1.19,13.33,-14.65,27.98,🧐 疑業外收益,💎 強力關注
3094.TW,聯傑,27.7999992371,57.91666507729166,7.2,2025-12,0.25,41.18,13.2,27.98,🚀 利潤擴張,⚠️ 追價風險
6535.TWO,順藥,130.0,0.0,-88.64999999999999,2025-12,-2.05,19.44,-8.49,27.93,🧐 疑業外收益,⚪ 數據不足
3264.TWO,欣銓,210.0,15.086206896551722,208.8,2025-12,5.99,34.97,7.08,27.89,🚀 利潤擴張,✅ 穩健價值
1907.TW,永豐餘,25.0,12.953367875647668,28.95,2025-12,1.19,21.43,-6.08,27.509999999999998,🧐 疑業外收益,✅ 穩健價值
6419.TWO,京晨科,150.0,10.190217391304346,220.80000000000004,2025-12,9.58,-8.41,-35.84,27.430000000000003,🌑 雙重衰退,💎 強力關注
6218.TWO,豪勉,34.5,0.0,-37.65,2025-12,-1.15,31.55,4.45,27.1,🚀 利潤擴張,⚪ 數據不足
3661.TW,世芯-KY,4065.0,23.53929005732816,2590.35,2025-12,69.18,-13.83,-40.49,26.660000000000004,🌑 雙重衰退,⚠️ 追價風險
6153.TW,嘉聯益,19.7000007629,0.0,-155.7,2025-12,-4.38,0.46,-25.69,26.150000000000002,🧐 疑業外收益,⚪ 數據不足
4417.TWO,金洲,48.0499992371,3.1549572709848985,228.45000000000002,2025-12,6.13,39.0,12.91,26.09,🚀 利潤擴張,💎 強力關注
3702.TW,大聯大,101.5,7.718631178707225,197.24999999999997,2025-12,5.77,39.35,13.46,25.89,🚀 利潤擴張,💎 強力關注
2069.TW,運錩,18.9500007629,4.909326622512953,57.900000000000006,2025-12,1.62,20.0,-5.8,25.8,🧐 疑業外收益,💎 強力關注
2424.TW,隴華,25.1499996185,0.0,-54.15,2025-12,-1.34,59.69,34.04,25.65,🚀 利潤擴張,⚪ 數據不足
2481.TW,強茂,103.5,13.986486486486486,111.0,2025-12,3.12,30.0,4.45,25.55,🚀 利潤擴張,✅ 穩健價值
2712.TW,遠雄來,17.8500003815,0.0,-15.15,2025-12,-0.38,73.24,47.9,25.339999999999996,🚀 利潤擴張,⚪ 數據不足
6179.TWO,亞通,24.5,22.897196261682243,16.05,2025-12,0.05,25.0,-0.22,25.22,🧐 疑業外收益,⚠️ 追價風險
2359.TW,所羅門,117.0,248.93617021276594,7.050000000000001,2025-12,1.23,46.43,21.27,25.16,🚀 利潤擴張,⚠️ 追價風險
6512.TWO,啟發電,19.4500007629,0.0,-22.950000000000003,2025-12,-0.78,17.02,-8.12,25.14,🧐 疑業外收益,⚪ 數據不足
6961.TWO,旅天下,57.4000015259,0.0,0.0,2025-12,4.23,16.53,-8.56,25.090000000000003,🧐 疑業外收益,⚪ 數據不足
3058.TW,立德,9.1800003052,0.0,-32.400000000000006,2025-12,-1.44,25.52,0.46,25.06,🚀 利潤擴張,⚪ 數據不足
6228.TWO,全譜,24.5,0.0,-28.049999999999997,2025-12,-0.47,44.71,19.96,24.75,🚀 利潤擴張,⚪ 數據不足
6782.TW,視陽,227.5,6.831831831831832,499.49999999999994,2025-12,14.08,39.41,15.02,24.389999999999997,🚀 利潤擴張,💎 強力關注
6872.TWO,浩宇生醫,18.4500007629,0.0,-78.00000000000001,2025-12,-2.14,-38.16,-61.92,23.760000000000005,🌑 雙重衰退,⚪ 數據不足
3296.TW,勝德,20.7999992371,9.952152745023923,31.349999999999998,2025-12,0.61,22.0,-1.66,23.66,🧐 疑業外收益,💎 強力關注
1410.TW,南染,32.0999984741,30.571427118190474,15.75,2025-12,0.58,3.51,-20.15,23.659999999999997,🧐 疑業外收益,⚠️ 追價風險
3672.TWO,康聯訊,11.9499998093,0.0,-78.30000000000001,2025-12,-2.25,3.03,-20.4,23.43,🧐 疑業外收益,⚪ 數據不足
5484.TW,慧友,39.2000007629,0.0,-45.3,2025-12,-0.6,33.33,9.99,23.339999999999996,🚀 利潤擴張,⚪ 數據不足
2910.TW,統領,22.6499996185,7.9753519783450715,42.599999999999994,2025-12,1.23,8.85,-14.47,23.32,🧐 疑業外收益,💎 強力關注
1626.TW,艾美特-KY,11.6000003815,0.0,-16.2,2025-12,-0.86,18.87,-4.14,23.01,🧐 疑業外收益,⚪ 數據不足
6170.TWO,統振,51.9000015259,4.873239579896714,159.75,2025-12,4.49,32.45,9.65,22.800000000000004,🚀 利潤擴張,💎 強力關注
4442.TWO,竣邦-KY,56.5999984741,4.101449164789854,207.0,2025-12,5.23,52.37,29.61,22.759999999999998,🚀 利潤擴張,💎 強力關注
2913.TW,農林,11.6999998093,0.0,-5.7,2025-12,-0.15,31.82,9.13,22.689999999999998,🚀 利潤擴張,⚪ 數據不足
6907.TWO,雅特力-KY,127.5,0.0,0.0,2025-12,2.08,24.55,1.91,22.64,🚀 利潤擴張,⚪ 數據不足
7750.TW,新代,0.0,0.0,0.0,2025-12,35.12,51.69,29.17,22.519999999999996,🚀 利潤擴張,⚪ 數據不足
1733.TW,五鼎,29.5499992371,6.88811171027972,64.35,2025-12,1.63,27.34,5.0,22.34,🚀 利潤擴張,💎 強力關注
6591.TW,動力-KY,59.5,4.080932784636489,218.7,2025-12,5.37,60.88,38.81,22.07,🚀 利潤擴張,💎 強力關注
3694.TW,海華,62.2000007629,6.276488472542885,148.65,2025-12,4.03,45.42,23.39,22.03,🚀 利潤擴張,💎 強力關注
2032.TW,新鋼,16.0499992371,12.943547771854838,18.6,2025-12,0.56,24.44,2.45,21.990000000000002,🚀 利潤擴張,✅ 穩健價值
1256.TW,鮮活果汁-KY,163.5,6.396713615023476,383.3999999999999,2025-12,11.19,24.88,2.94,21.939999999999998,🚀 利潤擴張,💎 強力關注
2211.TW,長榮鋼,101.0,4.6034639927073835,329.1,2025-12,8.6,40.52,18.61,21.910000000000004,🚀 利潤擴張,💎 強力關注
6805.TW,富世達,1985.0,29.957742227588287,993.9000000000001,2025-12,31.0,73.18,51.62,21.56000000000001,🚀 利潤擴張,⚠️ 追價風險
6550.TW,北極星藥業-KY,18.6000003815,0.0,-163.35,2025-12,-5.1,-40.62,-62.05,21.43,🌑 雙重衰退,⚪ 數據不足
3581.TWO,博磊,157.5,1431.8181818181808,1.650000000000001,2025-12,0.81,35.0,13.9,21.1,🚀 利潤擴張,⚠️ 追價風險
4128.TWO,中天,0.0,0.0,0.0,2025-12,-1.29,31.02,9.94,21.08,🚀 利潤擴張,⚪ 數據不足
5607.TW,遠雄港,48.4000015259,7.202381179449405,100.80000000000001,2025-12,2.77,40.61,19.58,21.03,🚀 利潤擴張,💎 強力關注
6967.TWO,汎瑋材料,74.8000030518,8.35754224042458,134.25000000000003,2025-12,4.02,26.43,5.45,20.98,🚀 利潤擴張,💎 強力關注
6217.TWO,中探針,296.5,0.0,-78.60000000000001,2025-12,-1.65,39.69,19.12,20.569999999999997,🚀 利潤擴張,⚪ 數據不足
6212.TWO,理銘,28.6000003815,2.306451643669355,185.99999999999997,2025-12,3.96,-34.98,-55.31,20.330000000000005,🌑 雙重衰退,💎 強力關注
6203.TWO,海韻電,67.0,5.851528384279477,171.75,2025-12,5.51,57.43,37.15,20.28,🚀 利潤擴張,💎 強力關注
6799.TW,來頡,91.0999984741,11.330845581355723,120.6,2025-12,3.7,26.76,6.56,20.200000000000003,🚀 利潤擴張,💎 強力關注
4577.TWO,達航科技,161.0,0.0,-48.449999999999996,2025-12,-0.73,32.41,12.25,20.159999999999997,🚀 利潤擴張,⚪ 數據不足
6870.TWO,騰雲,186.0,13.656387665198237,204.3,2025-12,7.08,40.48,20.33,20.15,🚀 利潤擴張,✅ 穩健價值
5234.TW,達興材料,453.0,25.152692948362024,270.15,2025-12,7.37,32.55,12.43,20.119999999999997,🚀 利潤擴張,⚠️ 追價風險
4973.TWO,廣穎,90.1999969482,72.74193302274193,18.6,2025-12,2.11,16.48,-3.19,19.67,🔄 轉虧為盈,⚠️ 追價風險
6259.TWO,百徽,22.1499996185,13.184523582440477,25.2,2025-12,0.7,38.78,19.41,19.37,🚀 利潤擴張,✅ 穩健價值
2516.TW,新建,13.0500001907,5.262096851088711,37.199999999999996,2025-12,1.23,26.8,7.45,19.35,🚀 利潤擴張,💎 強力關注
1259.TWO,安心,58.0999984741,12.414529588482907,70.19999999999999,2025-12,2.45,19.51,0.27,19.240000000000002,🚀 利潤擴張,✅ 穩健價值
6431.TW,光麗-KY,20.7000007629,0.0,-74.85,2025-12,-2.07,17.15,-1.12,18.27,🧐 疑業外收益,⚪ 數據不足
3450.TW,聯鈞,363.5,26.532846715328468,205.5,2025-12,5.01,31.15,13.44,17.71,🚀 利潤擴張,⚠️ 追價風險
4147.TWO,中裕,50.7000007629,0.0,-20.55,2025-12,-0.61,17.57,0.19,17.38,🚀 利潤擴張,⚪ 數據不足
2221.TWO,大甲,38.9000015259,6.68384905943299,87.30000000000001,2025-12,2.31,14.36,-2.98,17.34,🧐 疑業外收益,💎 強力關注
2421.TW,建準,147.0,7.980456026058631,276.3,2025-12,7.94,45.05,27.72,17.33,🚀 利潤擴張,💎 強力關注
6187.TWO,萬潤,1390.0,35.7602263956779,583.0500000000001,2025-12,15.46,13.93,-3.04,16.97,🧐 疑業外收益,⚠️ 追價風險
7547.TWO,碩網,77.5,12.479871175523352,93.14999999999999,2025-12,2.65,22.61,5.66,16.95,🚀 利潤擴張,✅ 穩健價值
2472.TW,立隆電,184.0,9.951325040562464,277.35,2025-12,8.73,24.54,7.68,16.86,🚀 利潤擴張,💎 強力關注
5515.TW,建國,40.25,4.707602339181286,128.25,2025-12,4.48,32.54,15.92,16.619999999999997,🚀 利潤擴張,💎 強力關注
2851.TW,中再保,30.2000007629,4.05369137757047,111.75,2025-12,3.66,16.56,0.05,16.509999999999998,🚀 利潤擴張,💎 強力關注
3593.TW,力銘,19.6499996185,0.0,-66.3,2025-12,-1.4,41.55,25.06,16.49,🚀 利潤擴張,⚪ 數據不足
2357.TW,華碩,609.0,3.9997372914751077,2283.9,2025-12,59.99,41.92,25.86,16.060000000000002,🚀 利潤擴張,💎 強力關注
4979.TWO,華星光,629.0,48.873348873348874,193.04999999999998,2025-12,5.43,43.01,27.06,15.95,🚀 利潤擴張,⚠️ 追價風險
1593.TWO,祺驊,33.2000007629,6.989473844821052,71.25,2025-12,2.18,28.24,12.31,15.929999999999998,🚀 利潤擴張,💎 強力關注
5302.TWO,太欣,11.8000001907,0.0,-8.85,2025-12,-0.12,55.56,39.69,15.870000000000005,🚀 利潤擴張,⚪ 數據不足
6969.TW,成信實業*-創,31.4500007629,0.0,-8.85,2025-12,-0.09,95.65,79.86,15.790000000000006,🚀 利潤擴張,⚪ 數據不足
3234.TWO,光環,115.0,0.0,-41.099999999999994,2025-12,-1.4,34.88,19.09,15.790000000000003,🚀 利潤擴張,⚪ 數據不足
3711.TW,日月光投控,465.0,22.58377853326858,308.85,2025-12,9.37,24.18,8.39,15.79,🚀 利潤擴張,⚠️ 追價風險
1799.TWO,易威,0.0,0.0,0.0,2025-12,-0.59,26.25,10.54,15.71,🚀 利潤擴張,⚪ 數據不足
6124.TWO,業強,32.2999992371,0.0,-49.95,2025-12,-0.99,16.81,1.16,15.649999999999999,🚀 利潤擴張,⚪ 數據不足
5289.TWO,宜鼎,1165.0,26.744719926538107,653.4000000000001,2025-12,21.72,75.21,59.96,15.249999999999993,🚀 利潤擴張,⚠️ 追價風險
2423.TW,固緯,60.0999984741,8.851251616215022,101.85,2025-12,2.92,20.66,5.54,15.120000000000001,🚀 利潤擴張,💎 強力關注
6222.TWO,立軒,20.8500003815,0.0,-15.449999999999998,2025-12,-0.4,14.63,-0.4,15.030000000000001,🧐 疑業外收益,⚪ 數據不足
2330.TW,台積電,2050.0,13.11832085493057,2344.0499999999997,2025-12,66.26,46.42,31.61,14.810000000000002,🚀 利潤擴張,✅ 穩健價值
6509.TWO,聚和,44.0499992371,5.912751575449664,111.75000000000001,2025-12,2.87,17.48,2.77,14.71,🚀 利潤擴張,💎 強力關注
6722.TW,輝創,39.6500015259,0.0,0.0,2025-12,2.9,11.54,-2.79,14.329999999999998,🧐 疑業外收益,⚪ 數據不足
1225.TW,福懋油,33.2000007629,8.469387949719387,58.8,2025-12,1.62,8.0,-6.25,14.25,🧐 疑業外收益,💎 強力關注
6614.TW,資拓宏宇,0.0,0.0,0.0,2025-12,2.08,11.76,-2.37,14.129999999999999,🧐 疑業外收益,⚪ 數據不足
7738.TWO,東聯互動,184.5,0.0,0.0,2025-12,14.61,44.26,30.15,14.11,🚀 利潤擴張,⚪ 數據不足
1560.TW,中砂,536.0,25.475285171102662,315.59999999999997,2025-12,9.28,30.18,16.1,14.079999999999998,🚀 利潤擴張,⚠️ 追價風險
5864.TWO,致和證,25.1499996185,11.807511557981222,31.95,2025-12,2.56,56.1,42.16,13.940000000000005,🚀 利潤擴張,💎 強力關注
3703.TW,欣陸,21.3500003815,6.735015893217666,47.55,2025-12,1.8,25.87,11.98,13.89,🚀 利潤擴張,💎 強力關注
6225.TW,天瀚,18.0,0.0,-7.199999999999999,2025-12,-0.06,14.29,0.42,13.87,🚀 利潤擴張,⚪ 數據不足
5457.TWO,宣德,39.9500007629,6.794217816819726,88.20000000000002,2025-12,2.77,21.15,7.36,13.79,🚀 利潤擴張,💎 強力關注
2836.TW,高雄銀,12.0,7.361963190184049,24.45,2025-12,0.68,28.3,14.52,13.780000000000001,🚀 利潤擴張,💎 強力關注
2007.TW,燁興,7.9299998283,0.0,-76.95,2025-12,-2.24,-9.8,-23.43,13.629999999999999,🌑 雙重衰退,⚪ 數據不足
6727.TWO,亞泰金屬,463.5,32.27715877437326,215.39999999999998,2025-12,6.8,22.08,8.58,13.499999999999998,🚀 利潤擴張,⚠️ 追價風險
3704.TW,合勤控,38.2999992371,12.158729916539682,47.25000000000001,2025-12,1.56,10.87,-2.6,13.469999999999999,🧐 疑業外收益,✅ 穩健價值
6272.TW,驊陞,0.0,0.0,0.0,2025-12,3.43,44.34,30.88,13.460000000000004,🚀 利潤擴張,⚪ 數據不足
4927.TW,泰鼎-KY,52.2999992371,0.0,-262.95000000000005,2025-12,-8.65,6.63,-6.83,13.46,🧐 疑業外收益,⚪ 數據不足
6414.TW,樺漢,318.5,5.643160878809355,846.5999999999999,2025-12,23.26,10.59,-2.8,13.39,🧐 疑業外收益,💎 強力關注
6603.TWO,富強鑫,26.75,30.74712643678161,13.05,2025-12,0.61,25.0,12.22,12.78,🚀 利潤擴張,⚠️ 追價風險
6625.TW,必應,75.5,3.932291666666667,288.0,2025-12,9.13,51.64,38.99,12.649999999999999,🚀 利潤擴張,💎 強力關注
2313.TW,華通,247.0,20.549084858569053,180.29999999999998,2025-12,5.51,17.23,4.87,12.36,🚀 利潤擴張,⚪ 中性觀察
2356.TW,英業達,47.75,8.19039451114923,87.44999999999999,2025-12,2.42,19.21,6.95,12.260000000000002,🚀 利潤擴張,💎 強力關注
3379.TWO,彬台,37.2999992371,12.644067538,44.25,2025-12,2.12,94.5,82.32,12.180000000000007,🚀 利潤擴張,✅ 穩健價值
5274.TWO,信驊,16085.0,67.09911563490739,3595.8,2025-12,103.92,52.82,40.64,12.18,🚀 利潤擴張,⚠️ 追價風險
5206.TWO,坤悅,23.8999996185,1.9274193240725805,186.0,2025-12,3.44,66.99,55.14,11.849999999999994,🚀 利潤擴張,💎 強力關注
2013.TW,中鋼構,43.75,5.8646112600536195,111.9,2025-12,3.19,18.15,6.36,11.79,🚀 利潤擴張,💎 強力關注
4142.TW,國光生,18.1499996185,0.0,-48.6,2025-12,-0.57,1.75,-9.99,11.74,🧐 疑業外收益,⚪ 數據不足
2449.TW,京元電子,287.5,11.509207365892715,374.69999999999993,2025-12,9.01,41.67,30.08,11.590000000000003,🚀 利潤擴張,💎 強力關注
6016.TWO,康和證,17.75,8.91959798994975,29.849999999999998,2025-12,1.98,13.14,1.59,11.55,🚀 利潤擴張,💎 強力關注
6788.TWO,華景電,523.0,12.8596016719941,610.05,2025-12,17.36,31.09,19.97,11.120000000000001,🚀 利潤擴張,✅ 穩健價值
2368.TW,金像電,1250.0,28.56489945155393,656.4,2025-12,19.47,64.8,54.05,10.75,🚀 利潤擴張,⚠️ 追價風險
3044.TW,健鼎,459.5,9.610960050198702,717.1500000000001,2025-12,19.45,21.94,11.54,10.400000000000002,🚀 利潤擴張,💎 強力關注
2468.TW,華經,35.4500007629,12.706093463405017,41.85,2025-12,1.25,30.21,19.94,10.27,🚀 利潤擴張,✅ 穩健價值
2527.TW,宏璟,34.8499984741,435.6249809262502,1.1999999999999993,2025-12,0.93,-80.68,-90.93,10.25,🌑 雙重衰退,⚠️ 追價風險
1218.TW,泰山,0.0,0.0,0.0,2025-12,1.59,4.73,-5.32,10.05,🧐 疑業外收益,⚪ 數據不足
3036.TW,文曄,213.5,7.954545454545456,402.59999999999997,2025-12,11.61,32.83,22.78,10.049999999999997,🚀 利潤擴張,💎 強力關注
3357.TWO,臺慶科,183.5,7.1651698555251855,384.15,2025-12,10.26,30.29,20.3,9.989999999999998,🚀 利潤擴張,✅ 穩健價值
3257.TW,虹冠電,56.7999992371,6.884848392375758,123.75,2025-12,3.42,39.18,29.32,9.86,🚀 利潤擴張,✅ 穩健價值
2884.TW,玉山金,33.0499992371,6.200750325909945,79.95,2025-12,2.12,30.06,20.44,9.619999999999997,🚀 利潤擴張,✅ 穩健價值
1471.TW,首利,12.5,56.81818181818182,3.3,2025-12,0.03,-25.0,-34.37,9.369999999999997,🔄 轉虧為盈,⚠️ 追價風險
2006.TW,東和鋼鐵,69.1999969482,4.455891625769478,232.95,2025-12,6.47,5.37,-3.84,9.21,🧐 疑業外收益,✅ 穩健價值
6138.TWO,茂達,246.0,8.14299900695134,453.15000000000003,2025-12,13.04,31.94,22.89,9.05,🚀 利潤擴張,✅ 穩健價值
2880.TW,華南金,35.25,7.730263157894737,68.39999999999999,2025-12,1.9,13.1,4.06,9.04,🚀 利潤擴張,✅ 穩健價值
6928.TW,攸泰科技,50.0,0.0,-7.05,2025-12,-0.73,6.41,-2.54,8.95,🧐 疑業外收益,⚪ 數據不足
5381.TWO,合正,24.3500003815,11.221198332488479,32.55,2025-12,0.72,2.44,-5.88,8.32,🧐 疑業外收益,✅ 穩健價值
5520.TWO,力泰,80.4000015259,3.145539965802034,383.4,2025-12,9.97,10.9,2.6,8.3,🚀 利潤擴張,✅ 穩健價值
4804.TWO,大略-KY,3.2699999809,0.0,-39.300000000000004,2025-12,-1.54,15.65,7.41,8.24,🚀 利潤擴張,⚪ 數據不足
6470.TWO,宇智,49.0499992371,6.193181721856061,118.8,2025-12,3.87,7.5,-0.56,8.06,🧐 疑業外收益,✅ 穩健價值
5478.TWO,智冠,99.5999984741,5.136668307070655,290.85,2025-12,7.93,4.25,-3.78,8.03,🧐 疑業外收益,✅ 穩健價值
2329.TW,華泰,59.7000007629,12.08502039734818,74.1,2025-12,2.45,28.92,20.92,8.0,🚀 利潤擴張,✅ 穩健價值
3653.TW,健策,5410.0,59.64718853362734,1360.5,2025-12,36.75,49.96,42.0,7.960000000000001,🚀 利潤擴張,⚠️ 追價風險
3611.TWO,鼎翰,193.0,4.192006950477845,690.6,2025-12,19.63,38.68,31.04,7.640000000000001,🚀 利潤擴張,✅ 穩健價值
5212.TWO,凌網,48.4000015259,5.99009919875,121.2,2025-12,4.74,23.44,15.91,7.530000000000001,🚀 利潤擴張,✅ 穩健價值
3290.TWO,東浦,50.4000015259,12.791878559873098,59.1,2025-12,2.02,25.64,18.23,7.41,🚀 利潤擴張,✅ 穩健價值
1605.TW,華新,31.6000003815,18.265896174277458,25.95,2025-12,0.75,4.35,-2.83,7.18,🧐 疑業外收益,⚪ 中性觀察
2404.TW,漢唐,1000.0,9.036688957166094,1659.9,2025-12,48.08,46.52,39.37,7.150000000000006,🚀 利潤擴張,✅ 穩健價值
3026.TW,禾伸堂,248.0,15.422885572139302,241.20000000000002,2025-12,6.58,12.1,5.01,7.09,🚀 利潤擴張,✅ 穩健價值
2301.TW,光寶科,176.0,11.013767209011263,239.70000000000002,2025-12,6.64,28.09,21.11,6.98,🚀 利潤擴張,✅ 穩健價值
6662.TWO,樂斯科,29.6499996185,8.471428462428571,52.5,2025-12,1.66,-3.49,-10.2,6.709999999999999,🌑 雙重衰退,✅ 穩健價值
3652.TW,精聯,29.3999996185,9.735099211423842,45.3,2025-12,1.34,7.2,0.59,6.61,🚀 利潤擴張,✅ 穩健價值
5876.TW,上海商銀,39.8499984741,4.865689679377288,122.85000000000002,2025-12,3.06,10.11,3.7,6.409999999999999,🚀 利潤擴張,✅ 穩健價值
6706.TW,惠特,139.0,0.0,-168.45000000000002,2025-12,-3.92,2.97,-3.41,6.380000000000001,🧐 疑業外收益,⚪ 數據不足
6703.TWO,軒郁,113.5,5.196886446886446,327.6,2025-12,9.9,-2.0,-8.29,6.289999999999999,🌑 雙重衰退,✅ 穩健價值
4532.TW,瑞智,24.1499996185,4.423076853205129,81.89999999999999,2025-12,2.05,0.5,-5.76,6.26,🧐 疑業外收益,✅ 穩健價值
6415.TW,矽力*-KY,402.5,28.34507042253521,213.00000000000003,2025-12,6.4,8.14,1.94,6.200000000000001,🚀 利潤擴張,⚠️ 追價風險
5534.TW,長虹,76.3000030518,7.576961574160875,151.04999999999998,2025-12,6.0,-23.57,-29.66,6.09,🌑 雙重衰退,✅ 穩健價值
3005.TW,神基,102.0,4.854831032841504,315.15000000000003,2025-12,8.43,16.67,10.6,6.070000000000002,🚀 利潤擴張,✅ 穩健價值
5601.TWO,台聯櫃,35.75,34.047619047619044,15.75,2025-12,0.42,7.69,1.81,5.880000000000001,🚀 利潤擴張,⚠️ 追價風險
1337.TW,再生-KY,5.3400001526,0.0,-62.85000000000001,2025-12,-1.74,-12.99,-18.82,5.83,🌑 雙重衰退,⚪ 數據不足
1712.TW,興農,42.5,6.088825214899714,104.69999999999999,2025-12,2.6,4.0,-1.68,5.68,🧐 疑業外收益,✅ 穩健價值
6122.TWO,擎邦,50.5,4.364736387208297,173.55,2025-12,4.78,7.03,1.36,5.67,🚀 利潤擴張,✅ 穩健價值
2617.TW,台航,0.0,0.0,0.0,2025-12,3.18,3.25,-2.28,5.529999999999999,🧐 疑業外收益,⚪ 數據不足
6761.TWO,穩得,206.5,11.241154055525312,275.55,2025-12,7.34,2.89,-2.32,5.21,🧐 疑業外收益,✅ 穩健價值
6005.TW,群益證,28.2000007629,4.828767253921233,87.6,2025-12,2.64,17.33,12.14,5.189999999999998,🚀 利潤擴張,✅ 穩健價值
2801.TW,彰銀,21.3500003815,5.5310881817357505,57.900000000000006,2025-12,1.51,13.53,8.35,5.18,🚀 利潤擴張,✅ 穩健價值
2317.TW,鴻海,221.0,6.646616541353383,498.75,2025-12,13.61,23.02,18.13,4.890000000000001,🚀 利潤擴張,✅ 穩健價值
3045.TW,台灣大,113.0,9.600679694137638,176.54999999999998,2025-12,4.77,4.58,-0.31,4.89,🧐 疑業外收益,✅ 穩健價值
4966.TWO,譜瑞-KY,590.0,6.716757741347905,1317.6000000000001,2025-12,34.51,6.64,1.76,4.88,🚀 利潤擴張,✅ 穩健價值
6290.TWO,良維,279.0,13.216485078162009,316.65,2025-12,8.73,31.08,26.34,4.739999999999998,🚀 利潤擴張,✅ 穩健價值
6515.TW,穎崴,10730.0,89.03825408679778,1807.6499999999999,2025-12,46.93,40.24,35.51,4.730000000000004,🚀 利潤擴張,⚠️ 追價風險
1538.TW,正峰,12.8999996185,0.0,-31.050000000000004,2025-12,-1.59,6.47,1.9,4.57,🚀 利潤擴張,⚪ 數據不足
3492.TWO,長盛,23.6499996185,4.7585512310865195,74.55,2025-12,1.77,9.26,4.69,4.569999999999999,🚀 利潤擴張,✅ 穩健價值
3171.TWO,炎洲流通,68.9000015259,6.842105414687189,151.05,2025-12,4.3,36.94,32.43,4.509999999999998,🚀 利潤擴張,✅ 穩健價值
4749.TWO,新應材,1035.0,37.6911871813547,411.90000000000003,2025-12,11.33,32.78,28.3,4.48,🚀 利潤擴張,⚠️ 追價風險
2838.TW,聯邦銀,20.3500003815,6.806020194481604,44.85,2025-12,1.29,8.94,4.5,4.4399999999999995,🚀 利潤擴張,✅ 穩健價值
1442.TW,名軒,29.4500007629,3.3239278513431154,132.89999999999998,2025-12,3.03,-57.74,-62.17,4.43,🌑 雙重衰退,✅ 穩健價值
4571.TW,鈞興-KY,162.0,6.5560501821125055,370.65,2025-12,9.61,4.45,0.1,4.3500000000000005,🚀 利潤擴張,✅ 穩健價值
3037.TW,欣興,716.0,93.47258485639688,114.89999999999999,2025-12,4.38,18.07,13.75,4.32,🚀 利潤擴張,⚠️ 追價風險
6220.TWO,岳豐,31.3999996185,54.137930376724135,8.700000000000001,2025-12,0.81,-12.9,-17.2,4.299999999999999,🌑 雙重衰退,⚠️ 追價風險
1210.TW,大成,0.0,0.0,0.0,2025-12,4.33,2.79,-1.49,4.28,🧐 疑業外收益,⚪ 數據不足
3388.TWO,崇越電,120.5,12.00199203187251,150.60000000000002,2025-12,4.15,1.47,-2.69,4.16,🧐 疑業外收益,✅ 穩健價值
3010.TW,華立,138.5,6.707021791767554,309.75000000000006,2025-12,8.84,1.84,-2.3,4.14,🧐 疑業外收益,✅ 穩健價值
3349.TWO,寶德,27.75,0.0,-35.1,2025-12,-1.02,9.52,5.58,3.9399999999999995,🚀 利潤擴張,⚪ 數據不足
3596.TW,智易,173.5,5.543130990415336,469.49999999999994,2025-12,12.6,11.7,8.19,3.51,🚀 利潤擴張,✅ 穩健價值
6689.TW,伊雲谷,72.9000015259,15.000000313971192,72.9,2025-12,2.31,1.77,-1.67,3.44,🧐 疑業外收益,✅ 穩健價值
6121.TWO,新普,373.5,5.117139334155364,1094.85,2025-12,30.6,5.99,2.65,3.3400000000000003,🚀 利潤擴張,✅ 穩健價值
6417.TWO,韋僑,121.0,10.74600355239787,168.9,2025-12,4.83,11.03,7.83,3.1999999999999993,🚀 利潤擴張,✅ 穩健價值
4931.TWO,新盛力,159.5,23.08248914616498,103.64999999999999,2025-12,3.13,26.02,22.86,3.16,🚀 利潤擴張,⚠️ 追價風險
6492.TWO,生華科,54.5999984741,0.0,-105.60000000000001,2025-12,-2.97,10.09,7.0,3.09,🚀 利潤擴張,⚪ 數據不足
3031.TW,佰鴻,31.9500007629,11.329787504574469,42.3,2025-12,1.09,0.0,-3.04,3.04,🌑 雙重衰退,✅ 穩健價值
1714.TW,和桐,9.7600002289,8.486956720782606,17.250000000000004,2025-12,0.5,19.51,16.5,3.0100000000000016,🚀 利潤擴張,✅ 穩健價值
1513.TW,中興電,155.5,7.966188524590162,292.80000000000007,2025-12,8.07,10.14,7.18,2.960000000000001,🚀 利潤擴張,✅ 穩健價值
5455.TWO,昇益,26.3999996185,2.481202971663534,159.6,2025-12,3.46,-40.65,-43.58,2.9299999999999997,🌑 雙重衰退,✅ 穩健價值
6173.TWO,信昌電,88.5,12.606837606837606,105.30000000000001,2025-12,3.26,11.72,8.9,2.8200000000000003,🚀 利潤擴張,✅ 穩健價值
2886.TW,兆豐金,39.5,6.539735099337748,90.6,2025-12,2.36,0.85,-1.77,2.62,🧐 疑業外收益,✅ 穩健價值
2945.TW,三商家購,41.9500007629,8.61396319566735,73.05,2025-12,2.14,5.94,3.54,2.4000000000000004,🚀 利潤擴張,✅ 穩健價值
3684.TWO,榮昌,58.9000015259,7.522350131021712,117.44999999999999,2025-12,3.5,25.0,22.61,2.3900000000000006,🚀 利潤擴張,✅ 穩健價值
3583.TW,辛耘,847.0,25.838926174496642,491.70000000000005,2025-12,13.82,19.76,17.37,2.3900000000000006,🚀 利潤擴張,⚠️ 追價風險
2321.TW,東訊,12.8999996185,0.0,-29.1,2025-12,-0.76,18.37,16.01,2.3599999999999994,🚀 利潤擴張,⚪ 數據不足
3558.TWO,神準,117.0,7.08232445520581,247.80000000000004,2025-12,5.2,27.76,25.46,2.3000000000000007,🚀 利潤擴張,✅ 穩健價值
6796.TW,晉弘,72.5,0.0,-18.75,2025-12,0.2,25.0,22.72,2.280000000000001,🔄 轉虧為盈,⚪ 數據不足
2063.TWO,世鎧,26.5,6.220657276995306,63.9,2025-12,1.72,-10.88,-13.1,2.219999999999999,🌑 雙重衰退,✅ 穩健價值
6530.TWO,創威,124.5,26.889848812095032,69.45,2025-12,1.95,18.9,16.68,2.219999999999999,🚀 利潤擴張,⚠️ 追價風險
5347.TWO,世界,145.0,12.74165202108963,170.70000000000002,2025-12,4.3,12.47,10.3,2.17,🚀 利潤擴張,✅ 穩健價值
6192.TW,巨路,127.0,4.949337490257211,384.9,2025-12,10.06,-4.01,-6.01,2.0,🌑 雙重衰退,✅ 穩健價值
1503.TW,士電,197.5,10.89354660783232,271.95000000000005,2025-12,6.27,7.92,6.01,1.9100000000000001,🚀 利潤擴張,✅ 穩健價值
4911.TWO,德英,36.0999984741,6.278260604191303,86.25000000000001,2025-12,2.18,26.01,24.13,1.8800000000000026,🚀 利潤擴張,✅ 穩健價值
6933.TW,AMAX-KY,188.0,15.272136474411047,184.65,2025-12,5.04,28.97,27.21,1.759999999999998,🚀 利潤擴張,✅ 穩健價值
4129.TWO,聯合,103.5,7.021709633649931,221.10000000000002,2025-12,5.83,23.26,21.54,1.7200000000000024,🚀 利潤擴張,✅ 穩健價值
1612.TW,宏泰,35.6500015259,5.056737805092199,105.75,2025-12,2.77,16.39,14.68,1.7100000000000009,🚀 利潤擴張,✅ 穩健價值
3030.TW,德律,358.0,14.217633042096905,377.69999999999993,2025-12,10.49,34.83,33.22,1.6099999999999994,🚀 利潤擴張,✅ 穩健價值
4904.TW,遠傳,95.4000015259,10.225080549399785,139.95,2025-12,3.81,7.02,5.47,1.5499999999999998,🚀 利潤擴張,✅ 穩健價值
2383.TW,台光電,4065.0,39.48902273168836,1544.1000000000001,2025-12,41.67,47.96,46.42,1.5399999999999991,🚀 利潤擴張,⚠️ 追價風險
6901.TW,鑽石投資,14.3500003815,0.0,-69.00000000000001,2025-12,-1.38,53.38,51.85,1.5300000000000011,🚀 利潤擴張,⚪ 數據不足
1726.TW,永記,76.9000015259,5.438472526584158,212.10000000000002,2025-12,5.5,4.17,2.72,1.4499999999999997,🚀 利潤擴張,✅ 穩健價值
6223.TWO,旺矽,4825.0,60.94480232411268,1187.5499999999997,2025-12,33.49,32.76,31.45,1.3099999999999987,🚀 利潤擴張,⚠️ 追價風險
2412.TW,中華電,136.5,10.824742268041236,189.15,2025-12,4.99,3.96,2.67,1.29,🚀 利潤擴張,✅ 穩健價值
2883.TW,凱基金,20.7999992371,5.714285504697802,54.6,2025-12,1.74,-10.99,-12.26,1.2699999999999996,🌑 雙重衰退,✅ 穩健價值
2206.TW,三陽工業,55.7000007629,3.7182911056675563,224.70000000000002,2025-12,5.78,-3.34,-4.56,1.2199999999999998,🌑 雙重衰退,✅ 穩健價值
2478.TW,大毅,72.0,8.622754491017963,125.25000000000003,2025-12,3.45,8.95,7.81,1.1399999999999997,🚀 利潤擴張,✅ 穩健價值
2612.TW,中航,58.0,4.1636755204594404,208.95,2025-12,5.46,6.43,5.36,1.0699999999999994,🚀 利潤擴張,✅ 穩健價值
3013.TW,晟銘電,121.0,13.92405063291139,130.35000000000002,2025-12,4.03,13.2,12.17,1.0299999999999994,🚀 利潤擴張,✅ 穩健價值
3551.TWO,世禾,214.5,10.382381413359148,309.9,2025-12,8.36,17.2,16.17,1.0299999999999976,🚀 利潤擴張,✅ 穩健價值
2406.TW,國碩,32.5499992371,0.0,-41.85,2025-12,-0.92,-6.98,-7.81,0.8299999999999992,🌑 雙重衰退,⚪ 數據不足
3293.TWO,鈊象,790.0,8.428464739144351,1405.9499999999998,2025-12,38.51,19.82,19.01,0.8099999999999987,🚀 利潤擴張,✅ 穩健價值
4743.TWO,合一,0.0,0.0,0.0,2025-12,-2.18,10.29,9.49,0.7999999999999989,🚀 利潤擴張,⚪ 數據不足
2414.TW,精技,46.5499992371,5.847989853907036,119.4,2025-12,3.17,18.73,18.17,0.5599999999999987,🚀 利潤擴張,✅ 穩健價值
4707.TWO,磐亞,16.4500007629,8.184079981542288,30.150000000000002,2025-12,0.89,-6.32,-6.78,0.45999999999999996,🌑 雙重衰退,✅ 穩健價值
4198.TWO,欣大健康,39.25,0.0,-73.8,2025-12,-1.96,-14.62,-15.0,0.3800000000000008,🌑 雙重衰退,⚪ 數據不足
2852.TW,第一保,26.25,3.3783783783783785,116.55,2025-12,2.92,-2.67,-3.05,0.3799999999999999,🌑 雙重衰退,✅ 穩健價值
7556.TWO,意德士,302.0,16.27155172413793,278.40000000000003,2025-12,7.1,19.42,19.26,0.16000000000000014,🚀 利潤擴張,⚪ 中性觀察
6525.TW,捷敏-KY,96.4000015259,6.783955068676988,213.14999999999998,2025-12,5.88,14.17,14.03,0.14000000000000057,🚀 利潤擴張,✅ 穩健價值
5211.TWO,蒙恬,22.6000003815,0.0,-34.800000000000004,2025-12,-0.77,34.19,34.16,0.030000000000001137,🚀 利潤擴張,⚪ 數據不足
2645.TW,長榮航太,165.5,12.424924924924923,199.80000000000004,2025-12,5.46,11.43,11.63,-0.20000000000000107,⚠️ 獲利稀釋,⚪ 中性觀察
4564.TW,元翎,20.0499992371,0.0,-73.05,2025-12,-1.86,-4.02,-3.72,-0.2999999999999994,🌑 雙重衰退,⚪ 數據不足
4192.TWO,杏國,19.8999996185,0.0,-50.4,2025-12,-1.3,15.58,15.88,-0.3000000000000007,⚠️ 獲利稀釋,⚪ 數據不足
5205.TWO,中茂,25.3500003815,0.0,-49.8,2025-12,-1.43,-22.22,-21.87,-0.34999999999999787,🌑 雙重衰退,⚪ 數據不足
2834.TW,臺企銀,16.6000003815,5.107692425076923,48.75,2025-12,1.26,2.44,2.85,-0.41000000000000014,⚠️ 獲利稀釋,⚪ 中性觀察
1229.TW,聯華,43.5,6.786271450858034,96.15,2025-12,2.57,4.49,4.92,-0.4299999999999997,⚠️ 獲利稀釋,⚪ 中性觀察
2610.TW,華航,18.1499996185,2.9086537850160257,93.60000000000001,2025-12,2.42,2.11,2.58,-0.4700000000000002,⚠️ 獲利稀釋,⚪ 中性觀察
6442.TW,光聖,2240.0,46.24277456647399,726.5999999999999,2025-12,23.46,63.72,64.22,-0.5,⚠️ 獲利稀釋,❌ 暫避觀望
3266.TW,昇陽,13.8500003815,13.066038095754715,15.9,2025-12,0.58,-69.95,-69.37,-0.5799999999999983,🌑 雙重衰退,⚪ 中性觀察
1736.TW,喬山,116.5,7.946793997271487,219.9,2025-12,9.06,13.11,13.69,-0.5800000000000001,⚠️ 獲利稀釋,⚪ 中性觀察
4755.TW,三福化,164.0,19.003476245654696,129.45,2025-12,3.7,-9.76,-9.17,-0.5899999999999999,🌑 雙重衰退,❌ 暫避觀望
7765.TW,中華資安,228.0,7.7630234933605715,440.55,2025-12,11.47,2.97,3.64,-0.6699999999999999,⚠️ 獲利稀釋,⚪ 中性觀察
6811.TWO,宏�硌穈T,198.0,5.304045004018216,559.9499999999999,2025-12,14.36,10.46,11.2,-0.7399999999999984,⚠️ 獲利稀釋,⚪ 中性觀察
3019.TW,亞光,132.5,8.006042296072508,248.25,2025-12,6.6,13.99,14.74,-0.75,⚠️ 獲利稀釋,⚪ 中性觀察
6257.TW,矽格,186.5,13.40762041696621,208.65,2025-12,6.14,6.63,7.51,-0.8799999999999999,⚠️ 獲利稀釋,⚪ 中性觀察
2882.TW,國泰金,75.9000015259,4.472598793512081,254.54999999999998,2025-12,7.06,-2.94,-2.04,-0.8999999999999999,🌑 雙重衰退,⚪ 中性觀察
3689.TWO,湧德,135.0,7.04225352112676,287.55,2025-12,7.55,19.61,20.51,-0.9000000000000021,⚠️ 獲利稀釋,⚪ 中性觀察
2633.TW,台灣高鐵,26.5,8.803986710963455,45.150000000000006,2025-12,1.17,1.74,2.75,-1.01,⚠️ 獲利稀釋,⚪ 中性觀察
6645.TW,金萬林-創,13.3999996185,0.0,-99.3,2025-12,-2.41,8.37,9.49,-1.120000000000001,⚠️ 獲利稀釋,⚪ 數據不足
3516.TWO,亞帝歐,21.0499992371,55.394734834473674,5.700000000000001,2025-12,0.27,-15.15,-14.0,-1.1500000000000004,🌑 雙重衰退,❌ 暫避觀望
6792.TW,詠業,62.2000007629,10.874126007499997,85.80000000000001,2025-12,2.23,5.83,7.01,-1.1799999999999997,⚠️ 獲利稀釋,⚪ 中性觀察
2395.TW,研華,361.0,12.212449255751014,443.40000000000003,2025-12,12.25,17.26,18.56,-1.2999999999999972,⚠️ 獲利稀釋,⚪ 中性觀察
2889.TW,國票金,14.9499998093,10.755395546258992,20.85,2025-12,0.63,3.28,4.6,-1.3199999999999998,⚠️ 獲利稀釋,⚪ 中性觀察
6261.TWO,久元,91.8000030518,10.01090545821156,137.55,2025-12,4.23,4.19,5.64,-1.4499999999999993,⚠️ 獲利稀釋,⚪ 中性觀察
3218.TWO,大學光,130.5,4.321192052980132,453.00000000000006,2025-12,12.31,-2.07,-0.57,-1.5,🌑 雙重衰退,⚪ 中性觀察
6526.TW,達發,610.0,13.652641002685765,670.2,2025-12,17.32,7.78,9.43,-1.6499999999999995,⚠️ 獲利稀釋,⚪ 中性觀察
1717.TW,長興,82.6999969482,24.32352851417647,51.0,2025-12,1.41,-9.62,-7.93,-1.6899999999999995,🌑 雙重衰退,❌ 暫避觀望
4915.TW,致伸,74.9000015259,4.898626653100066,229.35,2025-12,5.71,1.64,3.33,-1.6900000000000002,⚠️ 獲利稀釋,⚪ 中性觀察
2820.TW,華票,17.0,4.9853372434017595,51.150000000000006,2025-12,1.34,31.37,33.06,-1.6900000000000013,⚠️ 獲利稀釋,⚪ 中性觀察
3169.TWO,亞信,116.0,12.35356762513312,140.85000000000002,2025-12,3.67,7.31,9.02,-1.71,⚠️ 獲利稀釋,⚪ 中性觀察
6953.TWO,家碩,261.0,14.317059791552387,273.45,2025-12,7.99,0.0,1.72,-1.72,📉 獲利侵蝕,⚪ 中性觀察
2515.TW,中工,13.6499996185,14.677418944623655,13.950000000000001,2025-12,0.4,-14.89,-13.12,-1.7700000000000014,🌑 雙重衰退,⚪ 中性觀察
1590.TW,亞德客-KY,1325.0,13.002944062806673,1528.5,2025-12,42.0,10.18,11.97,-1.790000000000001,⚠️ 獲利稀釋,⚪ 中性觀察
4105.TWO,東洋,73.0999984741,4.682895482005125,234.15,2025-12,6.27,7.55,9.49,-1.9400000000000004,⚠️ 獲利稀釋,⚪ 中性觀察
7751.TWO,竑騰,2075.0,44.24307036247335,703.5,2025-12,20.5,60.48,62.42,-1.9400000000000048,⚠️ 獲利稀釋,❌ 暫避觀望
6568.TWO,宏觀,274.0,30.176211453744493,136.2,2025-12,4.0,4.76,6.74,-1.9800000000000004,⚠️ 獲利稀釋,❌ 暫避觀望
5328.TWO,華容,25.6000003815,35.06849367328767,10.95,2025-12,0.39,0.0,1.99,-1.99,📉 獲利侵蝕,❌ 暫避觀望
6271.TW,同欣電,185.0,9.757383966244726,284.40000000000003,2025-12,7.64,-6.83,-4.53,-2.3,🌑 雙重衰退,⚪ 中性觀察
3632.TWO,研勤,9.0,0.0,-17.400000000000002,2025-12,-0.38,-31.03,-28.72,-2.3100000000000023,🌑 雙重衰退,⚪ 數據不足
3059.TW,華晶科,38.5999984741,12.491908891294498,46.349999999999994,2025-12,1.24,18.27,20.59,-2.3200000000000003,⚠️ 獲利稀釋,⚪ 中性觀察
5536.TWO,聖暉*,896.0,13.559322033898303,991.2000000000002,2025-12,28.42,34.76,37.11,-2.3500000000000014,⚠️ 獲利稀釋,⚪ 中性觀察
2727.TW,王品,226.0,5.605158730158729,604.8000000000001,2025-12,16.02,2.75,5.21,-2.46,⚠️ 獲利稀釋,⚪ 中性觀察
2376.TW,技嘉,285.0,6.219991270187691,687.3,2025-12,18.2,24.57,27.07,-2.5,⚠️ 獲利稀釋,⚪ 中性觀察
3529.TWO,力旺,4055.0,66.06386445096123,920.6999999999999,2025-12,25.6,4.19,6.74,-2.55,⚠️ 獲利稀釋,❌ 暫避觀望
2903.TW,遠百,22.5499992371,6.195054735467033,54.6,2025-12,1.56,-5.49,-2.68,-2.81,🌑 雙重衰退,⚪ 中性觀察
3131.TWO,弘塑,3400.0,35.34303534303534,1443.0,2025-12,45.48,56.98,59.93,-2.950000000000003,⚠️ 獲利稀釋,❌ 暫避觀望
4527.TWO,方土霖,43.2000007629,7.236181032311556,89.55000000000001,2025-12,3.4,-19.05,-15.95,-3.1000000000000014,🌑 雙重衰退,⚪ 中性觀察
6214.TW,精誠,126.0,7.130730050933785,265.05,2025-12,7.91,9.74,12.89,-3.1500000000000004,⚠️ 獲利稀釋,⚪ 中性觀察
4584.TWO,君帆,40.5,4.317697228144989,140.70000000000002,2025-12,3.43,-4.72,-1.51,-3.21,🌑 雙重衰退,⚪ 中性觀察
3209.TW,全科,0.0,0.0,0.0,2025-12,3.02,0.0,3.25,-3.25,📉 獲利侵蝕,⚪ 數據不足
6486.TWO,互動,88.5999984741,7.585616307714042,175.2,2025-12,5.78,2.66,6.12,-3.46,⚠️ 獲利稀釋,⚪ 中性觀察
2640.TWO,大車隊,179.0,8.132666969559292,330.15,2025-12,9.01,0.9,4.37,-3.47,⚠️ 獲利稀釋,⚪ 中性觀察
2067.TWO,嘉鋼,6.9499998093,0.0,-110.7,2025-12,-2.8,-2.19,1.31,-3.5,📉 獲利侵蝕,⚪ 數據不足
5452.TWO,佶優,34.75,39.04494382022472,13.35,2025-12,0.33,-17.5,-13.95,-3.5500000000000007,🌑 雙重衰退,❌ 暫避觀望
6672.TW,騰輝電子-KY,206.0,17.6824034334764,174.74999999999997,2025-12,4.85,-2.81,0.88,-3.69,📉 獲利侵蝕,❌ 暫避觀望
7703.TWO,銳澤,226.5,10.193519351935192,333.3,2025-12,8.72,27.67,31.42,-3.75,⚠️ 獲利稀釋,⚪ 中性觀察
4726.TWO,永昕,29.8500003815,0.0,-89.85000000000001,2025-12,-2.17,4.42,8.23,-3.8100000000000005,⚠️ 獲利稀釋,⚪ 數據不足
3029.TW,零壹,97.9000015259,6.054421863073592,242.55,2025-12,6.53,30.86,34.73,-3.8699999999999974,⚠️ 獲利稀釋,⚪ 中性觀察
2855.TW,統一證,33.6500015259,6.7979801062424245,74.25,2025-12,3.0,0.0,3.92,-3.92,📉 獲利侵蝕,⚪ 中性觀察
4722.TW,國精化,194.5,44.61009174311926,65.4,2025-12,2.0,-11.71,-7.72,-3.990000000000001,🌑 雙重衰退,❌ 暫避觀望
2312.TW,金寶,29.8500003815,10.660714421964284,42.00000000000001,2025-12,1.05,-4.59,-0.55,-4.04,🌑 雙重衰退,⚪ 中性觀察
2948.TWO,寶陞,38.4000015259,7.470817417490273,77.1,2025-12,2.14,-2.28,1.84,-4.12,📉 獲利侵蝕,⚪ 中性觀察
2892.TW,第一金,28.6499996185,5.89506164989712,72.89999999999999,2025-12,1.87,3.31,7.59,-4.279999999999999,⚠️ 獲利稀釋,⚪ 中性觀察
6142.TW,友勁,9.3500003815,0.0,-10.8,2025-12,-0.26,48.0,52.32,-4.32,⚠️ 獲利稀釋,⚪ 數據不足
2347.TW,聯強,84.0,7.3170731707317085,172.2,2025-12,5.08,-7.97,-3.49,-4.4799999999999995,🌑 雙重衰退,⚪ 中性觀察
4171.TWO,瑞基,20.8500003815,0.0,-81.3,2025-12,-1.93,8.21,12.71,-4.5,⚠️ 獲利稀釋,⚪ 數據不足
4121.TWO,優盛,14.9499998093,0.0,-13.950000000000001,2025-12,-0.36,-5.88,-1.34,-4.54,🌑 雙重衰退,⚪ 數據不足
4728.TWO,雙美,392.0,11.264367816091955,522.0,2025-12,13.33,6.9,11.45,-4.549999999999999,⚠️ 獲利稀釋,⚪ 中性觀察
2480.TW,敦陽科,140.5,6.90757128810226,305.1,2025-12,8.0,6.67,11.38,-4.710000000000001,⚠️ 獲利稀釋,⚪ 中性觀察
6996.TWO,力領科技,191.5,7.0612094395280245,406.79999999999995,2025-12,12.15,-14.17,-9.4,-4.77,🌑 雙重衰退,⚪ 中性觀察
5434.TW,崇越,432.0,8.330119552641728,777.9,2025-12,21.81,13.53,18.57,-5.040000000000001,⚠️ 獲利稀釋,⚪ 中性觀察
5880.TW,合庫金,23.3999996185,6.964285600744048,50.4,2025-12,1.36,7.94,13.01,-5.069999999999999,⚠️ 獲利稀釋,⚪ 中性觀察
2901.TW,欣欣,23.25,26.724137931034484,13.05,2025-12,0.38,-7.32,-2.15,-5.17,🌑 雙重衰退,❌ 暫避觀望
3023.TW,信邦,283.5,8.352975839717148,509.09999999999997,2025-12,13.02,-11.43,-6.24,-5.1899999999999995,🌑 雙重衰退,⚪ 中性觀察
2453.TW,凌群,55.9000015259,7.269180952652796,115.35000000000001,2025-12,3.12,1.96,7.21,-5.25,⚠️ 獲利稀釋,⚪ 中性觀察
5548.TWO,安倉,23.8999996185,5.571095482167833,64.35,2025-12,2.03,9.24,14.56,-5.32,⚠️ 獲利稀釋,⚪ 中性觀察
2345.TW,智邦,2200.0,20.62628914307144,1599.9,2025-12,47.13,119.5,124.88,-5.3799999999999955,⚠️ 獲利稀釋,❌ 暫避觀望
3041.TW,揚智,25.1000003815,0.0,-105.75000000000001,2025-12,-3.43,-35.42,-29.93,-5.490000000000002,🌑 雙重衰退,⚪ 數據不足
6658.TW,聯策,91.4000015259,37.45901701881148,36.599999999999994,2025-12,1.38,24.77,30.53,-5.760000000000002,⚠️ 獲利稀釋,❌ 暫避觀望
5508.TWO,永信建,50.9000015259,6.030805867997631,126.6,2025-12,3.07,-80.85,-74.75,-6.099999999999994,🌑 雙重衰退,⚪ 中性觀察
6903.TWO,巨漢,391.0,19.648241206030153,298.5,2025-12,10.62,18.74,24.87,-6.130000000000003,⚠️ 獲利稀釋,❌ 暫避觀望
1535.TW,中宇,51.7000007629,5.419287291708595,143.10000000000002,2025-12,4.0,-1.48,4.67,-6.15,📉 獲利侵蝕,⚪ 中性觀察
6409.TW,旭隼,0.0,0.0,0.0,2025-12,40.23,-16.23,-10.05,-6.18,🌑 雙重衰退,⚪ 數據不足
6925.TWO,意藍,70.5999984741,10.014184180723404,105.75000000000001,2025-12,3.11,8.39,14.61,-6.219999999999999,⚠️ 獲利稀釋,⚪ 中性觀察
3321.TW,同泰,17.2999992371,0.0,-134.1,2025-12,-3.36,2.79,9.1,-6.31,⚠️ 獲利稀釋,⚪ 數據不足
7769.TW,鴻勁,0.0,0.0,0.0,2025-12,75.71,110.03,116.34,-6.310000000000002,⚠️ 獲利稀釋,⚪ 數據不足
6274.TWO,台燿,973.0,35.101010101010104,415.79999999999995,2025-12,12.13,25.11,31.51,-6.400000000000002,⚠️ 獲利稀釋,❌ 暫避觀望
3163.TWO,波若威,1180.0,110.38353601496728,160.34999999999997,2025-12,6.22,8.17,14.65,-6.48,⚠️ 獲利稀釋,❌ 暫避觀望
4148.TW,全宇生技-KY,37.2999992371,7.4599998474200016,74.99999999999999,2025-12,2.28,13.43,19.95,-6.52,⚠️ 獲利稀釋,⚪ 中性觀察
1735.TW,日勝化,30.5,26.521739130434785,17.25,2025-12,0.78,-19.59,-12.95,-6.640000000000001,🌑 雙重衰退,❌ 暫避觀望
3217.TWO,優群,178.0,5.859117840684661,455.70000000000005,2025-12,12.69,12.8,19.44,-6.640000000000001,⚠️ 獲利稀釋,⚪ 中性觀察
2912.TW,統一超,238.5,8.566810344827585,417.6,2025-12,10.78,-2.88,3.79,-6.67,📉 獲利侵蝕,⚪ 中性觀察
4585.TW,達明,0.0,0.0,0.0,2025-12,1.46,16.35,23.03,-6.68,⚠️ 獲利稀釋,⚪ 數據不足
6874.TWO,倍力,0.0,0.0,0.0,2025-12,3.16,-29.6,-22.72,-6.880000000000003,🌑 雙重衰退,⚪ 數據不足
6129.TWO,普誠,17.6499996185,0.0,-49.35,2025-12,-1.09,-9.0,-2.06,-6.9399999999999995,🌑 雙重衰退,⚪ 數據不足
3556.TWO,禾瑞亞,56.2999992371,12.02991436690171,70.19999999999999,2025-12,2.15,-5.7,1.24,-6.94,📉 獲利侵蝕,⚪ 中性觀察
2812.TW,台中銀,20.3500003815,5.3412074492125985,57.15,2025-12,1.53,0.0,6.96,-6.96,📉 獲利侵蝕,⚪ 中性觀察
5225.TW,東科-KY,78.0999984741,2.7952755359377237,419.1,2025-12,10.26,-18.0,-11.01,-6.99,🌑 雙重衰退,⚪ 中性觀察
4305.TWO,世坤,44.0,5.040091638029783,130.95,2025-12,3.83,-3.53,3.54,-7.07,📉 獲利侵蝕,⚪ 中性觀察
6955.TW,邦睿生技-創,164.0,15.845410628019321,155.25000000000003,2025-12,4.13,30.28,37.43,-7.149999999999999,⚠️ 獲利稀釋,❌ 暫避觀望
6133.TW,金橋,23.4500007629,17.900763941145037,19.650000000000002,2025-12,0.72,10.77,17.93,-7.16,⚠️ 獲利稀釋,❌ 暫避觀望
1603.TW,華電,0.0,0.0,0.0,2025-12,3.26,14.41,21.69,-7.280000000000001,⚠️ 獲利稀釋,⚪ 數據不足
2204.TW,中華,54.0,4.166666666666667,194.39999999999998,2025-12,5.47,-25.55,-18.22,-7.330000000000002,🌑 雙重衰退,⚪ 中性觀察
3168.TW,眾福科,44.7999992371,7.145135444513557,94.05,2025-12,2.61,-6.99,0.46,-7.45,📉 獲利侵蝕,⚪ 中性觀察
2885.TW,元大金,50.0999984741,7.648854728870229,98.25,2025-12,2.74,-1.08,6.4,-7.48,📉 獲利侵蝕,⚪ 中性觀察
1525.TW,江申,60.5999984741,7.481481293098765,121.5,2025-12,3.21,-22.09,-14.6,-7.49,🌑 雙重衰退,⚪ 中性觀察
6446.TW,藥華藥,647.0,19.37125748502994,501.0,2025-12,13.64,53.11,60.61,-7.5,⚠️ 獲利稀釋,❌ 暫避觀望
1216.TW,統一,72.4000015259,7.895310962475461,137.55,2025-12,3.45,-5.22,2.32,-7.539999999999999,📉 獲利侵蝕,⚪ 中性觀察
1709.TW,和益,0.0,0.0,0.0,2025-12,1.23,-20.13,-12.57,-7.559999999999999,🌑 雙重衰退,⚪ 數據不足
6794.TW,向榮生技,80.5,0.0,-71.85,2025-12,-1.89,-13.21,-5.58,-7.630000000000001,🌑 雙重衰退,⚪ 數據不足
2207.TW,和泰車,519.0,6.379840196681007,1220.2500000000002,2025-12,33.93,-7.65,0.01,-7.66,📉 獲利侵蝕,⚪ 中性觀察
2420.TW,新巨,55.7999992371,5.948827210778251,140.70000000000002,2025-12,3.91,-10.32,-2.6,-7.720000000000001,🌑 雙重衰退,⚪ 中性觀察
2458.TW,義隆,140.0,7.1574642126789385,293.3999999999999,2025-12,8.53,-10.67,-2.91,-7.76,🌑 雙重衰退,⚪ 中性觀察
6613.TWO,朋億*,241.5,7.673975214489991,472.04999999999995,2025-12,13.37,-21.9,-14.13,-7.769999999999998,🌑 雙重衰退,⚪ 中性觀察
2402.TW,毅嘉,76.9000015259,12.463533472593193,92.55,2025-12,2.47,6.06,13.83,-7.7700000000000005,⚠️ 獲利稀釋,⚪ 中性觀察
2756.TWO,聯發國際,69.0999984741,8.245823206933174,125.70000000000002,2025-12,3.93,61.83,69.66,-7.829999999999998,⚠️ 獲利稀釋,⚪ 中性觀察
1435.TW,中福,14.25,0.0,-14.549999999999997,2025-12,-0.41,-51.85,-43.98,-7.8700000000000045,🌑 雙重衰退,⚪ 數據不足
4554.TWO,橙的,30.2000007629,6.439232572046908,70.35000000000001,2025-12,2.12,13.37,21.26,-7.890000000000002,⚠️ 獲利稀釋,⚪ 中性觀察
3078.TWO,僑威,59.0,3.604153940134392,245.55,2025-12,6.07,8.01,16.17,-8.160000000000002,⚠️ 獲利稀釋,⚪ 中性觀察
3570.TWO,大塚,167.0,4.519621109607577,554.25,2025-12,13.95,7.47,15.7,-8.23,⚠️ 獲利稀釋,⚪ 中性觀察
5403.TWO,中菲,93.5999984741,4.629080043229476,303.29999999999995,2025-12,8.57,-0.37,7.88,-8.25,📉 獲利侵蝕,⚪ 中性觀察
6589.TW,台康生技,0.0,0.0,0.0,2025-12,-2.51,-8.77,-0.38,-8.389999999999999,🌑 雙重衰退,⚪ 數據不足
5351.TWO,鈺創,71.5999984741,0.0,-77.85000000000001,2025-12,-1.53,7.83,16.23,-8.4,⚠️ 獲利稀釋,⚪ 數據不足
1414.TW,東和,16.2000007629,52.258066977096775,4.65,2025-12,0.19,-19.23,-10.66,-8.57,🌑 雙重衰退,❌ 暫避觀望
5706.TW,鳳凰,51.7000007629,6.527777874103535,118.8,2025-12,3.39,-8.87,-0.27,-8.6,🌑 雙重衰退,⚪ 中性觀察
6821.TWO,聯寶,70.8000030518,25.65217501876812,41.4,2025-12,1.13,-5.93,2.84,-8.77,📉 獲利侵蝕,❌ 暫避觀望
6781.TW,AES-KY,1120.0,11.670313639679067,1439.55,2025-12,38.2,50.45,59.42,-8.969999999999999,⚠️ 獲利稀釋,⚪ 中性觀察
6291.TWO,沛亨,506.0,39.74862529457973,190.95000000000002,2025-12,6.6,7.67,16.7,-9.03,⚠️ 獲利稀釋,❌ 暫避觀望
1477.TW,聚陽,220.0,5.702436495593572,578.6999999999999,2025-12,14.65,-12.17,-3.08,-9.09,🌑 雙重衰退,⚪ 中性觀察
1623.TW,大東電,0.0,0.0,0.0,2025-12,13.61,11.37,20.5,-9.13,⚠️ 獲利稀釋,⚪ 數據不足
6753.TW,龍德造船,140.5,10.66818526955201,197.55,2025-12,5.98,-6.72,2.49,-9.21,📉 獲利侵蝕,⚪ 中性觀察
5871.TW,中租-KY,121.0,4.205769899200556,431.55,2025-12,11.24,-13.92,-4.62,-9.3,🌑 雙重衰退,⚪ 中性觀察
1773.TW,勝一,163.0,9.644970414201184,253.49999999999997,2025-12,6.81,-5.55,4.01,-9.559999999999999,📉 獲利侵蝕,⚪ 中性觀察
2618.TW,長榮航,35.0499992371,2.993168167130658,175.64999999999998,2025-12,4.84,-9.87,-0.31,-9.559999999999999,🌑 雙重衰退,⚪ 中性觀察
4588.TW,玖鼎電力,61.2999992371,9.73015860906349,94.50000000000001,2025-12,3.2,-23.63,-14.06,-9.569999999999999,🌑 雙重衰退,⚪ 中性觀察
6741.TWO,91APP*-KY,65.6999969482,6.2750713417574016,157.05,2025-12,4.4,1.94,11.57,-9.63,⚠️ 獲利稀釋,⚪ 中性觀察
2428.TW,興勤,184.5,6.498767171539275,425.84999999999997,2025-12,11.76,-2.81,6.85,-9.66,📉 獲利侵蝕,⚪ 中性觀察
6206.TW,飛捷,111.5,6.102900930487137,274.05,2025-12,6.9,-0.43,9.26,-9.69,📉 獲利侵蝕,⚪ 中性觀察
1514.TW,亞力,113.5,15.296495956873313,111.30000000000001,2025-12,3.3,9.36,19.07,-9.71,⚠️ 獲利稀釋,❌ 暫避觀望
3227.TWO,原相,220.0,6.955422067657286,474.45000000000005,2025-12,12.38,-0.58,9.15,-9.73,📉 獲利侵蝕,⚪ 中性觀察
1808.TW,潤隆,0.0,0.0,0.0,2025-12,1.36,-35.96,-26.08,-9.880000000000003,🔄 轉虧為盈,⚪ 數據不足
4766.TW,南寶,351.0,6.680624286258089,788.1,2025-12,20.25,-9.03,0.95,-9.979999999999999,📉 獲利侵蝕,⚪ 中性觀察
5013.TWO,強新,29.0,8.215297450424929,52.95,2025-12,1.45,-12.65,-2.6,-10.05,🌑 雙重衰退,⚪ 中性觀察
3447.TW,展達,39.8499984741,12.223925912300613,48.9,2025-12,1.6,32.5,42.87,-10.369999999999997,⚠️ 獲利稀釋,⚪ 中性觀察
2337.TW,旺宏,134.5,0.0,-75.3,2025-12,-1.77,1.16,11.58,-10.42,⚠️ 獲利稀釋,⚪ 數據不足
5299.TWO,杰力,88.0999984741,8.382492718753568,157.65,2025-12,4.58,-22.77,-12.32,-10.45,🌑 雙重衰退,⚪ 中性觀察
3025.TW,星通,64.3000030518,13.739316891410258,70.19999999999999,2025-12,3.45,-6.25,4.27,-10.52,📉 獲利侵蝕,⚪ 中性觀察
3014.TW,聯陽,128.5,5.10934393638171,377.25,2025-12,9.51,-5.92,4.74,-10.66,📉 獲利侵蝕,⚪ 中性觀察
7704.TWO,明遠精密,64.0,13.646055437100213,70.35000000000001,2025-12,2.07,-22.56,-11.73,-10.829999999999998,🌑 雙重衰退,⚪ 中性觀察
2890.TW,永豐金,31.5,6.1764705882352935,76.50000000000001,2025-12,1.97,4.57,15.47,-10.9,⚠️ 獲利稀釋,⚪ 中性觀察
1295.TWO,生合,60.2000007629,4.362318895862319,206.99999999999997,2025-12,5.29,-6.08,4.97,-11.05,📉 獲利侵蝕,⚪ 中性觀察
1319.TW,東陽,0.0,0.0,0.0,2025-12,6.43,-13.11,-1.96,-11.149999999999999,🌑 雙重衰退,⚪ 數據不足
2467.TW,志聖,597.0,47.1563981042654,189.9,2025-12,5.5,15.47,26.65,-11.179999999999998,⚠️ 獲利稀釋,❌ 暫避觀望
2108.TW,南帝,26.1499996185,12.818627263970589,30.6,2025-12,0.83,-27.19,-16.0,-11.190000000000001,🌑 雙重衰退,⚪ 中性觀察
6861.TW,睿生光電,214.5,23.340587595212188,137.85,2025-12,3.84,4.08,15.29,-11.209999999999999,⚠️ 獲利稀釋,❌ 暫避觀望
6285.TW,啟��,241.5,15.451055662188098,234.45000000000002,2025-12,6.41,-11.22,0.03,-11.25,📉 獲利侵蝕,❌ 暫避觀望
3122.TWO,笙泉,28.7999992371,0.0,-71.55000000000001,2025-12,-1.75,-22.38,-11.1,-11.28,🌑 雙重衰退,⚪ 數據不足
2755.TWO,揚秦,135.0,8.317929759704253,243.44999999999996,2025-12,6.44,8.73,20.09,-11.36,⚠️ 獲利稀釋,⚪ 中性觀察
6894.TWO,衛司特,351.5,13.17960254968129,400.05,2025-12,10.99,29.29,40.66,-11.369999999999997,⚠️ 獲利稀釋,⚪ 中性觀察
5425.TWO,台半,62.0,14.058956916099772,66.15,2025-12,2.07,9.66,21.08,-11.419999999999998,⚠️ 獲利稀釋,⚪ 中性觀察
6865.TWO,偉康科技,36.5,9.034653465346535,60.6,2025-12,1.52,-29.44,-17.45,-11.990000000000002,🌑 雙重衰退,⚪ 中性觀察
2441.TW,超豐,96.5,9.269932756964456,156.15,2025-12,4.31,-1.82,10.19,-12.01,📉 獲利侵蝕,⚪ 中性觀察
2915.TW,潤泰全,44.5499992371,1.9219154114365835,347.7,2025-12,9.29,-28.5,-16.33,-12.170000000000002,🌑 雙重衰退,⚪ 中性觀察
6275.TWO,元山,58.7999992371,9.004594063874427,97.95,2025-12,2.81,-1.42,10.76,-12.18,📉 獲利侵蝕,⚪ 中性觀察
6015.TWO,宏遠證,13.1999998093,25.8823525672549,7.65,2025-12,0.76,-11.63,0.56,-12.190000000000001,📉 獲利侵蝕,❌ 暫避觀望
2379.TW,瑞昱,567.0,7.218332272437938,1178.25,2025-12,28.77,-4.02,8.21,-12.23,📉 獲利侵蝕,⚪ 中性觀察
6197.TW,佳必琪,187.5,9.319085487077537,301.79999999999995,2025-12,8.67,-0.23,12.03,-12.26,📉 獲利侵蝕,⚪ 中性觀察
6884.TWO,海柏特,35.3499984741,0.0,0.0,2025-12,2.05,-10.78,1.55,-12.33,📉 獲利侵蝕,⚪ 數據不足
6664.TWO,群翊,415.5,11.615879228403688,536.5500000000001,2025-12,15.06,-9.46,3.07,-12.530000000000001,📉 獲利侵蝕,⚪ 中性觀察
1305.TW,華夏,14.4499998093,0.0,-68.1,2025-12,-1.58,-29.51,-16.83,-12.680000000000003,🌑 雙重衰退,⚪ 數據不足
1708.TW,東鹼,39.1500015259,5.124345749463351,114.60000000000001,2025-12,3.28,-16.11,-3.29,-12.82,🌑 雙重衰退,⚪ 中性觀察
5016.TWO,松和,27.1499996185,7.647887216478874,53.25,2025-12,1.5,-12.28,0.57,-12.85,📉 獲利侵蝕,⚪ 中性觀察
2059.TW,川湖,3935.0,17.203689940104052,3430.95,2025-12,103.23,59.82,72.77,-12.949999999999996,⚠️ 獲利稀釋,❌ 暫避觀望
1459.TW,聯發,11.6999998093,14.268292450365848,12.300000000000004,2025-12,0.81,18.33,31.28,-12.950000000000003,⚠️ 獲利稀釋,⚪ 中性觀察
6924.TW,榮惠-KY創,93.0,7.78894472361809,179.10000000000002,2025-12,5.68,-16.96,-3.92,-13.040000000000001,🌑 雙重衰退,⚪ 中性觀察
3259.TWO,鑫創,18.7999992371,0.0,-86.25,2025-12,-2.36,4.84,17.89,-13.05,⚠️ 獲利稀釋,⚪ 數據不足
6657.TW,華安,44.0,0.0,-117.89999999999999,2025-12,-2.92,-14.12,-0.97,-13.149999999999999,🌑 雙重衰退,⚪ 數據不足
6175.TWO,立敦,65.6999969482,9.954544992151511,99.00000000000003,2025-12,2.68,-14.74,-1.38,-13.36,🌑 雙重衰退,⚪ 中性觀察
3624.TWO,光頡,55.7000007629,13.486682993438253,61.95000000000001,2025-12,1.86,-9.71,3.65,-13.360000000000001,📉 獲利侵蝕,⚪ 中性觀察
1203.TW,味王,44.0999984741,10.232018207447796,64.64999999999999,2025-12,1.81,-23.5,-10.06,-13.44,🌑 雙重衰退,⚪ 中性觀察
2454.TW,聯發科,2295.0,13.32211064027399,2584.0499999999997,2025-12,66.16,-1.14,12.32,-13.46,📉 獲利侵蝕,⚪ 中性觀察
3213.TWO,茂訊,107.5,5.448555499239737,295.94999999999993,2025-12,7.4,-12.32,1.19,-13.51,📉 獲利侵蝕,⚪ 中性觀察
3324.TWO,雙鴻,1155.0,19.42482341069627,891.8999999999999,2025-12,28.26,33.98,47.52,-13.540000000000006,⚠️ 獲利稀釋,❌ 暫避觀望
6146.TWO,耕興,223.0,8.280727812848125,403.95,2025-12,10.77,-14.93,-1.34,-13.59,🌑 雙重衰退,⚪ 中性觀察
1537.TW,廣隆,124.0,6.240563663814796,298.05,2025-12,7.95,-32.28,-18.5,-13.780000000000001,🌑 雙重衰退,⚪ 中性觀察
6534.TW,正瀚-創,100.0,5.973715651135007,251.09999999999997,2025-12,4.51,-2.59,11.21,-13.8,📉 獲利侵蝕,⚪ 中性觀察
6757.TW,台灣虎航,48.9500007629,3.2720588745254005,224.4,2025-12,5.37,-10.95,2.9,-13.85,📉 獲利侵蝕,⚪ 中性觀察
2949.TWO,欣新網,58.5999984741,6.55480967271812,134.10000000000002,2025-12,3.63,6.89,21.07,-14.18,⚠️ 獲利稀釋,⚪ 中性觀察
1568.TW,倉佑,29.6000003815,8.942598302567974,49.650000000000006,2025-12,1.36,-13.92,0.3,-14.22,📉 獲利侵蝕,⚪ 中性觀察
2303.TW,聯電,78.5999984741,10.025510009451532,117.6,2025-12,3.34,-11.97,2.26,-14.23,📉 獲利侵蝕,⚪ 中性觀察
6231.TWO,系微,348.5,22.21159974506055,235.35,2025-12,6.66,-9.63,4.64,-14.27,📉 獲利侵蝕,❌ 暫避觀望
6190.TWO,萬泰科,65.8000030518,11.64601823925664,84.74999999999999,2025-12,2.19,-8.22,6.08,-14.3,📉 獲利侵蝕,⚪ 中性觀察
6491.TW,晶碩,287.5,5.444044688505964,792.1500000000001,2025-12,20.87,-11.08,3.26,-14.34,📉 獲利侵蝕,⚪ 中性觀察
3056.TW,富華新,14.3000001907,2.782101204416342,77.10000000000001,2025-12,1.07,-82.6,-68.21,-14.39,🌑 雙重衰退,⚪ 中性觀察
3416.TW,融程電,160.0,9.096077316657192,263.85,2025-12,7.39,4.56,19.07,-14.510000000000002,⚠️ 獲利稀釋,⚪ 中性觀察
4938.TW,和碩,84.6999969482,6.971193164460906,182.24999999999997,2025-12,5.39,-15.3,-0.73,-14.57,🌑 雙重衰退,⚪ 中性觀察
2752.TWO,豆府,189.0,5.120563532917909,553.65,2025-12,15.04,-3.09,11.58,-14.67,📉 獲利侵蝕,⚪ 中性觀察
2845.TW,遠東銀,12.5,5.364806866952789,34.95,2025-12,0.93,-14.85,0.06,-14.91,📉 獲利侵蝕,⚪ 中性觀察
3706.TW,神達,85.3000030518,6.946254320179154,184.2,2025-12,5.15,57.01,72.06,-15.050000000000004,⚠️ 獲利稀釋,⚪ 中性觀察
1102.TW,亞泥,35.6500015259,5.0140649122222225,106.65,2025-12,3.0,-22.04,-6.89,-15.149999999999999,🌑 雙重衰退,⚪ 中性觀察
1725.TW,元禎,0.0,0.0,0.0,2025-12,1.53,-19.9,-4.68,-15.219999999999999,🌑 雙重衰退,⚪ 數據不足
6855.TWO,數泓科,110.5,6.246466930469191,265.35,2025-12,7.85,-14.67,0.7,-15.37,📉 獲利侵蝕,⚪ 中性觀察
1589.TW,永冠-KY,5.5399999619,0.0,-222.15,2025-09,-5.06,1.36,16.77,-15.41,⚠️ 獲利稀釋,⚪ 數據不足
1219.TW,福壽,14.0,16.27906976744186,12.9,2025-12,0.45,-15.09,0.36,-15.45,📉 獲利侵蝕,❌ 暫避觀望
7631.TW,聚賢研發-創,140.5,11.036920659858602,190.95000000000002,2025-12,6.56,13.97,29.58,-15.609999999999998,⚠️ 獲利稀釋,⚪ 中性觀察
6278.TW,台表科,158.0,6.669480793583792,355.34999999999997,2025-12,9.39,-5.53,10.13,-15.66,📉 獲利侵蝕,⚪ 中性觀察
6949.TW,沛爾生醫-創,860.0,0.0,-237.15000000000003,2025-12,-7.23,44.38,60.07,-15.689999999999998,⚠️ 獲利稀釋,⚪ 數據不足
1402.TW,遠東新,25.9500007629,6.92000020344,56.25,2025-12,1.55,-21.93,-6.24,-15.69,🌑 雙重衰退,⚪ 中性觀察
6598.TW,ABC-KY,22.1499996185,0.0,-69.6,2025-12,-1.96,22.83,38.52,-15.690000000000005,⚠️ 獲利稀釋,⚪ 數據不足
6754.TW,匯僑設計,47.1500015259,6.9440355708247425,101.85,2025-12,3.41,-46.72,-30.87,-15.849999999999998,🌑 雙重衰退,⚪ 中性觀察
6024.TW,群益期,55.5999984741,4.1773101783696465,199.65,2025-12,5.48,-6.01,9.98,-15.99,📉 獲利侵蝕,⚪ 中性觀察
6235.TW,華孚,47.2999992371,6.2566136557010585,113.39999999999999,2025-12,2.9,-2.36,13.71,-16.07,📉 獲利侵蝕,⚪ 中性觀察
6789.TW,采鈺,489.5,52.241195304162225,140.54999999999998,2025-12,4.01,-27.01,-10.64,-16.37,🌑 雙重衰退,❌ 暫避觀望
6679.TWO,鈺太,285.0,21.67300380228137,197.24999999999997,2025-12,6.81,-23.41,-7.01,-16.4,🌑 雙重衰退,❌ 暫避觀望
1304.TW,台聚,14.3500003815,0.0,-96.6,2025-12,-2.6,-29.83,-13.41,-16.419999999999998,🌑 雙重衰退,⚪ 數據不足
4583.TW,台灣精銳,763.0,25.552578700602815,447.8999999999999,2025-12,12.0,-15.13,1.32,-16.45,📉 獲利侵蝕,❌ 暫避觀望
3526.TWO,凡甲,274.5,6.5922190201729105,624.6,2025-12,16.97,5.64,22.33,-16.689999999999998,⚠️ 獲利稀釋,⚪ 中性觀察
4908.TWO,前鼎,195.5,39.02195608782435,75.14999999999999,2025-12,1.98,-29.79,-12.98,-16.81,🌑 雙重衰退,❌ 暫避觀望
7747.TWO,昕奇雲端,133.0,12.690839694656487,157.20000000000002,2025-12,4.04,-7.18,9.7,-16.88,📉 獲利侵蝕,⚪ 中性觀察
2546.TW,根基,85.5999984741,4.016893405635852,319.65000000000003,2025-12,9.52,34.08,51.01,-16.93,⚠️ 獲利稀釋,⚪ 中性觀察
2542.TW,興富發,34.0,10.33434650455927,49.35,2025-12,2.1,-32.89,-15.9,-16.990000000000002,🌑 雙重衰退,⚪ 中性觀察
3067.TWO,全域,17.7999992371,0.0,-35.099999999999994,2025-12,-0.84,16.83,33.85,-17.020000000000003,⚠️ 獲利稀釋,⚪ 數據不足
3491.TWO,昇達科,1720.0,95.98214285714286,268.79999999999995,2025-12,7.83,-12.03,5.02,-17.049999999999997,📉 獲利侵蝕,❌ 暫避觀望
3360.TWO,尚立,14.1999998093,0.0,-28.5,2025-12,-0.48,0.0,17.25,-17.25,📉 獲利侵蝕,⚪ 數據不足
7749.TW,意騰-KY,445.0,15.768958185683912,423.29999999999995,2025-12,11.77,67.87,85.22,-17.349999999999994,⚠️ 獲利稀釋,❌ 暫避觀望
5523.TWO,豐謙,30.5,0.0,-3.5999999999999996,2025-12,-0.09,-116.36,-98.98,-17.379999999999995,🌑 雙重衰退,⚪ 數據不足
3158.TWO,嘉實,90.0999984741,0.0,0.0,2025-12,7.27,-10.36,7.07,-17.43,📉 獲利侵蝕,⚪ 數據不足
2606.TW,裕民,63.4000015259,7.565632640322197,125.69999999999999,2025-12,4.31,-22.2,-4.75,-17.45,🌑 雙重衰退,⚪ 中性觀察
1795.TW,美時,226.5,4.954068241469816,685.8,2025-12,18.14,-7.14,10.36,-17.5,📉 獲利侵蝕,⚪ 中性觀察
3034.TW,聯詠,432.5,6.08127109111361,1066.8000000000002,2025-12,26.87,-19.62,-2.07,-17.55,🌑 雙重衰退,⚪ 中性觀察
2891.TW,中信金,53.5,5.382293762575453,149.1,2025-12,4.08,11.73,29.29,-17.56,⚠️ 獲利稀釋,⚪ 中性觀察
6730.TWO,常廣,39.0,0.0,0.0,2025-12,2.14,-10.33,7.33,-17.66,📉 獲利侵蝕,⚪ 數據不足
2637.TW,慧洋-KY,75.8000030518,9.656051344178344,117.75,2025-12,5.27,-34.78,-17.06,-17.720000000000002,🌑 雙重衰退,⚪ 中性觀察
5355.TWO,佳總,6.9899997711,0.0,-36.6,2025-12,-1.12,-21.74,-3.95,-17.79,🌑 雙重衰退,⚪ 數據不足
2364.TW,倫飛,65.1999969482,6.191832568679962,157.95,2025-12,4.2,2.69,20.5,-17.81,⚠️ 獲利稀釋,⚪ 中性觀察
4760.TWO,勤凱,261.0,16.131025957972806,242.7,2025-12,7.05,9.84,27.79,-17.95,⚠️ 獲利稀釋,❌ 暫避觀望
2497.TW,怡利電,61.0999984741,11.749999706557691,78.0,2025-12,2.37,-21.36,-3.38,-17.98,🌑 雙重衰退,⚪ 中性觀察
4536.TW,拓凱,155.5,3.8556905529382597,604.9499999999999,2025-12,14.92,-20.89,-2.91,-17.98,🌑 雙重衰退,⚪ 中性觀察
2115.TW,六暉-KY,21.6499996185,4.436475331659836,73.2,2025-12,1.58,-22.93,-4.72,-18.21,🌑 雙重衰退,⚪ 中性觀察
2248.TW,華勝-KY,57.5,4.763877381938691,181.05,2025-12,5.32,-19.0,-0.48,-18.52,🌑 雙重衰退,⚪ 中性觀察
6843.TWO,進典,48.0,9.195402298850574,78.30000000000001,2025-12,2.2,-7.56,11.04,-18.599999999999998,📉 獲利侵蝕,⚪ 中性觀察
6720.TWO,久昌,162.0,14.835164835164836,163.8,2025-12,3.89,-33.16,-14.48,-18.679999999999996,🌑 雙重衰退,⚪ 中性觀察
6770.TW,力積電,57.0,0.0,-73.35000000000001,2025-12,-1.86,-14.2,4.48,-18.68,📉 獲利侵蝕,⚪ 數據不足
7744.TWO,崴寶,517.0,0.0,0.0,2025-12,16.28,41.2,59.94,-18.739999999999995,⚠️ 獲利稀釋,⚪ 數據不足
6934.TW,心誠鎂,0.0,0.0,0.0,2025-12,-3.92,-48.08,-29.22,-18.86,🌑 雙重衰退,⚪ 數據不足
2867.TW,三商壽,7.9000000954,29.25925961259259,4.050000000000001,2025-12,0.2,-47.37,-28.43,-18.939999999999998,🌑 雙重衰退,❌ 暫避觀望
6691.TW,洋基工程,684.0,11.866759195003468,864.6000000000001,2025-12,24.76,28.04,47.13,-19.090000000000003,⚠️ 獲利稀釋,⚪ 中性觀察
2504.TW,國產,36.5499992371,4.546019805609454,120.6,2025-12,3.3,-15.42,3.75,-19.17,📉 獲利侵蝕,⚪ 中性觀察
6791.TWO,虎門科技,139.5,13.247863247863249,157.95,2025-12,4.16,0.0,19.26,-19.26,📉 獲利侵蝕,⚪ 中性觀察
6117.TW,迎廣,86.3000030518,11.821918226273972,109.50000000000001,2025-12,3.77,-7.65,11.78,-19.43,📉 獲利侵蝕,⚪ 中性觀察
6997.TWO,博弘,83.5,6.981605351170568,179.4,2025-12,5.11,-8.26,11.23,-19.490000000000002,📉 獲利侵蝕,⚪ 中性觀察
2070.TWO,精湛,50.2000007629,11.155555725088888,67.5,2025-12,2.3,-22.56,-2.97,-19.59,🌑 雙重衰退,⚪ 中性觀察
2597.TW,潤弘,154.5,6.360642239604775,364.35,2025-12,10.75,0.37,19.99,-19.619999999999997,⚠️ 獲利稀釋,⚪ 中性觀察
6411.TWO,晶焱,83.0999984741,11.15436221128859,111.75000000000001,2025-12,3.18,-30.29,-10.51,-19.78,🌑 雙重衰退,⚪ 中性觀察
6899.TWO,創為精密,55.0,6.358381502890174,129.75,2025-12,3.59,7.23,27.05,-19.82,⚠️ 獲利稀釋,⚪ 中性觀察
6890.TW,來億-KY,169.5,5.142597087378641,494.40000000000003,2025-12,13.02,-14.96,5.05,-20.01,📉 獲利侵蝕,⚪ 中性觀察
1476.TW,儒鴻,342.5,7.009823986901351,732.9,2025-12,20.1,-16.94,3.15,-20.09,📉 獲利侵蝕,⚪ 中性觀察
3645.TW,達邁,113.5,34.8159509202454,48.900000000000006,2025-12,1.54,-14.53,5.64,-20.169999999999998,📉 獲利侵蝕,❌ 暫避觀望
2615.TW,萬海,74.5,2.9261586802827964,381.90000000000003,2025-12,11.21,-33.63,-13.25,-20.380000000000003,🌑 雙重衰退,⚪ 中性觀察
6523.TWO,達爾膚,103.5,5.066079295154184,306.45000000000005,2025-12,7.78,-26.4,-5.92,-20.479999999999997,🌑 雙重衰退,⚪ 中性觀察
3444.TWO,利機,96.5,16.666666666666668,86.85,2025-12,2.15,-10.04,10.54,-20.58,📉 獲利侵蝕,❌ 暫避觀望
6957.TW,裕慶-KY,162.0,8.714362560516406,278.85,2025-12,10.18,-25.35,-4.74,-20.61,🌑 雙重衰退,⚪ 中性觀察
6204.TWO,艾華,67.0,22.86689419795222,43.949999999999996,2025-12,1.18,-20.27,0.36,-20.63,📉 獲利侵蝕,❌ 暫避觀望
3508.TWO,位速,26.7000007629,0.0,-59.7,2025-12,-1.51,6.88,27.53,-20.650000000000002,⚠️ 獲利稀釋,⚪ 數據不足
6239.TW,力成,218.5,12.928994082840237,253.49999999999997,2025-12,7.48,-18.46,2.2,-20.66,📉 獲利侵蝕,⚪ 中性觀察
3018.TW,隆銘綠能,10.6999998093,0.0,-81.14999999999999,2025-12,-2.16,-66.41,-45.66,-20.75,🌑 雙重衰退,⚪ 數據不足
3008.TW,大立光,2585.0,6.9347569481704046,5591.4,2025-12,159.41,-17.91,2.84,-20.75,📉 獲利侵蝕,⚪ 中性觀察
4933.TWO,友輝,61.4000015259,4.616541468112782,199.5,2025-12,5.77,-18.35,2.41,-20.76,📉 獲利侵蝕,⚪ 中性觀察
5288.TW,豐祥-KY,176.0,5.86862287429143,449.85,2025-12,12.25,-27.39,-6.57,-20.82,🌑 雙重衰退,⚪ 中性觀察
7714.TWO,創泓科技,138.0,9.67063770147162,214.04999999999998,2025-12,6.33,24.26,45.1,-20.84,⚠️ 獲利稀釋,⚪ 中性觀察
5269.TW,祥碩,1380.0,7.9713493530499075,2596.8,2025-12,72.7,45.15,66.0,-20.85,⚠️ 獲利稀釋,⚪ 中性觀察
4138.TWO,曜亞,65.5,6.53692614770459,150.3,2025-12,3.81,-32.69,-11.82,-20.869999999999997,🌑 雙重衰退,⚪ 中性觀察
3042.TW,晶技,167.0,12.77735271614384,196.05,2025-12,5.28,-15.57,5.34,-20.91,📉 獲利侵蝕,⚪ 中性觀察
3285.TWO,微端,28.25,34.876543209876544,12.15,2025-12,0.7,-40.68,-19.66,-21.02,🌑 雙重衰退,❌ 暫避觀望
5483.TWO,中美晶,133.0,9.274755927475592,215.10000000000002,2025-12,6.71,-23.02,-1.89,-21.13,🌑 雙重衰退,⚪ 中性觀察
3374.TWO,精材,194.5,17.94280442804428,162.6,2025-12,4.99,-18.86,2.53,-21.39,📉 獲利侵蝕,❌ 暫避觀望
2385.TW,群光,125.0,5.1229508196721305,366.00000000000006,2025-12,9.05,-27.23,-5.73,-21.5,🌑 雙重衰退,⚪ 中性觀察
5493.TWO,三聯,87.4000015259,8.510224101840311,154.04999999999998,2025-12,4.18,-0.48,21.03,-21.51,📉 獲利侵蝕,⚪ 中性觀察
2020.TW,美亞,22.8999996185,4.201834792385321,81.75,2025-12,2.13,-31.07,-9.51,-21.560000000000002,🌑 雙重衰退,⚪ 中性觀察
6208.TWO,日揚,82.5,13.07448494453249,94.64999999999999,2025-12,2.52,-26.32,-4.59,-21.73,🌑 雙重衰退,⚪ 中性觀察
2328.TW,廣宇,47.2999992371,11.593137067916667,61.2,2025-12,1.56,-22.0,-0.23,-21.77,🌑 雙重衰退,⚪ 中性觀察
6546.TWO,正基,72.0999984741,11.76182683101142,91.95,2025-12,2.73,-23.53,-1.73,-21.8,🌑 雙重衰退,⚪ 中性觀察
7709.TWO,榮田,79.6999969482,17.06638050282655,70.05,2025-12,2.48,-52.99,-31.16,-21.830000000000002,🌑 雙重衰退,❌ 暫避觀望
3322.TWO,建舜電,14.8000001907,0.0,-39.300000000000004,2025-12,-0.96,-15.66,6.3,-21.96,📉 獲利侵蝕,⚪ 數據不足
2049.TW,上銀,312.5,29.961649089165867,156.45,2025-12,4.31,-22.62,-0.53,-22.09,🌑 雙重衰退,❌ 暫避觀望
3406.TW,玉晶光,532.0,7.301674444139445,1092.9,2025-12,32.84,-14.37,7.77,-22.14,📉 獲利侵蝕,⚪ 中性觀察
6499.TWO,益安,87.6999969482,0.0,-281.84999999999997,2025-12,-7.24,21.08,43.24,-22.160000000000004,⚠️ 獲利稀釋,⚪ 數據不足
6908.TW,宏�砦C戲-創,0.0,0.0,0.0,2025-12,1.44,5.88,28.36,-22.48,⚠️ 獲利稀釋,⚪ 數據不足
6488.TWO,環球晶,600.0,16.863406408094434,533.6999999999999,2025-12,15.29,-25.74,-3.24,-22.5,🌑 雙重衰退,❌ 暫避觀望
6844.TWO,諾貝兒,62.2999992371,10.048386973725806,93.0,2025-12,2.35,-21.14,1.36,-22.5,📉 獲利侵蝕,⚪ 中性觀察
7712.TWO,博盛半導體,127.0,10.34201954397394,184.20000000000002,2025-12,5.42,-28.68,-6.13,-22.55,🌑 雙重衰退,⚪ 中性觀察
6862.TW,三集瑞-KY,189.0,9.130434782608695,310.5,2025-12,8.29,-19.59,2.98,-22.57,📉 獲利侵蝕,⚪ 中性觀察
6655.TW,科定,140.0,15.730337078651685,133.5,2025-12,3.92,-18.72,3.86,-22.58,📉 獲利侵蝕,❌ 暫避觀望
2258.TW,鴻華先進-創,29.7000007629,0.0,-66.3,2025-12,-2.15,-73.98,-51.34,-22.64,🌑 雙重衰退,⚪ 數據不足
6205.TW,詮欣,87.1999969482,17.13163004876228,76.35,2025-12,2.0,-25.66,-3.02,-22.64,🌑 雙重衰退,❌ 暫避觀望
6922.TWO,宸曜,171.5,9.356246590289143,274.95000000000005,2025-12,6.9,-8.99,13.67,-22.66,📉 獲利侵蝕,⚪ 中性觀察
1341.TW,富林-KY,61.2999992371,6.958002183552782,132.14999999999998,2025-12,3.71,-30.65,-7.95,-22.7,🌑 雙重衰退,⚪ 中性觀察
2455.TW,全新,364.5,53.681885125184095,101.85,2025-12,2.97,-18.46,4.29,-22.75,📉 獲利侵蝕,❌ 暫避觀望
5222.TW,全訊,143.0,21.568627450980394,99.45,2025-12,2.51,-49.48,-26.68,-22.799999999999997,🌑 雙重衰退,❌ 暫避觀望
6776.TW,展�眥篕�,60.9000015259,5.855769377490384,156.0,2025-12,4.2,-8.03,14.84,-22.869999999999997,📉 獲利侵蝕,⚪ 中性觀察
6944.TW,兆聯實業,0.0,0.0,0.0,2025-12,32.29,41.25,64.2,-22.950000000000003,⚠️ 獲利稀釋,⚪ 數據不足
4909.TWO,新復興,63.2000007629,0.0,-71.25,2025-12,-1.25,-112.33,-89.32,-23.010000000000005,🌑 雙重衰退,⚪ 數據不足
2324.TW,仁寶,32.75,9.225352112676056,53.25,2025-12,1.38,-39.91,-16.78,-23.129999999999995,🌑 雙重衰退,⚪ 中性觀察
1294.TWO,漢田生技,81.9000015259,7.127937469617057,172.35,2025-12,4.6,-19.33,4.02,-23.349999999999998,📉 獲利侵蝕,⚪ 中性觀察
6671.TW,三能-KY,31.4500007629,6.001908542538168,78.6,2025-12,2.37,-25.47,-2.1,-23.369999999999997,🌑 雙重衰退,⚪ 中性觀察
2375.TW,凱美,85.8000030518,9.387308867811816,137.10000000000002,2025-12,3.73,-18.02,5.35,-23.369999999999997,📉 獲利侵蝕,⚪ 中性觀察
2939.TW,永邑-KY,25.25,0.0,-149.25000000000003,2025-12,-3.68,-24.32,-0.82,-23.5,🌑 雙重衰退,⚪ 數據不足
3265.TWO,台星科,178.0,13.745173745173746,194.25,2025-12,5.48,-12.04,11.55,-23.59,📉 獲利侵蝕,⚪ 中性觀察
4113.TWO,聯上,15.5500001907,0.0,-7.800000000000001,2025-12,-0.43,-112.91,-89.32,-23.590000000000003,🌑 雙重衰退,⚪ 數據不足
2348.TW,海悅,76.8000030518,4.779091664704418,241.05,2025-12,6.85,-51.27,-27.63,-23.640000000000004,🌑 雙重衰退,⚪ 中性觀察
3093.TWO,港建*,64.6999969482,19.371256571317364,50.099999999999994,2025-12,1.22,15.09,38.76,-23.669999999999998,⚠️ 獲利稀釋,❌ 暫避觀望
1307.TW,三芳,32.1500015259,4.659420511,103.49999999999999,2025-12,2.85,-23.39,0.33,-23.72,📉 獲利侵蝕,⚪ 中性觀察
3071.TWO,協禧,33.4000015259,20.8750009536875,24.0,2025-12,0.57,-29.63,-5.82,-23.81,🌑 雙重衰退,❌ 暫避觀望
4737.TW,華廣,63.0,0.0,-69.75,2025-12,-2.68,-28.85,-4.92,-23.93,🌑 雙重衰退,⚪ 數據不足
6277.TW,宏正,72.1999969482,9.352331210906735,115.80000000000001,2025-12,3.08,-25.6,-1.49,-24.110000000000003,🌑 雙重衰退,⚪ 中性觀察
6482.TWO,弘煜科,0.0,0.0,0.0,2025-12,2.32,-34.28,-10.07,-24.21,🌑 雙重衰退,⚪ 數據不足
6640.TWO,均華,1535.0,53.07745504840941,433.79999999999995,2025-12,12.75,-14.04,10.19,-24.229999999999997,📉 獲利侵蝕,❌ 暫避觀望
2101.TW,南港,34.9500007629,499.2857251842857,1.0499999999999998,2025-12,1.01,-68.84,-44.61,-24.230000000000004,🔄 轉虧為盈,❌ 暫避觀望
2393.TW,億光,73.5999984741,6.507515338116712,169.64999999999998,2025-12,4.6,-30.72,-6.36,-24.36,🌑 雙重衰退,⚪ 中性觀察
6962.TW,奕力-KY,37.4000015259,3.966065909427359,141.45000000000002,2025-12,2.87,-39.39,-15.03,-24.36,🌑 雙重衰退,⚪ 中性觀察
1609.TW,大亞,33.7000007629,7.729357973142201,65.4,2025-12,1.65,-21.15,3.39,-24.54,📉 獲利侵蝕,⚪ 中性觀察
6245.TWO,立端,87.0,8.571428571428571,152.25,2025-12,4.38,-28.08,-3.53,-24.549999999999997,🌑 雙重衰退,⚪ 中性觀察
2432.TW,倚天酷��-創,29.6000003815,8.268156531145252,53.7,2025-12,1.88,1.06,25.63,-24.57,⚠️ 獲利稀釋,⚪ 中性觀察
6913.TWO,鴻呈,129.5,12.080223880597016,160.79999999999998,2025-12,4.34,-2.92,21.66,-24.58,📉 獲利侵蝕,⚪ 中性觀察
6227.TWO,茂綸,95.4000015259,6.127167728060372,233.55,2025-12,7.54,17.08,41.88,-24.800000000000004,⚠️ 獲利稀釋,⚪ 中性觀察
2382.TW,廣達,335.0,7.031905961376994,714.6,2025-12,19.45,25.55,50.54,-24.99,⚠️ 獲利稀釋,⚪ 中性觀察
6151.TWO,晉倫,36.0999984741,11.039754885045872,49.05,2025-12,1.16,-21.62,3.42,-25.04,📉 獲利侵蝕,⚪ 中性觀察
1597.TW,直得,115.5,66.37931034482759,26.1,2025-12,0.91,-15.24,9.81,-25.05,📉 獲利侵蝕,❌ 暫避觀望
1504.TW,東元,63.2999992371,10.259319163225284,92.55000000000001,2025-12,2.42,-18.15,6.99,-25.14,📉 獲利侵蝕,⚪ 中性觀察
6143.TWO,振曜,95.5999984741,7.370855703477255,194.55,2025-12,6.46,-10.28,15.03,-25.31,📉 獲利侵蝕,⚪ 中性觀察
2535.TW,達欣工,70.0999984741,4.827823586370524,217.79999999999998,2025-12,6.5,24.8,50.25,-25.45,⚠️ 獲利稀釋,⚪ 中性觀察
2250.TW,IKKA-KY,65.3000030518,6.183712410208335,158.39999999999998,2025-12,3.99,-33.62,-8.12,-25.5,🌑 雙重衰退,⚪ 中性觀察
1723.TW,中碳,82.0999984741,11.185285895653951,110.1,2025-12,2.65,-48.92,-23.4,-25.520000000000003,🌑 雙重衰退,⚪ 中性觀察
3592.TW,瑞鼎,254.5,5.308719232373801,719.0999999999999,2025-12,18.24,-34.08,-8.12,-25.96,🌑 雙重衰退,⚪ 中性觀察
4770.TW,上品,241.0,9.077212806026363,398.25000000000006,2025-12,10.2,-52.93,-26.81,-26.12,🌑 雙重衰退,⚪ 中性觀察
4549.TWO,桓達,103.0,12.364945978391356,124.95,2025-12,3.32,-29.66,-3.48,-26.18,🌑 雙重衰退,⚪ 中性觀察
1227.TW,佳格,29.8500003815,9.386792572798742,47.7,2025-12,1.33,-30.16,-3.8,-26.36,🌑 雙重衰退,⚪ 中性觀察
3015.TW,全漢,51.7999992371,12.821781989381188,60.6,2025-12,1.86,-13.89,12.58,-26.47,📉 獲利侵蝕,⚪ 中性觀察
5292.TW,華懋,265.0,10.995850622406639,361.5,2025-12,9.93,0.71,27.29,-26.58,⚠️ 獲利稀釋,⚪ 中性觀察
3693.TWO,營邦,707.0,15.37625054371466,689.6999999999999,2025-12,15.5,-38.69,-11.96,-26.729999999999997,🌑 雙重衰退,❌ 暫避觀望
3580.TWO,友威科,81.6999969482,17.30932138733051,70.8,2025-12,1.94,-61.35,-34.55,-26.800000000000004,🌑 雙重衰退,❌ 暫避觀望
6651.TWO,全宇昕,95.4000015259,6.301189004352708,227.1,2025-12,6.32,-22.95,3.91,-26.86,📉 獲利侵蝕,⚪ 中性觀察
2427.TW,三商電,22.3500003815,5.55970158743781,60.300000000000004,2025-12,1.53,6.99,33.95,-26.96,⚠️ 獲利稀釋,⚪ 中性觀察
3443.TW,創意,3675.0,54.21153562472342,1016.8499999999999,2025-12,28.13,9.24,36.32,-27.08,⚠️ 獲利稀釋,❌ 暫避觀望
6279.TWO,胡連,110.0,4.575707154742098,360.5999999999999,2025-12,10.74,-15.51,11.63,-27.14,📉 獲利侵蝕,⚪ 中性觀察
1519.TW,華城,915.0,29.61165048543689,463.50000000000006,2025-12,13.99,-6.3,20.89,-27.19,📉 獲利侵蝕,❌ 暫避觀望
3691.TWO,碩禾,117.0,0.0,-356.70000000000005,2025-12,-7.62,-35.83,-8.54,-27.29,🌑 雙重衰退,⚪ 數據不足
3533.TW,嘉澤,2650.0,16.063526701824575,2474.55,2025-12,70.17,-15.21,12.28,-27.490000000000002,📉 獲利侵蝕,❌ 暫避觀望
6768.TW,志強-KY,82.5999984741,4.288681125342679,288.90000000000003,2025-12,6.77,-17.06,10.46,-27.52,📉 獲利侵蝕,⚪ 中性觀察
4905.TWO,台聯電,96.3000030518,28.660715193988096,50.4,2025-12,2.76,-5.15,22.56,-27.71,📉 獲利侵蝕,❌ 暫避觀望
5291.TWO,邑昇,68.0,117.24137931034481,8.700000000000001,2025-12,0.31,-17.95,9.81,-27.759999999999998,📉 獲利侵蝕,❌ 暫避觀望
2492.TW,華新科,142.5,14.751552795031056,144.9,2025-12,4.74,-22.96,4.91,-27.87,📉 獲利侵蝕,⚪ 中性觀察
6668.TW,中揚光,37.5999984741,0.0,-61.49999999999999,2025-12,-1.93,-3.35,24.6,-27.950000000000003,📉 獲利侵蝕,⚪ 數據不足
5203.TW,訊連,64.8000030518,7.705113323638526,126.15,2025-12,3.63,-9.05,18.91,-27.96,📉 獲利侵蝕,⚪ 中性觀察
4164.TW,承業醫,32.2000007629,16.3451780522335,29.550000000000004,2025-12,1.0,-5.94,22.15,-28.09,📉 獲利侵蝕,❌ 暫避觀望
6887.TW,寶綠特-KY,39.3499984741,3.5675429260290112,165.45000000000002,2025-12,4.58,-40.21,-12.03,-28.18,🌑 雙重衰退,⚪ 中性觀察
1436.TW,華友聯,51.7999992371,3.535836125399318,219.74999999999997,2025-12,5.39,-72.4,-44.06,-28.340000000000003,🌑 雙重衰退,⚪ 中性觀察
2233.TW,宇隆,260.5,15.28755868544601,255.6,2025-12,6.7,-38.87,-10.49,-28.379999999999995,🌑 雙重衰退,❌ 暫避觀望
2476.TW,鉅祥,0.0,0.0,0.0,2025-12,4.36,-15.98,12.66,-28.64,📉 獲利侵蝕,⚪ 數據不足
4551.TW,智伸科,139.0,10.659509202453988,195.6,2025-12,6.04,-27.14,1.71,-28.85,📉 獲利侵蝕,⚪ 中性觀察
2905.TW,三商,14.25,10.961538461538463,19.499999999999996,2025-12,0.71,-49.63,-20.78,-28.85,🌑 雙重衰退,⚪ 中性觀察
4161.TWO,聿新科,23.7000007629,8.87640478011236,40.05,2025-12,1.23,-32.77,-3.25,-29.520000000000003,🌑 雙重衰退,⚪ 中性觀察
4721.TWO,美琪瑪,93.5,12.61808367071525,111.14999999999999,2025-12,3.01,-10.42,19.28,-29.700000000000003,📉 獲利侵蝕,⚪ 中性觀察
2748.TW,雲品,41.1500015259,8.100394001161416,76.20000000000002,2025-12,2.17,-30.67,-0.76,-29.91,🌑 雙重衰退,⚪ 中性觀察
5471.TW,松翰,45.2999992371,26.49122762403509,25.65,2025-12,0.72,-32.71,-2.51,-30.200000000000003,🌑 雙重衰退,❌ 暫避觀望
6412.TW,群電,79.3000030518,6.390008303932313,186.15,2025-12,5.2,-37.65,-7.33,-30.32,🌑 雙重衰退,⚪ 中性觀察
4401.TWO,東隆興,14.8500003815,9.398734418670886,23.7,2025-12,0.73,-31.13,-0.68,-30.45,🌑 雙重衰退,⚪ 中性觀察
6136.TW,富爾特,27.6499996185,13.964646271969697,29.7,2025-12,0.89,-1.11,29.83,-30.939999999999998,📉 獲利侵蝕,⚪ 中性觀察
2493.TW,揚博,127.0,11.493212669683258,165.75,2025-12,4.36,-27.93,3.03,-30.96,📉 獲利侵蝕,⚪ 中性觀察
6642.TWO,富致,57.5999984741,9.128367428541997,94.64999999999999,2025-12,2.6,-27.37,3.61,-30.98,📉 獲利侵蝕,⚪ 中性觀察
2548.TW,華固,130.5,10.627035830618892,184.20000000000002,2025-12,10.15,121.88,152.88,-31.0,⚠️ 獲利稀釋,⚪ 中性觀察
2881.TW,富邦金,88.3000030518,4.186818542048364,316.35,2025-12,8.37,-21.56,9.74,-31.299999999999997,📉 獲利侵蝕,⚪ 中性觀察
6163.TWO,華電網,70.5,195.83333333333334,5.3999999999999995,2025-12,0.75,-20.43,10.94,-31.369999999999997,🔄 轉虧為盈,❌ 暫避觀望
2208.TW,台船,20.7000007629,0.0,-95.1,2025-12,-1.77,18.81,50.27,-31.460000000000004,⚠️ 獲利稀釋,⚪ 數據不足
6148.TWO,驊宏資,33.4000015259,12.370370935518519,40.5,2025-12,1.36,-11.69,19.79,-31.479999999999997,📉 獲利侵蝕,⚪ 中性觀察
3090.TW,日電貿,105.5,7.763061074319351,203.85000000000002,2025-12,5.48,-2.02,29.54,-31.56,📉 獲利侵蝕,⚪ 中性觀察
2374.TW,佳能,76.0,15.29175050301811,74.55,2025-12,2.44,28.57,60.25,-31.68,⚠️ 獲利稀釋,❌ 暫避觀望
6469.TWO,大樹,80.6999969482,7.570356186510319,159.9,2025-12,4.01,-22.33,9.39,-31.72,📉 獲利侵蝕,⚪ 中性觀察
2377.TW,微星,97.5,6.170886075949367,236.99999999999997,2025-12,6.8,-15.42,16.34,-31.759999999999998,📉 獲利侵蝕,⚪ 中性觀察
6418.TWO,詠昇,29.7999992371,14.536584993707319,30.749999999999996,2025-12,0.73,-33.64,-1.53,-32.11,🌑 雙重衰退,⚪ 中性觀察
6585.TW,鼎基,0.0,0.0,0.0,2025-12,5.64,-45.5,-13.21,-32.29,🌑 雙重衰退,⚪ 數據不足
2603.TW,長榮,202.0,2.250445632798574,1346.4,2025-12,31.68,-50.82,-18.23,-32.59,🌑 雙重衰退,⚪ 中性觀察
6548.TWO,長科*,61.0999984741,16.24999959417553,56.400000000000006,2025-12,1.63,-20.6,12.02,-32.620000000000005,📉 獲利侵蝕,❌ 暫避觀望
3567.TWO,逸昌,28.1499996185,11.827730932142858,35.699999999999996,2025-12,1.06,-43.32,-10.64,-32.68,🌑 雙重衰退,⚪ 中性觀察
7777.TWO,能率亞洲,28.1499996185,0.0,0.0,2025-12,0.58,-16.92,15.88,-32.800000000000004,📉 獲利侵蝕,⚪ 數據不足
1909.TW,榮成,9.3999996185,0.0,-21.900000000000002,2025-12,-0.39,-39.29,-6.47,-32.82,🌑 雙重衰退,⚪ 數據不足
1470.TW,大統新創,22.9500007629,16.392857687785714,21.000000000000004,2025-12,0.78,-30.97,1.99,-32.96,📉 獲利侵蝕,❌ 暫避觀望
4420.TWO,光明,43.7999992371,2.1098265528468207,311.40000000000003,2025-12,5.53,-10.52,22.7,-33.22,📉 獲利侵蝕,⚪ 中性觀察
2897.TW,王道銀行,10.1499996185,6.15151492030303,24.750000000000004,2025-12,0.61,-35.48,-2.09,-33.39,🌑 雙重衰退,⚪ 中性觀察
3038.TW,全台,23.6499996185,8.694852800919117,40.800000000000004,2025-12,1.1,-50.0,-16.5,-33.5,🌑 雙重衰退,⚪ 中性觀察
2105.TW,正新,32.5999984741,8.337595517672634,58.650000000000006,2025-12,1.5,-39.27,-5.68,-33.59,🌑 雙重衰退,⚪ 中性觀察
5258.TW,虹堡,51.4000015259,8.069074022904237,95.55000000000001,2025-12,4.23,-33.17,0.46,-33.63,📉 獲利侵蝕,⚪ 中性觀察
4961.TW,天鈺,169.0,6.289542240416822,403.04999999999995,2025-12,9.65,-39.94,-6.28,-33.66,🌑 雙重衰退,⚪ 中性觀察
4994.TW,傳奇,99.5,17.42556917688266,85.65,2025-12,1.96,-59.0,-25.18,-33.82,🌑 雙重衰退,❌ 暫避觀望
3305.TW,昇貿,115.0,13.805522208883554,124.95,2025-12,3.16,-4.59,29.36,-33.95,📉 獲利侵蝕,⚪ 中性觀察
1785.TWO,光洋科,156.5,30.62622309197652,76.64999999999999,2025-12,3.14,-1.88,32.39,-34.27,📉 獲利侵蝕,❌ 暫避觀望
5906.TW,台南-KY,49.6500015259,16.067961658867315,46.349999999999994,2025-12,0.98,-41.32,-7.04,-34.28,🌑 雙重衰退,❌ 暫避觀望
6716.TWO,應廣,84.5,20.915841584158414,60.6,2025-12,2.19,-49.65,-15.3,-34.349999999999994,🌑 雙重衰退,❌ 暫避觀望
6126.TWO,信音,32.8499984741,15.869564480241543,31.050000000000004,2025-12,0.71,-27.08,7.41,-34.489999999999995,📉 獲利侵蝕,❌ 暫避觀望
6155.TW,鈞寶,48.0,36.36363636363637,19.799999999999997,2025-12,0.74,-23.71,10.87,-34.58,📉 獲利侵蝕,❌ 暫避觀望
6176.TW,瑞儀,99.5999984741,4.282029169135855,348.9000000000001,2025-12,9.4,-40.24,-5.52,-34.72,🌑 雙重衰退,⚪ 中性觀察
6834.TW,天二科技,37.6500015259,42.78409264306818,13.200000000000001,2025-12,0.5,-21.88,12.86,-34.739999999999995,📉 獲利侵蝕,❌ 暫避觀望
3680.TWO,家登,495.0,26.800216567406608,277.04999999999995,2025-12,9.43,-22.51,12.26,-34.77,📉 獲利侵蝕,❌ 暫避觀望
2314.TW,台揚,15.8999996185,0.0,-195.15000000000003,2025-12,-6.11,-34.29,0.49,-34.78,📉 獲利侵蝕,⚪ 數據不足
1308.TW,亞聚,15.3000001907,0.0,-63.3,2025-12,-1.76,-39.68,-4.78,-34.9,🌑 雙重衰退,⚪ 數據不足
3617.TW,碩天,195.0,5.56189389617798,525.9000000000001,2025-12,14.47,-40.33,-4.98,-35.349999999999994,🌑 雙重衰退,⚪ 中性觀察
2387.TW,精元,42.1500015259,5.060024192785114,124.95,2025-12,3.47,-55.56,-19.78,-35.78,🌑 雙重衰退,⚪ 中性觀察
6221.TWO,晉泰,27.25,4.11631419939577,99.3,2025-12,2.35,-33.33,2.45,-35.78,📉 獲利侵蝕,⚪ 中性觀察
6667.TWO,信紘科,285.0,8.424475317765298,507.45,2025-12,13.77,39.39,75.17,-35.78,⚠️ 獲利稀釋,⚪ 中性觀察
6683.TWO,雍智科技,1890.0,55.21472392638037,513.4499999999999,2025-12,15.42,-12.9,23.03,-35.93,📉 獲利侵蝕,❌ 暫避觀望
5514.TWO,三豐,16.0,0.0,-5.1000000000000005,2025-12,-0.13,-135.14,-99.16,-35.97999999999999,🌑 雙重衰退,⚪ 數據不足
1786.TW,科妍,64.0999984741,12.871485637369478,74.7,2025-12,2.24,-35.61,0.37,-35.98,📉 獲利侵蝕,⚪ 中性觀察
2353.TW,宏��,28.2999992371,9.895104628356641,42.900000000000006,2025-12,1.26,-31.87,4.14,-36.01,📉 獲利侵蝕,⚪ 中性觀察
2736.TWO,富野,13.3500003815,0.0,-66.9,2025-12,-1.83,0.0,36.07,-36.07,📉 獲利侵蝕,⚪ 數據不足
3564.TWO,其陽,43.7999992371,28.815788971776314,22.800000000000004,2025-12,0.65,-26.97,9.25,-36.22,📉 獲利侵蝕,❌ 暫避觀望
3372.TWO,典範,20.0,0.0,-51.45,2025-12,-1.22,-15.09,21.56,-36.65,📉 獲利侵蝕,⚪ 數據不足
6906.TW,現觀科,69.8000030518,21.94968649427673,47.7,2025-12,1.87,-48.45,-11.58,-36.870000000000005,🌑 雙重衰退,❌ 暫避觀望
6597.TWO,立誠,61.2000007629,10.736842239105265,85.49999999999999,2025-12,2.51,-48.7,-11.79,-36.910000000000004,🌑 雙重衰退,⚪ 中性觀察
3338.TW,泰碩,77.6999969482,15.728744321497974,74.10000000000001,2025-12,1.8,-40.47,-3.54,-36.93,🌑 雙重衰退,❌ 暫避觀望
6937.TW,天虹,325.5,48.800599700149924,100.05,2025-12,3.01,-50.25,-13.26,-36.99,🌑 雙重衰退,❌ 暫避觀望
2489.TW,瑞軒,44.0999984741,16.51685336108614,40.05,2025-12,1.22,-31.22,6.13,-37.35,📉 獲利侵蝕,❌ 暫避觀望
4580.TWO,捷流閥業,80.0999984741,6.70292874260251,179.25000000000003,2025-12,5.03,-42.92,-5.55,-37.370000000000005,🌑 雙重衰退,⚪ 中性觀察
3206.TWO,志豐,36.7999992371,7.022900617767176,78.60000000000001,2025-12,2.02,-50.73,-13.21,-37.519999999999996,🌑 雙重衰退,⚪ 中性觀察
7732.TW,金興精密,36.0,7.675906183368869,70.35000000000001,2025-12,1.73,-37.18,0.66,-37.839999999999996,📉 獲利侵蝕,⚪ 中性觀察
1616.TW,億泰,23.6499996185,3.928571365199336,90.3,2025-12,1.55,-24.5,13.38,-37.88,📉 獲利侵蝕,⚪ 中性觀察
1434.TW,福懋,16.3500003815,16.3500003815,15.0,2025-12,0.51,-42.05,-4.08,-37.97,🌑 雙重衰退,❌ 暫避觀望
2724.TWO,藝舍-KY,16.9500007629,0.0,-10.350000000000001,2025-12,-0.2,-106.76,-68.65,-38.11,🌑 雙重衰退,⚪ 數據不足
2495.TW,普安,44.4000015259,27.750000953687504,23.999999999999996,2025-12,1.13,-49.1,-10.89,-38.21,🌑 雙重衰退,❌ 暫避觀望
6284.TWO,佳邦,86.3000030518,8.126177311845574,159.3,2025-12,4.36,-34.8,3.44,-38.239999999999995,📉 獲利侵蝕,⚪ 中性觀察
6441.TWO,廣錠,23.0,0.0,-188.25,2025-12,-5.16,-94.72,-56.46,-38.26,🌑 雙重衰退,⚪ 數據不足
6147.TWO,頎邦,141.5,16.227064220183486,130.8,2025-12,3.74,-32.79,5.49,-38.28,📉 獲利侵蝕,❌ 暫避觀望
6207.TWO,雷科,59.5,27.045454545454543,33.0,2025-12,0.9,-56.52,-18.16,-38.36,🌑 雙重衰退,❌ 暫避觀望
6637.TWO,醫影,72.0999984741,3.874261067925847,279.15,2025-12,7.17,1.91,40.45,-38.540000000000006,⚠️ 獲利稀釋,⚪ 中性觀察
3438.TWO,類比科,50.5999984741,24.803920820637252,30.6,2025-12,1.0,-33.77,4.92,-38.690000000000005,📉 獲利侵蝕,❌ 暫避觀望
2352.TW,佳世達,26.0,13.541666666666668,28.799999999999997,2025-12,0.64,-35.71,3.09,-38.8,📉 獲利侵蝕,⚪ 中性觀察
5905.TWO,南仁湖,8.1499996185,0.0,-21.9,2025-12,-0.63,-29.17,9.65,-38.82,📉 獲利侵蝕,⚪ 數據不足
2641.TWO,正德,17.7999992371,3.7316560245492667,71.55,2025-12,2.01,4.26,43.12,-38.86,⚠️ 獲利稀釋,⚪ 中性觀察
7728.TWO,光焱科技,767.0,84.9390919158361,135.45,2025-12,4.92,-45.05,-6.16,-38.89,🌑 雙重衰退,❌ 暫避觀望
1805.TW,寶徠,10.6499996185,16.90476129920635,9.45,2025-12,0.2,-93.38,-54.43,-38.949999999999996,🌑 雙重衰退,❌ 暫避觀望
4767.TWO,誠泰科技,27.0499992371,10.363984382030651,39.15,2025-12,1.24,-56.03,-17.06,-38.97,🌑 雙重衰退,⚪ 中性觀察
6669.TW,緯穎,4350.0,6.728122003278993,9698.099999999999,2025-12,275.06,124.43,163.68,-39.25,⚠️ 獲利稀釋,⚪ 中性觀察
6028.TWO,公勝保經,80.1999969482,0.0,0.0,2025-12,7.86,-34.17,5.26,-39.43,📉 獲利侵蝕,⚪ 數據不足
3413.TW,京鼎,330.0,6.057268722466961,817.1999999999999,2025-12,21.44,-12.83,26.66,-39.49,📉 獲利侵蝕,⚪ 中性觀察
3083.TWO,網龍,27.4500007629,39.782609801304346,10.350000000000001,2025-12,0.43,-46.91,-7.4,-39.51,🌑 雙重衰退,❌ 暫避觀望
3715.TW,定穎投控,189.0,23.77358490566038,119.24999999999999,2025-12,2.7,-30.16,9.37,-39.53,📉 獲利侵蝕,❌ 暫避觀望
4441.TW,振大環球,0.0,0.0,0.0,2025-12,14.79,-11.39,28.28,-39.67,📉 獲利侵蝕,⚪ 數據不足
1784.TWO,訊聯,78.5,30.544747081712064,38.55,2025-12,1.02,-38.61,1.19,-39.8,📉 獲利侵蝕,❌ 暫避觀望
3088.TWO,艾訊,102.5,10.654885654885655,144.29999999999998,2025-12,4.68,-37.99,1.82,-39.81,📉 獲利侵蝕,⚪ 中性觀察
2543.TW,皇昌,51.5999984741,7.655786123753709,101.10000000000001,2025-12,2.69,-44.58,-4.77,-39.81,🌑 雙重衰退,⚪ 中性觀察
5009.TWO,榮剛,33.0499992371,6.442494977992204,76.95,2025-12,2.2,-50.0,-10.14,-39.86,🌑 雙重衰退,⚪ 中性觀察
3004.TW,豐達科,116.0,7.537361923326835,230.85000000000002,2025-12,5.85,-24.15,15.8,-39.95,📉 獲利侵蝕,⚪ 中性觀察
3515.TW,華擎,231.0,6.243243243243243,555.0,2025-12,15.28,46.5,86.48,-39.980000000000004,⚠️ 獲利稀釋,⚪ 中性觀察
3455.TWO,由田,218.0,78.70036101083032,41.55,2025-12,2.67,-49.53,-9.54,-39.99,🌑 雙重衰退,❌ 暫避觀望
7730.TW,暉盛-創,180.0,0.0,0.0,2025-12,1.73,-45.51,-5.33,-40.18,🌑 雙重衰退,⚪ 數據不足
2941.TWO,米斯特,33.7000007629,5.332278601724683,94.80000000000001,2025-12,2.35,-27.47,12.71,-40.18,📉 獲利侵蝕,⚪ 中性觀察
2030.TW,彰源,16.2000007629,19.51807320831325,12.450000000000001,2025-12,0.35,-58.33,-18.14,-40.19,🌑 雙重衰退,❌ 暫避觀望
1110.TW,東泥,15.1000003815,18.875000476875,11.999999999999998,2025-12,0.36,-40.98,-0.74,-40.239999999999995,🌑 雙重衰退,❌ 暫避觀望
6715.TW,嘉基,420.5,87.60416666666669,71.99999999999999,2025-12,1.8,-65.38,-25.1,-40.279999999999994,🌑 雙重衰退,❌ 暫避觀望
4958.TW,臻鼎-KY,315.0,24.881516587677726,189.9,2025-12,6.91,-33.96,6.33,-40.29,📉 獲利侵蝕,❌ 暫避觀望
2355.TW,敬鵬,55.0,14.285714285714285,57.75,2025-12,1.6,-43.86,-3.51,-40.35,🌑 雙重衰退,⚪ 中性觀察
6692.TWO,進能服,0.0,0.0,0.0,2025-12,0.23,-75.0,-34.63,-40.37,🌑 雙重衰退,⚪ 數據不足
5469.TW,瀚宇博,96.0999984741,6.334871356235992,227.55,2025-12,6.05,-3.06,37.46,-40.52,📉 獲利侵蝕,⚪ 中性觀察
3707.TWO,漢磊,62.7999992371,0.0,-75.6,2025-12,-1.97,-41.61,-0.88,-40.73,🌑 雙重衰退,⚪ 數據不足
2474.TW,可成,210.5,8.049713193116634,392.25000000000006,2025-12,11.33,-37.78,3.18,-40.96,📉 獲利侵蝕,⚪ 中性觀察
4952.TW,凌通,53.5,15.73529411764706,51.0,2025-12,1.03,-54.63,-13.56,-41.07,🌑 雙重衰退,❌ 暫避觀望
3669.TW,圓展,39.2000007629,39.595960366565656,14.85,2025-12,1.13,-44.61,-3.05,-41.56,🌑 雙重衰退,❌ 暫避觀望
7718.TWO,友鋮,47.7999992371,6.136071789101413,116.85,2025-12,3.75,-40.13,1.44,-41.57,📉 獲利侵蝕,⚪ 中性觀察
2104.TW,國際中橡,11.1499996185,0.0,-126.74999999999999,2025-12,-4.28,-53.09,-11.5,-41.59,🌑 雙重衰退,⚪ 數據不足
6423.TWO,億而得,124.0,60.19417475728155,30.900000000000002,2025-12,0.58,-39.36,2.34,-41.7,📉 獲利侵蝕,❌ 暫避觀望
2031.TW,新光鋼,39.6500015259,5.680515977922638,104.69999999999997,2025-12,3.3,-26.67,15.12,-41.79,📉 獲利侵蝕,⚪ 中性觀察
6756.TW,威鋒電子,90.4000015259,34.503817376297704,39.300000000000004,2025-12,1.11,-50.67,-8.83,-41.84,🌑 雙重衰退,❌ 暫避觀望
6624.TWO,萬年清,53.0,1060.000000000001,0.7499999999999994,2025-12,0.36,-52.17,-10.21,-41.96,🔄 轉虧為盈,❌ 暫避觀望
4739.TW,康普,95.3000030518,56.39053435017751,25.35,2025-12,1.56,9.15,51.17,-42.02,⚠️ 獲利稀釋,❌ 暫避觀望
3022.TW,威強電,71.9000015259,7.497393276944734,143.85,2025-12,4.63,-46.9,-4.78,-42.12,🌑 雙重衰退,⚪ 中性觀察
5223.TWO,安力-KY,26.0499992371,0.0,-8.55,2025-12,-0.67,-24.07,18.08,-42.15,📉 獲利侵蝕,⚪ 數據不足
2397.TW,友通,59.0,7.642487046632124,115.80000000000001,2025-12,2.49,-28.03,14.61,-42.64,📉 獲利侵蝕,⚪ 中性觀察
5310.TWO,天剛,25.0,9.433962264150942,39.75000000000001,2025-12,0.52,-82.78,-40.09,-42.69,🌑 雙重衰退,⚪ 中性觀察
6174.TWO,安��,33.5,22.483221476510067,22.35,2025-12,0.66,-12.0,30.85,-42.85,📉 獲利侵蝕,❌ 暫避觀望
5388.TW,中磊,84.3000030518,8.137065931640928,155.39999999999998,2025-12,4.04,-47.82,-4.91,-42.91,🌑 雙重衰退,⚪ 中性觀察
5245.TWO,智晶,26.1000003815,0.0,-168.45000000000002,2025-12,-4.9,-56.67,-13.73,-42.94,🌑 雙重衰退,⚪ 數據不足
3317.TWO,尼克森,55.0,9.874326750448832,83.55000000000001,2025-12,1.66,-33.33,9.65,-42.98,📉 獲利侵蝕,⚪ 中性觀察
2605.TW,新興,34.4000015259,15.779817213715596,32.7,2025-12,1.45,-43.36,-0.1,-43.26,🌑 雙重衰退,❌ 暫避觀望
3467.TWO,台灣精材,64.9000015259,44.45205583965753,21.9,2025-12,0.58,-44.12,-0.57,-43.55,🌑 雙重衰退,❌ 暫避觀望
1582.TW,信錦,102.5,10.939167556029881,140.55,2025-12,3.45,-51.27,-7.71,-43.56,🌑 雙重衰退,⚪ 中性觀察
1443.TW,立益物流,23.7000007629,10.440528970440528,34.05,2025-12,1.13,-37.57,6.05,-43.62,📉 獲利侵蝕,⚪ 中性觀察
2439.TW,美律,89.0,7.429048414023372,179.70000000000002,2025-12,5.36,-37.71,6.01,-43.72,📉 獲利侵蝕,⚪ 中性觀察
6859.TWO,伯特光,123.5,16.29287598944591,113.7,2025-12,2.86,-8.36,35.45,-43.81,📉 獲利侵蝕,❌ 暫避觀望
3211.TWO,順達,415.0,19.20407218880148,324.15000000000003,2025-12,9.05,-48.92,-4.98,-43.94,🌑 雙重衰退,❌ 暫避觀望
3306.TWO,鼎天,50.0,9.416195856873824,79.64999999999999,2025-12,1.95,-33.45,10.49,-43.940000000000005,📉 獲利侵蝕,⚪ 中性觀察
2743.TWO,山富,71.5,4.365079365079366,245.7,2025-12,3.94,-45.58,-1.62,-43.96,🌑 雙重衰退,⚪ 中性觀察
6194.TWO,育富,33.0999984741,5.408496482696077,91.80000000000001,2025-12,2.19,-47.23,-2.95,-44.279999999999994,🌑 雙重衰退,⚪ 中性觀察
4935.TW,茂林-KY,39.9500007629,12.682539924730156,47.25000000000001,2025-12,1.34,-67.32,-22.97,-44.349999999999994,🌑 雙重衰退,⚪ 中性觀察
2484.TW,希華,47.5,37.109375,19.2,2025-12,0.65,-34.34,10.07,-44.410000000000004,📉 獲利侵蝕,❌ 暫避觀望
6569.TWO,醫揚,100.5,18.043087971274684,83.55000000000001,2025-12,2.88,-38.68,5.8,-44.48,📉 獲利侵蝕,❌ 暫避觀望
3501.TW,維熹,48.25,5.403135498320269,133.95,2025-12,3.0,-50.98,-6.46,-44.519999999999996,🌑 雙重衰退,⚪ 中性觀察
6292.TWO,迅德,49.5,15.664556962025317,47.4,2025-12,2.0,-48.05,-3.28,-44.769999999999996,🌑 雙重衰退,❌ 暫避觀望
6904.TWO,伯鑫,121.0,10.404127257093721,174.45000000000005,2025-12,5.44,-48.04,-3.05,-44.99,🌑 雙重衰退,⚪ 中性觀察
5474.TWO,聰泰,145.5,11.349453978159126,192.3,2025-12,5.49,-22.13,22.92,-45.05,📉 獲利侵蝕,⚪ 中性觀察
4720.TW,德淵,26.0499992371,13.497408931139896,28.950000000000003,2025-12,0.74,-47.52,-2.31,-45.21,🌑 雙重衰退,⚪ 中性觀察
4438.TW,廣越,58.5,16.20498614958448,54.15000000000002,2025-12,3.04,-27.51,17.91,-45.42,📉 獲利侵蝕,❌ 暫避觀望
4566.TW,時碩工業,74.0,27.106227106227102,40.95,2025-12,1.36,-41.88,3.73,-45.61,📉 獲利侵蝕,❌ 暫避觀望
4989.TW,榮科,116.5,0.0,-149.55,2025-12,-3.48,-56.76,-11.09,-45.67,🌑 雙重衰退,⚪ 數據不足
5285.TW,界霖,57.7999992371,16.90058457225146,51.300000000000004,2025-12,1.53,-39.29,6.4,-45.69,📉 獲利侵蝕,❌ 暫避觀望
3289.TWO,宜特,203.5,14.629762760603882,208.65,2025-12,4.81,-34.26,11.44,-45.699999999999996,📉 獲利侵蝕,⚪ 中性觀察
1809.TW,中釉,29.0,65.9090909090909,6.6,2025-12,0.19,-42.42,3.41,-45.83,📉 獲利侵蝕,❌ 暫避觀望
6823.TWO,濾能,87.8000030518,0.0,-208.95,2025-12,-7.92,-3.84,42.15,-45.989999999999995,📉 獲利侵蝕,⚪ 數據不足
2103.TW,台橡,18.7000007629,12.635135650608108,22.2,2025-12,0.54,-48.08,-1.98,-46.1,🌑 雙重衰退,⚪ 中性觀察
2302.TW,麗正,19.3999996185,22.55813909127907,12.9,2025-12,0.49,-34.67,11.66,-46.33,📉 獲利侵蝕,❌ 暫避觀望
3033.TW,威健,35.1500015259,9.106218011891192,57.9,2025-12,1.81,-25.31,21.23,-46.54,📉 獲利侵蝕,⚪ 中性觀察
7722.TW,LINEPAY,0.0,0.0,0.0,2025-12,7.46,-21.64,25.03,-46.67,📉 獲利侵蝕,⚪ 數據不足
7721.TW,微程式,80.5999984741,57.16311948517731,21.15,2025-12,0.55,-82.84,-36.07,-46.77,🌑 雙重衰退,❌ 暫避觀望
2609.TW,陽明,50.5,3.6383285302593658,208.20000000000002,2025-12,4.9,-73.34,-26.56,-46.78,🌑 雙重衰退,⚪ 中性觀察
2009.TW,第一銅,39.5,87.77777777777777,6.750000000000001,2025-12,0.34,-54.05,-7.12,-46.93,🌑 雙重衰退,❌ 暫避觀望
6579.TW,研揚,120.5,9.247889485801995,195.45000000000002,2025-12,5.62,-27.15,20.03,-47.18,📉 獲利侵蝕,⚪ 中性觀察
6877.TWO,鏵友益,180.0,162.16216216216216,16.650000000000002,2025-12,0.59,-47.75,0.0,-47.75,⚪ 數據平穩,❌ 暫避觀望
6472.TW,保瑞,419.0,5.351896793971133,1174.35,2025-12,23.9,-38.71,9.11,-47.82,📉 獲利侵蝕,⚪ 中性觀察
2365.TW,昆盈,35.75,55.859374999999986,9.600000000000001,2025-12,0.32,-50.0,-1.99,-48.01,🌑 雙重衰退,❌ 暫避觀望
6909.TW,創控,0.0,0.0,0.0,2025-12,1.01,-37.25,11.08,-48.33,📉 獲利侵蝕,⚪ 數據不足
1776.TW,展宇,16.6000003815,33.200000763,7.5,2025-12,0.28,-64.1,-15.76,-48.339999999999996,🌑 雙重衰退,❌ 暫避觀望
6629.TWO,泰金-KY,125.0,8.383635144198525,223.65,2025-12,6.46,-40.72,7.66,-48.379999999999995,📉 獲利侵蝕,⚪ 中性觀察
3587.TWO,閎康,356.5,26.885369532428356,198.9,2025-12,6.1,-40.84,8.51,-49.35,📉 獲利侵蝕,❌ 暫避觀望
2429.TW,銘旺科,50.4000015259,0.0,-48.3,2025-12,-1.4,9.68,59.22,-49.54,⚠️ 獲利稀釋,⚪ 數據不足
1563.TW,巧新,43.9000015259,7.701754653666667,85.5,2025-12,1.42,-56.6,-6.64,-49.96,🌑 雙重衰退,⚪ 中性觀察
2351.TW,順德,166.0,47.02549575070821,52.95,2025-12,1.66,-55.26,-5.25,-50.01,🌑 雙重衰退,❌ 暫避觀望
6829.TWO,千附精密,261.5,27.239583333333336,144.0,2025-12,3.95,-30.21,19.87,-50.08,📉 獲利侵蝕,❌ 暫避觀望
6191.TW,精成科,112.0,6.917850525015441,242.85000000000002,2025-12,6.55,5.17,55.5,-50.33,⚠️ 獲利稀釋,⚪ 中性觀察
3430.TWO,奇鈦科,111.5,14.537157757496741,115.05,2025-12,3.15,-34.24,16.19,-50.43000000000001,📉 獲利侵蝕,⚪ 中性觀察
3310.TWO,佳穎,70.4000015259,6.336633800711071,166.64999999999998,2025-12,3.39,34.17,84.93,-50.760000000000005,⚠️ 獲利稀釋,⚪ 中性觀察
6215.TW,和椿,110.5,25.28604118993135,65.55,2025-12,2.08,-1.42,50.12,-51.54,📉 獲利侵蝕,❌ 暫避觀望
6873.TW,泓德能源,90.0,12.587412587412587,107.25,2025-12,3.59,-65.19,-13.29,-51.9,🌑 雙重衰退,⚪ 中性觀察
3532.TW,台勝科,187.0,57.89473684210526,48.45,2025-12,1.58,-52.84,-0.7,-52.14,🌑 雙重衰退,❌ 暫避觀望
6617.TWO,共信-KY,60.2000007629,0.0,-27.0,2025-12,-0.92,-38.46,13.75,-52.21,📉 獲利侵蝕,⚪ 數據不足
6965.TW,中傑-KY,87.5,8.48690591658584,154.64999999999998,2025-12,3.5,-71.93,-19.7,-52.230000000000004,🌑 雙重衰退,⚪ 中性觀察
3312.TW,弘憶股,47.4000015259,16.40138461103806,43.35,2025-12,1.74,-33.61,18.67,-52.28,📉 獲利侵蝕,❌ 暫避觀望
3441.TWO,聯一光,35.6500015259,19.166667487043007,27.900000000000006,2025-12,1.06,-24.29,28.48,-52.769999999999996,📉 獲利侵蝕,❌ 暫避觀望
6929.TWO,佑全,29.2999992371,0.0,-50.099999999999994,2025-12,-1.63,-54.29,-1.45,-52.839999999999996,🌑 雙重衰退,⚪ 數據不足
4130.TWO,健亞,30.0499992371,62.60416507729167,7.199999999999999,2025-12,0.1,-56.52,-3.61,-52.910000000000004,🌑 雙重衰退,❌ 暫避觀望
6538.TWO,倉和,74.0,14.509803921568626,76.50000000000001,2025-12,1.15,-87.49,-34.5,-52.989999999999995,🌑 雙重衰退,⚪ 中性觀察
3040.TW,遠見,46.8499984741,31.02648905569536,22.65,2025-12,0.32,-57.53,-4.54,-52.99,🌑 雙重衰退,❌ 暫避觀望
1789.TW,神隆,21.3999996185,47.55555470777778,6.75,2025-12,0.17,-60.47,-7.13,-53.339999999999996,🌑 雙重衰退,❌ 暫避觀望
3138.TW,耀登,192.0,231.32530120481925,12.450000000000001,2025-12,1.5,-51.49,2.05,-53.54,📉 獲利侵蝕,❌ 暫避觀望
4406.TWO,新昕纖,10.5500001907,0.0,-40.95,2025-12,-1.07,-46.58,7.0,-53.58,📉 獲利侵蝕,⚪ 數據不足
2388.TW,威盛,80.0,0.0,-31.5,2025-12,0.12,-93.75,-40.0,-53.75,🔄 轉虧為盈,⚪ 數據不足
6517.TWO,保勝光學,60.9000015259,18.454545916939395,49.5,2025-12,1.63,-55.59,-1.73,-53.86000000000001,🌑 雙重衰退,❌ 暫避觀望
3483.TWO,力致,92.6999969482,11.0095008252019,126.3,2025-12,3.74,-53.89,0.02,-53.910000000000004,📉 獲利侵蝕,⚪ 中性觀察
7734.TWO,印能科技,3150.0,36.98051185724348,1277.7,2025-12,33.5,-26.31,27.91,-54.22,📉 獲利侵蝕,❌ 暫避觀望
2520.TW,冠德,31.1000003815,4.8517941312792505,96.15,2025-12,2.61,-74.55,-20.24,-54.31,🌑 雙重衰退,⚪ 中性觀察
1468.TW,昶和,12.3999996185,247.99999237000006,0.7499999999999998,2025-12,0.21,-77.66,-23.26,-54.39999999999999,🔄 轉虧為盈,❌ 暫避觀望
5371.TWO,中光電,80.0,48.78048780487805,24.599999999999998,2025-12,0.95,-54.76,-0.23,-54.53,🌑 雙重衰退,❌ 暫避觀望
1722.TW,台肥,44.9500007629,16.648148430703703,40.5,2025-12,0.95,-52.74,1.81,-54.550000000000004,📉 獲利侵蝕,❌ 暫避觀望
6531.TW,愛普*,792.0,68.9295039164491,172.34999999999997,2025-12,7.74,-20.47,35.16,-55.629999999999995,📉 獲利侵蝕,❌ 暫避觀望
3552.TWO,同致,61.2000007629,46.363636941590904,19.8,2025-12,0.67,-56.49,-0.85,-55.64,🌑 雙重衰退,❌ 暫避觀望
6856.TWO,鑫傳,51.5999984741,9.433272115923216,82.05000000000001,2025-12,2.62,-36.41,19.24,-55.64999999999999,📉 獲利侵蝕,⚪ 中性觀察
2028.TW,威致,18.7999992371,28.4848473289394,9.899999999999999,2025-12,0.28,-72.16,-16.5,-55.66,🌑 雙重衰退,❌ 暫避觀望
6438.TW,迅得,182.0,12.771929824561404,213.75,2025-12,5.24,-29.85,26.29,-56.14,📉 獲利侵蝕,⚪ 中性觀察
2634.TW,漢翔,50.0,39.682539682539684,18.9,2025-12,0.78,-66.09,-9.88,-56.21,🌑 雙重衰退,❌ 暫避觀望
3675.TWO,德微,234.0,38.80597014925374,90.44999999999999,2025-12,2.67,-66.46,-9.88,-56.57999999999999,🌑 雙重衰退,❌ 暫避觀望
2643.TWO,捷迅,68.0,4.628999319264806,220.35,2025-12,6.3,3.11,59.7,-56.59,⚠️ 獲利稀釋,⚪ 中性觀察
2367.TW,燿華,67.8000030518,25.204462101040896,40.35,2025-12,0.68,-69.2,-12.33,-56.870000000000005,🌑 雙重衰退,❌ 暫避觀望
3376.TW,新日興,222.5,48.056155507559396,69.45,2025-12,1.63,-76.51,-19.54,-56.970000000000006,🌑 雙重衰退,❌ 暫避觀望
1584.TWO,精剛,0.0,0.0,0.0,2025-12,0.44,-66.92,-9.94,-56.980000000000004,🌑 雙重衰退,⚪ 數據不足
4561.TWO,健椿,34.5999984741,26.015036446691727,19.950000000000003,2025-12,0.66,-79.88,-22.51,-57.36999999999999,🌑 雙重衰退,❌ 暫避觀望
2616.TW,山隆,15.1000003815,0.0,-227.10000000000002,2025-12,-6.25,-82.6,-24.55,-58.05,🌑 雙重衰退,⚪ 數據不足
2235.TWO,謚源,32.2999992371,15.093457587429906,32.1,2025-12,0.95,-64.42,-6.01,-58.410000000000004,🌑 雙重衰退,❌ 暫避觀望
5907.TW,大洋-KY,5.6300001144,0.0,-157.95,2025-12,-4.55,-73.66,-14.95,-58.709999999999994,🌑 雙重衰退,⚪ 數據不足
3224.TWO,三顧,49.7000007629,0.0,-54.0,2025-12,-1.53,-51.49,7.24,-58.730000000000004,📉 獲利侵蝕,⚪ 數據不足
2739.TW,寒舍,35.1500015259,6.960396341762377,75.75,2025-12,2.36,-56.22,2.72,-58.94,📉 獲利侵蝕,⚪ 中性觀察
6725.TWO,矽科宏晟,377.5,0.0,0.0,2025-12,12.98,-38.12,21.02,-59.14,📉 獲利侵蝕,⚪ 數據不足
6863.TW,永道-KY,106.0,10.037878787878789,158.39999999999998,2025-12,3.0,-73.47,-14.3,-59.17,🌑 雙重衰退,⚪ 中性觀察
3006.TW,晶豪科,167.5,0.0,-76.05000000000001,2025-12,0.87,-51.41,8.08,-59.489999999999995,🔄 轉虧為盈,⚪ 數據不足
2201.TW,裕隆,27.8500003815,10.509434106226413,39.75000000000001,2025-12,0.93,-75.14,-15.65,-59.49,🌑 雙重衰退,⚪ 中性觀察
3531.TWO,先益,23.5499992371,0.0,-9.6,2025-12,0.3,-77.78,-18.09,-59.69,🔄 轉虧為盈,⚪ 數據不足
7770.TWO,君曜,51.9000015259,0.0,0.0,2025-12,3.0,-47.4,12.79,-60.19,📉 獲利侵蝕,⚪ 數據不足
3141.TWO,晶宏,51.5999984741,83.22580399048385,9.3,2025-12,0.54,-54.31,7.08,-61.39,📉 獲利侵蝕,❌ 暫避觀望
4306.TW,炎洲,13.5500001907,18.066666920933333,11.25,2025-12,0.26,-79.17,-16.46,-62.71,🌑 雙重衰退,❌ 暫避觀望
3313.TWO,斐成,12.6000003815,0.0,-14.849999999999998,2025-12,-0.35,-132.04,-69.02,-63.019999999999996,🌑 雙重衰退,⚪ 數據不足
1721.TW,三晃,27.25,0.0,-61.349999999999994,2025-12,-1.84,-85.86,-22.39,-63.47,🌑 雙重衰退,⚪ 數據不足
2438.TW,翔耀,23.0,0.0,-79.20000000000002,2025-12,-2.38,-48.37,15.52,-63.89,📉 獲利侵蝕,⚪ 數據不足
6895.TWO,宏碩系統,185.0,24.278215223097114,114.3,2025-12,3.61,41.57,105.62,-64.05000000000001,⚠️ 獲利稀釋,❌ 暫避觀望
3288.TWO,點晶,16.25,0.0,-31.200000000000003,2025-12,-0.64,-74.29,-10.15,-64.14,🌑 雙重衰退,⚪ 數據不足
5426.TWO,振發,19.2999992371,12.138364300062895,23.849999999999998,2025-12,0.52,-47.47,17.01,-64.48,📉 獲利侵蝕,⚪ 中性觀察
6643.TWO,M31,626.0,652.0833333333334,14.399999999999999,2025-12,1.69,-44.41,20.34,-64.75,🔄 轉虧為盈,❌ 暫避觀望
3231.TW,緯創,144.0,6.735266604303087,320.7,2025-12,9.04,43.19,108.39,-65.2,⚠️ 獲利稀釋,⚪ 中性觀察
1323.TW,永裕,20.25,54.72972972972973,5.55,2025-12,0.26,-89.88,-23.91,-65.97,🌑 雙重衰退,❌ 暫避觀望
2611.TW,志信,14.3999996185,287.99999236999975,0.7500000000000007,2025-12,0.52,-68.29,-2.19,-66.10000000000001,🌑 雙重衰退,❌ 暫避觀望
1310.TW,台苯,9.8000001907,0.0,-50.24999999999999,2025-12,-1.37,-90.28,-24.07,-66.21000000000001,🌑 雙重衰退,⚪ 數據不足
3588.TW,通嘉,66.1999969482,46.29370415958042,21.45,2025-12,0.5,-73.51,-7.24,-66.27000000000001,🌑 雙重衰退,❌ 暫避觀望
5309.TWO,系統電,62.7999992371,110.17543725807018,8.55,2025-12,0.27,-57.38,9.13,-66.51,📉 獲利侵蝕,❌ 暫避觀望
3546.TWO,宇峻,70.6999969482,18.36363557096104,57.74999999999999,2025-12,1.97,-64.44,2.09,-66.53,📉 獲利侵蝕,❌ 暫避觀望
3419.TW,譁裕,16.7999992371,0.0,-69.9,2025-12,-1.79,-47.93,18.86,-66.78999999999999,📉 獲利侵蝕,⚪ 數據不足
4943.TW,康控-KY,10.6000003815,0.0,-90.6,2025-12,-1.88,-55.46,11.46,-66.92,📉 獲利侵蝕,⚪ 數據不足
4772.TWO,台特化,327.0,36.013215859030836,136.2,2025-12,4.2,60.92,127.87,-66.95,⚠️ 獲利稀釋,❌ 暫避觀望
3323.TWO,加百裕,36.5499992371,0.0,-79.35,2025-12,-1.92,-76.19,-9.18,-67.00999999999999,🌑 雙重衰退,⚪ 數據不足
6462.TWO,神盾,143.5,0.0,-585.7500000000001,2025-12,-17.51,-56.06,11.11,-67.17,📉 獲利侵蝕,⚪ 數據不足
6224.TW,聚鼎,60.0,20.547945205479454,43.8,2025-12,0.67,-69.96,-2.5,-67.46,🌑 雙重衰退,❌ 暫避觀望
4741.TWO,泓瀚,59.0,210.71428571428572,4.199999999999999,2025-12,0.29,-85.43,-17.82,-67.61000000000001,🔄 轉虧為盈,❌ 暫避觀望
6134.TWO,萬旭,31.5,0.0,-1.5,2025-12,0.12,-45.45,22.25,-67.7,📉 獲利侵蝕,⚪ 數據不足
2066.TWO,世德,48.0999984741,9.058380126949153,79.64999999999999,2025-12,1.34,-77.5,-9.64,-67.86,🌑 雙重衰退,⚪ 中性觀察
3434.TWO,哲固,32.1500015259,18.37142944337143,26.25,2025-12,0.47,-73.65,-5.05,-68.60000000000001,🌑 雙重衰退,❌ 暫避觀望
6234.TWO,高僑,38.25,0.0,-11.850000000000001,2025-12,0.05,-95.24,-26.42,-68.82,🔄 轉虧為盈,⚪ 數據不足
1309.TW,台達化,18.6000003815,0.0,-43.35,2025-12,-1.07,-91.07,-22.22,-68.85,🌑 雙重衰退,⚪ 數據不足
6875.TWO,國邑*,38.0,0.0,-113.39999999999999,2025-12,-2.97,-130.23,-59.86,-70.36999999999999,🌑 雙重衰退,⚪ 數據不足
2014.TW,中鴻,18.0499992371,0.0,-49.05,2025-12,-1.29,-108.06,-37.56,-70.5,🌑 雙重衰退,⚪ 數據不足
6508.TWO,惠光,26.0,24.074074074074073,16.200000000000003,2025-12,0.27,-74.77,-4.08,-70.69,🌑 雙重衰退,❌ 暫避觀望
4109.TWO,加捷生醫,12.25,14.244186046511627,12.9,2025-12,0.43,-80.37,-9.62,-70.75,🌑 雙重衰退,⚪ 中性觀察
1473.TW,台南,23.0,6.571428571428571,52.5,2025-12,0.57,-81.13,-10.32,-70.81,🌑 雙重衰退,⚪ 中性觀察
3226.TWO,龍鋒,41.25,51.56250000000001,11.999999999999998,2025-12,0.24,-95.68,-24.52,-71.16000000000001,🔄 轉虧為盈,❌ 暫避觀望
3003.TW,健和興,56.0999984741,29.526314986368423,28.5,2025-12,0.99,-74.48,-3.28,-71.2,🌑 雙重衰退,❌ 暫避觀望
5450.TWO,南良,14.0,48.27586206896551,4.3500000000000005,2025-12,0.22,-80.53,-8.96,-71.57,🌑 雙重衰退,❌ 暫避觀望
2012.TW,春雨,15.6999998093,23.432835536268655,10.05,2025-12,0.2,-81.05,-9.36,-71.69,🌑 雙重衰退,❌ 暫避觀望
6244.TWO,茂迪,28.4500007629,36.94805293883116,11.550000000000002,2025-12,0.14,-77.05,-5.05,-72.0,🌑 雙重衰退,❌ 暫避觀望
3548.TWO,兆利,0.0,0.0,0.0,2025-12,2.23,-74.46,-1.8,-72.66,🌑 雙重衰退,⚪ 數據不足
4569.TW,六方科-KY,190.0,17.975402081362347,158.55,2025-12,4.13,-47.66,25.19,-72.85,📉 獲利侵蝕,❌ 暫避觀望
6219.TWO,富旺,13.6999998093,0.0,-87.75,2025-12,-0.76,-114.96,-41.94,-73.02,🌑 雙重衰退,⚪ 數據不足
4402.TWO,郡都開發,15.5500001907,0.0,-5.1,2025-12,-0.13,-44.44,28.81,-73.25,📉 獲利侵蝕,⚪ 數據不足
6560.TWO,欣普羅,40.2000007629,0.0,-31.049999999999997,2025-12,-0.16,50.0,123.75,-73.75,⚠️ 獲利稀釋,⚪ 數據不足
2887.TW,台新新光金,23.9500007629,5.635294297152941,63.75,2025-12,1.91,-0.7,73.85,-74.55,📉 獲利侵蝕,⚪ 中性觀察
2434.TW,統懋,30.2000007629,52.0689668325862,8.700000000000001,2025-12,0.02,-85.71,-10.18,-75.53,🌑 雙重衰退,❌ 暫避觀望
4543.TWO,萬在,0.0,0.0,0.0,2025-12,0.53,-74.4,1.33,-75.73,🔄 轉虧為盈,⚪ 數據不足
7743.TWO,金利食安,20.2000007629,15.538462125307694,19.499999999999996,2025-12,0.57,-69.73,6.19,-75.92,📉 獲利侵蝕,❌ 暫避觀望
6620.TWO,漢達,79.9000015259,0.0,0.0,2025-12,4.85,31.64,108.17,-76.53,⚠️ 獲利稀釋,⚪ 數據不足
4763.TW,材料*-KY,44.0999984741,1.2475247093097594,530.25,2025-12,6.1,-92.76,-15.8,-76.96000000000001,🌑 雙重衰退,⚪ 中性觀察
5244.TW,弘凱,44.2999992371,24.611110687277783,26.999999999999996,2025-12,0.51,-79.59,-1.9,-77.69,🌑 雙重衰退,❌ 暫避觀望
2327.TW,國巨*,315.5,6.185061752597529,765.1500000000001,2025-12,11.51,-69.45,9.26,-78.71000000000001,📉 獲利侵蝕,⚪ 中性觀察
2540.TW,愛山林,58.7000007629,23.57429749514056,37.35,2025-12,0.69,-77.63,1.31,-78.94,📉 獲利侵蝕,❌ 暫避觀望
1591.TWO,駿吉-KY,0.0,0.0,0.0,2025-12,-2.75,-122.76,-43.59,-79.17,🌑 雙重衰退,⚪ 數據不足
1449.TW,佳和,14.25,356.2500000000004,0.5999999999999993,2025-12,0.12,-87.21,-7.88,-79.33,🔄 轉虧為盈,❌ 暫避觀望
6735.TWO,美達科技,100.5,0.0,-10.649999999999999,2025-12,0.33,-84.51,-4.81,-79.7,🔄 轉虧為盈,⚪ 數據不足
6451.TW,訊芯-KY,496.0,0.0,-46.050000000000004,2025-12,0.26,-35.0,45.18,-80.18,🔄 轉虧為盈,⚪ 數據不足
4912.TW,聯德控股-KY,90.6999969482,11.997354093677249,113.39999999999999,2025-12,1.98,-70.28,10.44,-80.72,📉 獲利侵蝕,⚪ 中性觀察
4906.TW,正文,38.5999984741,0.0,-20.55,2025-12,-0.25,-116.56,-35.66,-80.9,🌑 雙重衰退,⚪ 數據不足
2338.TW,光罩,51.7999992371,0.0,-190.34999999999997,2025-12,-4.88,-101.09,-20.15,-80.94,🌑 雙重衰退,⚪ 數據不足
6432.TWO,今展科,42.2999992371,64.09090793500002,9.899999999999999,2025-12,0.48,-71.34,10.3,-81.64,📉 獲利侵蝕,❌ 暫避觀望
6113.TWO,亞矽,23.7000007629,0.0,-5.1000000000000005,2025-12,-0.25,-92.31,-10.01,-82.3,🌑 雙重衰退,⚪ 數據不足
1522.TW,堤維西,32.25,7.363013698630137,65.7,2025-12,1.72,-61.33,21.35,-82.68,📉 獲利侵蝕,⚪ 中性觀察
3717.TW,聯嘉投控,22.1000003815,0.0,0.0,2025-12,0.08,-80.0,3.55,-83.55,🔄 轉虧為盈,⚪ 數據不足
6921.TW,嘉雨思-創,99.5,0.0,0.0,2025-12,0.35,-55.26,28.45,-83.71,📉 獲利侵蝕,⚪ 數據不足
6762.TWO,達亞,163.0,75.46296296296296,32.400000000000006,2025-12,0.67,-64.17,19.58,-83.75,📉 獲利侵蝕,❌ 暫避觀望
1611.TW,中電,12.1999998093,53.043477431739134,3.4499999999999997,2025-12,0.03,-94.0,-8.17,-85.83,🌑 雙重衰退,❌ 暫避觀望
3543.TW,州巧,43.4000015259,0.0,-55.95,2025-12,-2.24,-84.96,1.1,-86.05999999999999,📉 獲利侵蝕,⚪ 數據不足
6612.TWO,奈米醫材,69.5999984741,19.27977797066482,54.150000000000006,2025-12,1.09,-54.81,31.54,-86.35,📉 獲利侵蝕,❌ 暫避觀望
1727.TW,中華化,64.9000015259,2163.3333841966664,0.44999999999999996,2025-12,0.04,-92.0,-5.46,-86.54,🌑 雙重衰退,❌ 暫避觀望
3714.TW,富采,73.3000030518,0.0,-130.50000000000003,2025-12,-3.69,-95.74,-9.04,-86.69999999999999,🌑 雙重衰退,⚪ 數據不足
3016.TW,嘉晶,77.0,0.0,-2.25,2025-12,0.07,-92.39,-5.25,-87.14,🔄 轉虧為盈,⚪ 數據不足
3713.TWO,新晶投控,15.8000001907,0.0,-27.9,2025-12,-1.13,-96.23,-8.18,-88.05000000000001,🌑 雙重衰退,⚪ 數據不足
3685.TWO,元創精密,33.2000007629,0.0,-36.9,2025-12,-1.02,-92.45,-4.04,-88.41,🌑 雙重衰退,⚪ 數據不足
3490.TWO,單井,30.8999996185,0.0,-2.850000000000001,2025-12,0.05,-96.99,-8.56,-88.42999999999999,🌑 雙重衰退,⚪ 數據不足
1220.TW,台榮,12.6000003815,9.07925712367864e+17,2.0816681711721685e-16,2025-12,0.08,-93.16,-4.37,-88.78999999999999,🌑 雙重衰退,❌ 暫避觀望
4534.TWO,慶騰,25.8999996185,0.0,-18.3,2025-12,0.01,-91.3,-2.4,-88.89999999999999,🔄 轉虧為盈,⚪ 數據不足
2106.TW,建大,18.2000007629,75.83333651208333,3.6,2025-12,0.13,-90.0,-0.7,-89.3,🌑 雙重衰退,❌ 暫避觀望
6582.TW,申豐,31.7000007629,0.0,-23.249999999999996,2025-12,-0.41,-141.41,-51.86,-89.55,🌑 雙重衰退,⚪ 數據不足
3597.TWO,映興,26.0499992371,49.15094195679245,7.95,2025-12,0.34,-74.05,16.57,-90.62,📉 獲利侵蝕,❌ 暫避觀望
4806.TWO,桂田文創,10.3500003815,0.0,-12.600000000000001,2025-12,-0.34,-70.0,20.96,-90.96000000000001,📉 獲利侵蝕,⚪ 數據不足
6680.TWO,鑫創電子,57.4000015259,0.0,-36.449999999999996,2025-12,-0.29,-106.78,-15.41,-91.37,🌑 雙重衰退,⚪ 數據不足
3035.TW,智原,179.0,23.614775725593667,113.7,2025-12,2.81,-29.75,62.61,-92.36,📉 獲利侵蝕,❌ 暫避觀望
5015.TWO,華祺,23.6000003815,0.0,-10.2,2025-12,0.06,-97.61,-4.99,-92.62,🔄 轉虧為盈,⚪ 數據不足
3594.TWO,磐儀,55.5999984741,0.0,-2.6999999999999993,2025-12,0.49,-63.43,29.3,-92.73,🔄 轉虧為盈,⚪ 數據不足
1906.TW,寶隆,11.9499998093,0.0,-7.95,2025-12,0.01,-96.0,-3.11,-92.89,🔄 轉虧為盈,⚪ 數據不足
6180.TWO,橘子,41.4000015259,100.9756134778049,6.149999999999999,2025-12,-1.53,-112.99,-19.95,-93.03999999999999,🌑 雙重衰退,❌ 暫避觀望
2035.TWO,唐榮,28.0,0.0,-181.2,2025-12,-4.72,-114.55,-21.22,-93.33,🌑 雙重衰退,⚪ 數據不足
3050.TW,鈺德,13.1499996185,0.0,-0.30000000000000027,2025-12,0.04,-92.73,0.72,-93.45,📉 獲利侵蝕,⚪ 數據不足
3147.TWO,大綜,173.5,7.915145985401461,328.79999999999995,2025-12,8.43,-29.4,64.32,-93.72,📉 獲利侵蝕,⚪ 中性觀察
3221.TWO,台嘉碩,50.4000015259,0.0,-1.6500000000000001,2025-12,0.08,-91.75,2.36,-94.11,🔄 轉虧為盈,⚪ 數據不足
1338.TW,廣華-KY,17.1000003815,0.0,-97.5,2025-12,-2.24,-92.04,2.83,-94.87,📉 獲利侵蝕,⚪ 數據不足
7402.TWO,邑錡,129.5,315.8536585365853,6.15,2025-12,0.1,-93.2,2.56,-95.76,📉 獲利侵蝕,❌ 暫避觀望
2719.TWO,燦星旅,30.2000007629,0.0,-11.1,2025-12,-0.15,-111.9,-14.15,-97.75,🌑 雙重衰退,⚪ 數據不足
6982.TWO,大井泵浦,56.5,24.248927038626608,34.95,2025-12,0.06,-97.61,0.3,-97.91,📉 獲利侵蝕,❌ 暫避觀望
4533.TWO,協易機,33.2000007629,97.64706106735294,5.1,2025-12,0.2,-87.1,12.02,-99.11999999999999,📉 獲利侵蝕,❌ 暫避觀望
3465.TWO,進泰電子,34.0,136.00000000000003,3.749999999999999,2025-12,0.04,-94.87,5.68,-100.55000000000001,🔄 轉虧為盈,❌ 暫避觀望
6160.TWO,欣技,16.8500003815,0.0,-33.300000000000004,2025-12,-1.19,-108.77,-7.95,-100.82,🌑 雙重衰退,⚪ 數據不足
3481.TW,群創,25.6000003815,121.90476372142857,3.15,2025-12,0.03,-96.3,4.72,-101.02,📉 獲利侵蝕,❌ 暫避觀望
6698.TW,旭暉應材,32.6500015259,0.0,-67.35000000000001,2025-12,-1.65,-72.63,29.86,-102.49,📉 獲利侵蝕,⚪ 數據不足
2646.TW,星宇航空,20.6000003815,23.95348881569767,12.900000000000002,2025-12,0.09,-79.55,23.93,-103.47999999999999,📉 獲利侵蝕,❌ 暫避觀望
5348.TWO,正能量智能,17.0,0.0,-55.949999999999996,2025-12,-1.49,-109.86,-3.8,-106.06,🌑 雙重衰退,⚪ 數據不足
4768.TWO,晶呈科技,538.0,1630.30303030303,4.950000000000001,2025-12,0.39,-86.55,20.89,-107.44,🔄 轉虧為盈,❌ 暫避觀望
4557.TW,永新-KY,53.2000007629,12.75779394793765,62.55,2025-12,-0.67,-106.38,1.42,-107.8,📉 獲利侵蝕,⚪ 中性觀察
6130.TWO,上亞科技,27.6000003815,0.0,-58.35,2025-12,-1.72,-129.33,-20.79,-108.54000000000002,🌑 雙重衰退,⚪ 數據不足
6542.TWO,隆中,52.0,0.0,-8.25,2025-12,0.02,-99.01,10.22,-109.23,🔄 轉虧為盈,⚪ 數據不足
6229.TWO,研通,26.8500003815,0.0,-2.399999999999999,2025-12,0.05,-90.74,19.77,-110.50999999999999,🔄 轉虧為盈,⚪ 數據不足
1569.TWO,濱川,57.2000007629,0.0,-226.35,2025-12,-5.61,-106.61,5.02,-111.63,📉 獲利侵蝕,⚪ 數據不足
3149.TW,正達,45.0,0.0,-111.9,2025-12,-2.86,-106.98,5.53,-112.51,📉 獲利侵蝕,⚪ 數據不足
3528.TW,安馳,75.4000015259,22.987805343262195,49.199999999999996,2025-12,2.3,-44.71,69.32,-114.03,📉 獲利侵蝕,❌ 暫避觀望
2354.TW,鴻準,54.2000007629,9.458987916736474,85.95,2025-12,2.32,-8.3,105.83,-114.13,📉 獲利侵蝕,⚪ 中性觀察
7780.TW,大研生醫*,19.7999992371,2.444444350259259,121.5,2025-12,0.51,-76.4,39.1,-115.5,📉 獲利侵蝕,⚪ 中性觀察
2460.TW,建通,39.4000015259,0.0,-108.3,2025-12,-3.0,-117.65,-0.51,-117.14,🌑 雙重衰退,⚪ 數據不足
2528.TW,皇普,22.5,2.2681451612903225,148.8,2025-12,3.65,12.42,130.3,-117.88000000000001,⚠️ 獲利稀釋,⚪ 中性觀察
3150.TW,鈺寶-創,22.1000003815,85.00000146730768,3.9000000000000004,2025-12,-0.22,-131.88,-12.58,-119.3,🌑 雙重衰退,❌ 暫避觀望
2023.TW,燁輝,14.0500001907,0.0,-64.05000000000001,2025-12,-1.85,-129.63,-8.68,-120.94999999999999,🌑 雙重衰退,⚪ 數據不足
2230.TWO,泰茂,30.0499992371,0.0,-18.75,2025-12,-1.05,-118.67,2.29,-120.96000000000001,📉 獲利侵蝕,⚪ 數據不足
3591.TW,艾笛森,0.0,0.0,0.0,2025-12,-0.34,-132.32,-9.81,-122.50999999999999,🌑 雙重衰退,⚪ 數據不足
2419.TW,仲琦,35.2000007629,0.0,-12.750000000000002,2025-12,-0.36,-125.0,-2.29,-122.71,🌑 雙重衰退,⚪ 數據不足
6494.TWO,九齊,58.2999992371,0.0,-74.4,2025-12,-0.93,-135.36,-11.74,-123.62000000000002,🌑 雙重衰退,⚪ 數據不足
3354.TWO,律勝,30.0,0.0,-35.699999999999996,2025-12,-0.84,-147.06,-22.74,-124.32000000000001,🌑 雙重衰退,⚪ 數據不足
3663.TWO,鑫科,77.4000015259,0.0,-1.2000000000000002,2025-12,-0.08,-117.39,8.52,-125.91,📉 獲利侵蝕,⚪ 數據不足
2231.TW,為升,142.5,0.0,-19.8,2025-12,-1.63,-148.96,-21.77,-127.19000000000001,🌑 雙重衰退,⚪ 數據不足
2024.TW,志聯,14.3999996185,0.0,-3.75,2025-12,-0.06,-137.5,-9.83,-127.67,🌑 雙重衰退,⚪ 數據不足
1583.TW,程泰,48.0,0.0,-399.0,2025-12,-4.83,-142.57,-12.11,-130.45999999999998,🌑 雙重衰退,⚪ 數據不足
3390.TWO,旭軟,27.3500003815,0.0,-30.0,2025-12,-0.55,-138.3,-7.45,-130.85000000000002,🌑 雙重衰退,⚪ 數據不足
3092.TW,鴻碩,34.0999984741,0.0,-208.2,2025-12,-5.14,-147.12,-15.24,-131.88,🌑 雙重衰退,⚪ 數據不足
6693.TWO,廣閎科,155.5,0.0,-48.45,2025-12,-0.09,-102.7,29.21,-131.91,📉 獲利侵蝕,⚪ 數據不足
2425.TW,承啟,30.75,0.0,-35.4,2025-12,-0.32,-130.48,2.17,-132.64999999999998,📉 獲利侵蝕,⚪ 數據不足
1905.TW,華紙,14.25,0.0,-34.35,2025-12,-0.56,-143.48,-9.63,-133.85,🌑 雙重衰退,⚪ 數據不足
2461.TW,光群雷,17.6499996185,0.0,-18.299999999999997,2025-12,-0.61,-138.31,-4.36,-133.95,🌑 雙重衰退,⚪ 數據不足
6243.TW,迅杰,36.3499984741,0.0,-13.499999999999998,2025-12,-0.52,-147.27,-12.93,-134.34,🌑 雙重衰退,⚪ 數據不足
4923.TWO,力士,0.0,0.0,0.0,2025-12,-5.26,-124.23,10.31,-134.54,📉 獲利侵蝕,⚪ 數據不足
6233.TWO,旺玖,29.0,0.0,-6.75,2025-12,-0.16,-141.67,-7.12,-134.54999999999998,🌑 雙重衰退,⚪ 數據不足
6609.TWO,瀧澤科,38.5999984741,0.0,-40.5,2025-12,-1.53,-159.3,-24.27,-135.03,🌑 雙重衰退,⚪ 數據不足
3230.TWO,錦明,39.5,0.0,-54.15,2025-12,-1.6,-146.49,-9.35,-137.14000000000001,🌑 雙重衰退,⚪ 數據不足
3178.TWO,公準,73.5,0.0,-11.549999999999999,2025-12,-0.46,-143.4,-4.4,-139.0,🌑 雙重衰退,⚪ 數據不足
2369.TW,菱生,31.75,0.0,-45.0,2025-12,-1.05,-136.36,3.45,-139.81,📉 獲利侵蝕,⚪ 數據不足
1711.TW,永光,59.5999984741,0.0,-5.7,2025-12,-0.21,-147.73,-7.34,-140.39,🌑 雙重衰退,⚪ 數據不足
3362.TWO,先進光,114.5,0.0,-48.300000000000004,2025-12,-1.08,-140.6,0.9,-141.5,📉 獲利侵蝕,⚪ 數據不足
4419.TWO,皇家美食,46.0,0.0,-51.9,2025-12,-1.45,-101.39,40.53,-141.92000000000002,📉 獲利侵蝕,⚪ 數據不足
6283.TW,淳安,23.2999992371,0.0,-15.9,2025-12,-0.22,-128.95,14.75,-143.7,📉 獲利侵蝕,⚪ 數據不足
1452.TW,宏益,11.8000001907,0.0,-19.8,2025-12,-0.41,-164.06,-20.25,-143.81,🌑 雙重衰退,⚪ 數據不足
7711.TW,永擎,338.5,0.0,0.0,2025-12,13.04,38.44,182.72,-144.28,⚠️ 獲利稀釋,⚪ 數據不足
3272.TWO,東碩,19.5499992371,0.0,-228.3,2025-12,-7.65,-139.68,5.44,-145.12,📉 獲利侵蝕,⚪ 數據不足
7584.TWO,樂意,32.9000015259,0.0,-9.000000000000002,2025-12,-1.98,-152.11,-5.13,-146.98000000000002,🌑 雙重衰退,⚪ 數據不足
2340.TW,台亞,42.9500007629,0.0,-112.5,2025-12,-2.88,-148.28,0.61,-148.89000000000001,📉 獲利侵蝕,⚪ 數據不足
1599.TWO,宏佳騰,25.1499996185,0.0,-27.9,2025-12,-0.84,-169.49,-18.58,-150.91000000000003,🌑 雙重衰退,⚪ 數據不足
6461.TWO,益得,19.7999992371,0.0,-88.2,2025-12,-2.57,18.35,170.31,-151.96,⚠️ 獲利稀釋,⚪ 數據不足
6120.TW,達運,14.3999996185,0.0,-7.65,2025-12,-0.19,-171.43,-18.05,-153.38,🌑 雙重衰退,⚪ 數據不足
6269.TW,台郡,70.0,0.0,-254.54999999999998,2025-12,-6.95,-169.53,-15.48,-154.05,🌑 雙重衰退,⚪ 數據不足
4183.TWO,福永生技,15.25,0.0,-14.85,2025-12,-0.33,-145.21,10.78,-155.99,📉 獲利侵蝕,⚪ 數據不足
2073.TWO,雄順,26.3999996185,0.0,-11.55,2025-12,-0.39,-161.9,-5.8,-156.1,🌑 雙重衰退,⚪ 數據不足
4168.TWO,醣聯,23.7999992371,0.0,-73.2,2025-12,-2.16,0.95,157.54,-156.59,⚠️ 獲利稀釋,⚪ 數據不足
4303.TWO,信立,54.5,1.1907362901463843,686.55,2025-12,11.15,7.63,164.26,-156.63,⚠️ 獲利稀釋,⚪ 中性觀察
4563.TWO,百德,48.5,0.0,-15.450000000000001,2025-12,-2.67,-168.99,-11.44,-157.55,🌑 雙重衰退,⚪ 數據不足
3073.TWO,天方能源,26.1499996185,16.3437497615625,24.0,2025-12,0.0,-100.0,58.33,-158.32999999999998,📉 獲利侵蝕,❌ 暫避觀望
3437.TW,榮創,26.0499992371,0.0,-93.44999999999999,2025-12,-2.65,-181.91,-21.25,-160.66,🌑 雙重衰退,⚪ 數據不足
5481.TWO,新華,21.9500007629,0.0,-29.099999999999998,2025-12,-0.65,-165.22,-0.63,-164.59,🌑 雙重衰退,⚪ 數據不足
1213.TW,大飲,9.1700000763,0.0,-32.7,2025-12,-0.85,-109.76,56.06,-165.82,📉 獲利侵蝕,⚪ 數據不足
5344.TWO,立衛,17.2000007629,0.0,-18.15,2025-12,-0.39,-170.91,-3.53,-167.38,🌑 雙重衰退,⚪ 數據不足
1586.TWO,和勤,22.8500003815,0.0,-23.55,2025-12,-0.35,-178.05,-10.57,-167.48000000000002,🌑 雙重衰退,⚪ 數據不足
6830.TW,汎銓,890.0,0.0,-52.8,2025-12,-0.71,-156.8,10.78,-167.58,📉 獲利侵蝕,⚪ 數據不足
5345.TWO,馥鴻,22.7000007629,0.0,-14.85,2025-12,-0.32,82.98,250.8,-167.82,⚠️ 獲利稀釋,⚪ 數據不足
4950.TWO,金耘國際,16.2000007629,0.0,-18.3,2025-12,-0.36,23.4,191.86,-168.46,⚠️ 獲利稀釋,⚪ 數據不足
2723.TW,美食-KY,65.8000030518,0.0,-55.35000000000002,2025-12,-2.47,-175.3,-4.59,-170.71,🌑 雙重衰退,⚪ 數據不足
1742.TWO,台蠟,16.0499992371,0.0,-42.15,2025-12,-1.08,-222.73,-51.69,-171.04,🌑 雙重衰退,⚪ 數據不足
2726.TWO,雅茗-KY,9.720000267,0.0,-110.7,2025-12,-3.55,-174.64,0.59,-175.23,📉 獲利侵蝕,⚪ 數據不足
6108.TW,競國,18.1000003815,0.0,-43.65,2025-12,-0.88,-194.62,-18.04,-176.58,🌑 雙重衰退,⚪ 數據不足
4562.TW,穎漢,34.5,0.0,-39.15,2025-12,-1.28,-184.44,-7.78,-176.66,🌑 雙重衰退,⚪ 數據不足
6504.TW,南六,40.4000015259,0.0,-79.35000000000001,2025-12,-1.09,-178.42,-1.5,-176.92,🌑 雙重衰退,⚪ 數據不足
2401.TW,凌陽,25.5499992371,0.0,-12.15,2025-12,-0.37,-181.82,-2.04,-179.78,🌑 雙重衰退,⚪ 數據不足
6103.TWO,合邦,39.5999984741,0.0,-42.74999999999999,2025-12,-0.56,-116.47,66.84,-183.31,📉 獲利侵蝕,⚪ 數據不足
4558.TWO,寶緯,19.25,0.0,-27.900000000000002,2025-12,-0.39,-181.25,5.77,-187.02,📉 獲利侵蝕,⚪ 數據不足
2371.TW,大同,31.5,0.0,-60.75,2025-12,-5.2,-183.36,6.12,-189.48000000000002,📉 獲利侵蝕,⚪ 數據不足
2342.TW,茂矽,33.2999992371,0.0,-11.1,2025-12,-0.49,-184.48,7.56,-192.04,📉 獲利侵蝕,⚪ 數據不足
3380.TW,明泰,40.0,0.0,-19.8,2025-12,-0.36,-190.0,4.75,-194.75,📉 獲利侵蝕,⚪ 數據不足
4510.TWO,高鋒,47.0,0.0,-39.900000000000006,2025-12,-1.02,-197.14,-2.21,-194.92999999999998,🌑 雙重衰退,⚪ 數據不足
3060.TW,銘異,29.8999996185,0.0,-15.15,2025-12,-0.39,-186.67,8.85,-195.51999999999998,📉 獲利侵蝕,⚪ 數據不足
1235.TW,興泰,45.9000015259,33.02158383158273,20.85,2025-12,-0.03,-140.0,55.97,-195.97,📉 獲利侵蝕,❌ 暫避觀望
3086.TWO,華義,43.2000007629,0.0,-22.2,2025-12,-0.62,-192.54,5.99,-198.53,📉 獲利侵蝕,⚪ 數據不足
1101.TW,台泥,24.5,0.0,-41.1,2025-12,-1.6,-203.45,-3.11,-200.33999999999997,🌑 雙重衰退,⚪ 數據不足
3710.TWO,連展投控,8.4200000763,0.0,-35.24999999999999,2025-12,-1.48,-208.33,-5.25,-203.08,🌑 雙重衰退,⚪ 數據不足
7740.TW,熙特爾-創,0.0,0.0,0.0,2025-12,4.9,674.7,885.03,-210.32999999999993,⚠️ 獲利稀釋,⚪ 數據不足
6101.TWO,寬魚國際,39.2999992371,0.0,-11.700000000000001,2025-12,-0.19,-170.37,43.01,-213.38,📉 獲利侵蝕,⚪ 數據不足
2426.TW,鼎元,52.2000007629,0.0,-7.65,2025-12,-0.25,-219.05,-2.43,-216.62,🌑 雙重衰退,⚪ 數據不足
4127.TWO,天良,37.75,0.0,-10.200000000000001,2025-12,-0.22,-184.62,32.86,-217.48000000000002,📉 獲利侵蝕,⚪ 數據不足
2482.TW,連宇,17.7999992371,0.0,-45.150000000000006,2025-12,-1.09,-234.57,-16.89,-217.68,🌑 雙重衰退,⚪ 數據不足
3066.TWO,李洲,20.0,0.0,-89.4,2025-12,-1.4,-207.69,10.12,-217.81,📉 獲利侵蝕,⚪ 數據不足
1312.TW,國喬,12.8500003815,0.0,-134.54999999999998,2025-12,-3.97,-181.88,37.74,-219.62,📉 獲利侵蝕,⚪ 數據不足
3535.TW,晶彩科,127.5,0.0,-74.55000000000001,2025-12,-1.07,-255.07,-31.12,-223.95,🌑 雙重衰退,⚪ 數據不足
2431.TW,聯昌,11.5,0.0,-45.45,2025-12,-2.1,-233.33,-7.04,-226.29000000000002,🌑 雙重衰退,⚪ 數據不足
6199.TWO,天品,104.5,454.34782608695645,3.4500000000000006,2025-12,0.31,-48.33,178.46,-226.79000000000002,📉 獲利侵蝕,❌ 暫避觀望
2363.TW,矽統,59.7000007629,14.24821020594272,62.85000000000001,2025-12,1.53,50.0,281.98,-231.98000000000002,⚠️ 獲利稀釋,⚪ 中性觀察
2702.TW,華園,16.0,0.0,-24.0,2025-12,-0.35,-234.62,-2.27,-232.35,🌑 雙重衰退,⚪ 數據不足
5392.TWO,能率,39.5999984741,0.0,-21.599999999999998,2025-12,-0.26,-244.44,-7.8,-236.64,🌑 雙重衰退,⚪ 數據不足
6869.TW,雲豹能源,88.3000030518,0.0,-35.099999999999994,2025-12,-4.2,-150.36,96.9,-247.26000000000002,📉 獲利侵蝕,⚪ 數據不足
4513.TWO,福裕,16.0499992371,0.0,-67.35000000000001,2025-12,-1.79,-265.31,-15.54,-249.77,🌑 雙重衰退,⚪ 數據不足
3545.TW,敦泰,56.2000007629,0.0,-16.95,2025-12,-4.64,-270.99,-17.79,-253.20000000000002,🌑 雙重衰退,⚪ 數據不足
6854.TW,錼創科技-KY創,187.0,0.0,-124.35000000000001,2025-12,-1.02,-276.79,-23.56,-253.23000000000002,🌑 雙重衰退,⚪ 數據不足
2464.TW,盟立,94.0,0.0,-29.849999999999998,2025-12,-0.84,-266.0,-10.95,-255.05,🌑 雙重衰退,⚪ 數據不足
6547.TWO,高端疫苗,48.1500015259,0.0,-25.95,2025-12,-0.86,-258.33,1.24,-259.57,📉 獲利侵蝕,⚪ 數據不足
4131.TWO,浩泰,35.2999992371,0.0,-22.95,2025-12,-0.78,36.07,297.52,-261.45,⚠️ 獲利稀釋,⚪ 數據不足
6167.TWO,久正,0.0,0.0,0.0,2025-12,-0.03,-250.0,13.22,-263.22,📉 獲利侵蝕,⚪ 數據不足
6456.TW,GIS-KY,81.6999969482,0.0,-21.900000000000002,2025-12,-0.79,-269.57,-4.58,-264.99,🌑 雙重衰退,⚪ 數據不足
6958.TW,日盛台駿,19.5499992371,0.0,-78.15,2025-12,-2.38,-280.56,-7.09,-273.47,🌑 雙重衰退,⚪ 數據不足
2061.TWO,風青,15.8500003815,0.0,-48.599999999999994,2025-12,-0.97,-273.08,1.18,-274.26,📉 獲利侵蝕,⚪ 數據不足
6230.TW,尼得科超眾,166.5,0.0,-55.650000000000006,2025-12,-2.44,-264.86,11.94,-276.8,📉 獲利侵蝕,⚪ 數據不足
2392.TW,正崴,38.3499984741,0.0,-194.85,2025-12,-6.62,-281.76,-3.44,-278.32,🌑 雙重衰退,⚪ 數據不足
5468.TWO,凱鈺,18.3999996185,0.0,-15.0,2025-12,-0.65,-246.15,36.88,-283.03000000000003,📉 獲利侵蝕,⚪ 數據不足
2017.TW,官田鋼,9.0200004578,0.0,-15.9,2025-12,-0.56,-300.0,-16.67,-283.33,🌑 雙重衰退,⚪ 數據不足
4956.TW,光鋐,54.2999992371,0.0,-45.60000000000001,2025-12,-0.8,-280.95,4.19,-285.14,📉 獲利侵蝕,⚪ 數據不足
5301.TWO,寶得利,9.0,0.0,-49.2,2025-12,-1.81,-320.93,-35.62,-285.31,🌑 雙重衰退,⚪ 數據不足
2734.TWO,易飛網,17.0499992371,0.0,-52.2,2025-12,-1.42,-286.84,2.6,-289.44,📉 獲利侵蝕,⚪ 數據不足
3432.TW,台端,18.25,0.0,-31.200000000000003,2025-12,-0.87,-64.15,229.42,-293.57,📉 獲利侵蝕,⚪ 數據不足
2002.TW,中鋼,19.5499992371,0.0,-9.75,2025-12,-0.29,-315.38,-12.03,-303.35,🌑 雙重衰退,⚪ 數據不足
6140.TWO,訊達,20.3999996185,0.0,-54.449999999999996,2025-12,-1.93,-287.38,26.96,-314.34,📉 獲利侵蝕,⚪ 數據不足
4939.TWO,亞電,44.75,0.0,-24.9,2025-12,-0.43,-326.32,-8.05,-318.27,🌑 雙重衰退,⚪ 數據不足
3032.TW,偉訓,64.1999969482,0.0,-174.29999999999998,2025-12,-7.93,-272.65,51.16,-323.80999999999995,📉 獲利侵蝕,⚪ 數據不足
5230.TWO,雷笛克光學,18.1499996185,0.0,-63.75,2025-12,-1.35,-338.6,-14.66,-323.94,🌑 雙重衰退,⚪ 數據不足
1418.TW,東華,18.1499996185,0.0,-86.10000000000001,2025-12,-1.29,-373.33,-48.0,-325.33,🌑 雙重衰退,⚪ 數據不足
6988.TW,威力暘-創,14.5,0.0,-22.049999999999997,2025-12,-1.13,-337.5,-10.48,-327.02,🌑 雙重衰退,⚪ 數據不足
4530.TWO,宏易,28.3999996185,0.0,-2.2499999999999996,2025-12,0.34,126.0,455.57,-329.57,🔄 轉虧為盈,⚪ 數據不足
4714.TWO,永捷,16.2000007629,23.14285823271429,10.5,2025-12,-0.54,-245.95,85.08,-331.03,📉 獲利侵蝕,❌ 暫避觀望
6425.TWO,易發,88.8000030518,0.0,-103.8,2025-12,-1.61,-348.39,-16.91,-331.47999999999996,🌑 雙重衰退,⚪ 數據不足
2601.TW,益航,5.5399999619,0.0,-35.699999999999996,2025-12,-1.63,-365.71,-7.78,-357.93,🌑 雙重衰退,⚪ 數據不足
6695.TW,芯鼎,45.4500007629,0.0,-88.35000000000001,2025-12,-1.83,-355.0,10.49,-365.49,📉 獲利侵蝕,⚪ 數據不足
5487.TWO,通泰,28.8999996185,0.0,-25.2,2025-12,-0.53,-381.82,-15.49,-366.33,🌑 雙重衰退,⚪ 數據不足
5011.TWO,久陽,14.6999998093,0.0,-58.35,2025-12,-1.61,-347.22,22.39,-369.61,📉 獲利侵蝕,⚪ 數據不足
2038.TW,海光,15.0500001907,0.0,-1.200000000000001,2025-12,-0.56,-380.0,-8.24,-371.76,🌑 雙重衰退,⚪ 數據不足
6443.TW,元晶,39.5,0.0,-135.9,2025-12,-6.24,-433.33,-59.56,-373.77,🌑 雙重衰退,⚪ 數據不足
1444.TW,力麗,6.3899998665,0.0,-27.450000000000003,2025-12,-0.78,-388.89,-13.99,-374.9,🌑 雙重衰退,⚪ 數據不足
2457.TW,飛宏,25.75,0.0,-58.2,2025-12,-1.48,-410.42,-10.11,-400.31,🌑 雙重衰退,⚪ 數據不足
6916.TW,華凌,19.2000007629,0.0,-49.95,2025-12,-1.44,-406.38,-0.19,-406.19,🌑 雙重衰退,⚪ 數據不足
3229.TW,晟鈦,39.8499984741,0.0,-21.15,2025-12,-0.43,-407.14,13.3,-420.44,📉 獲利侵蝕,⚪ 數據不足
3701.TW,大眾控,78.5999984741,33.44680786131915,35.25,2025-12,-0.38,-445.45,-24.95,-420.5,🌑 雙重衰退,❌ 暫避觀望
6128.TW,上福,20.8999996185,0.0,-265.8,2025-12,-9.56,-431.94,-4.71,-427.23,🌑 雙重衰退,⚪ 數據不足
6240.TWO,松崗,18.75,0.0,-59.25,2025-12,-1.15,-428.57,-1.12,-427.45,🌑 雙重衰退,⚪ 數據不足
4960.TW,誠美材,44.9500007629,0.0,-102.3,2025-12,-2.58,-444.68,-3.18,-441.5,🌑 雙重衰退,⚪ 數據不足
5314.TWO,世紀*,79.5,7.507082152974505,158.85,2025-12,5.56,-69.48,373.32,-442.8,📉 獲利侵蝕,⚪ 中性觀察
3228.TWO,金麗科,183.5,0.0,-76.65,2025-12,-2.03,-491.18,-27.25,-463.93,🌑 雙重衰退,⚪ 數據不足
3207.TWO,耀勝,67.3000030518,0.0,-4.05,2025-12,-0.82,-440.0,26.05,-466.05,📉 獲利侵蝕,⚪ 數據不足
1536.TW,和大,51.7999992371,0.0,-105.6,2025-12,-2.71,-487.14,-17.52,-469.62,🌑 雙重衰退,⚪ 數據不足
6237.TWO,驊訊,41.0499992371,0.0,-71.25,2025-12,-1.52,-462.96,11.69,-474.65,📉 獲利侵蝕,⚪ 數據不足
6785.TWO,昱展新藥,166.0,0.0,-36.6,2025-12,-1.19,-540.74,-52.67,-488.07,🌑 雙重衰退,⚪ 數據不足
6152.TW,百一,15.75,0.0,-58.05,2025-12,-1.47,-539.13,-30.73,-508.4,🌑 雙重衰退,⚪ 數據不足
1762.TW,中化生,28.1499996185,0.0,-107.69999999999999,2025-12,-4.39,-566.18,-40.26,-525.92,🌑 雙重衰退,⚪ 數據不足
2442.TW,新美齊,18.6000003815,2.7678571996279757,100.80000000000001,2025-12,5.24,329.17,880.8,-551.6299999999999,⚠️ 獲利稀釋,⚪ 中性觀察
6742.TW,澤米,43.9000015259,0.0,-64.64999999999999,2025-12,-1.52,-603.33,-20.15,-583.1800000000001,🌑 雙重衰退,⚪ 數據不足
2236.TW,百達-KY,130.0,0.0,-116.39999999999999,2025-12,-6.81,-186.45,423.12,-609.5699999999999,📉 獲利侵蝕,⚪ 數據不足
2349.TW,錸德,13.5500001907,0.0,-13.649999999999999,2025-12,-0.36,-614.29,3.15,-617.4399999999999,📉 獲利侵蝕,⚪ 數據不足
2064.TWO,晉椿,11.6999998093,0.0,-65.85,2025-12,-1.3,-622.22,-3.86,-618.36,🌑 雙重衰退,⚪ 數據不足
3712.TW,永崴投控,21.2999992371,0.0,-736.05,2025-12,-22.85,-601.1,21.99,-623.09,📉 獲利侵蝕,⚪ 數據不足
3268.TWO,海德威,18.1499996185,0.0,-62.24999999999999,2025-12,-1.33,-632.0,-5.19,-626.81,🌑 雙重衰退,⚪ 數據不足
1439.TW,雋揚,27.1000003815,3.737931087103448,108.75,2025-12,3.21,84.48,728.61,-644.13,⚠️ 獲利稀釋,⚪ 中性觀察
4946.TWO,辣椒,122.0,10.562770562770561,173.25,2025-12,3.14,131.69,786.25,-654.56,⚠️ 獲利稀釋,⚪ 中性觀察
2444.TW,兆勁,14.1499996185,0.0,-70.49999999999999,2025-12,-1.9,-691.67,-18.44,-673.2299999999999,🌑 雙重衰退,⚪ 數據不足
6578.TWO,達邦蛋白,16.75,0.0,-21.9,2025-12,-0.96,-700.0,-8.43,-691.57,🌑 雙重衰退,⚪ 數據不足
1301.TW,台塑,51.9000015259,0.0,-55.95,2025-12,-1.58,-731.58,-12.31,-719.2700000000001,🌑 雙重衰退,⚪ 數據不足
3686.TW,達能,17.8999996185,0.0,-13.950000000000001,2025-12,-0.5,-733.33,3.97,-737.3000000000001,📉 獲利侵蝕,⚪ 數據不足
3527.TWO,聚積,62.4000015259,0.0,-56.1,2025-12,-1.84,-757.14,-19.18,-737.96,🌑 雙重衰退,⚪ 數據不足
2405.TW,輔信,16.2000007629,0.0,-7.35,2025-12,-0.2,-766.67,4.47,-771.14,📉 獲利侵蝕,⚪ 數據不足
1598.TW,岱宇,20.1499996185,0.0,-100.2,2025-12,-3.35,-827.91,-15.19,-812.7199999999999,🌑 雙重衰退,⚪ 數據不足
1466.TW,聚隆,17.0499992371,0.0,-28.200000000000006,2025-12,-1.07,-864.29,-11.5,-852.79,🌑 雙重衰退,⚪ 數據不足
4919.TW,新唐,154.0,0.0,-102.75,2025-12,-3.97,-863.46,-4.48,-858.98,🌑 雙重衰退,⚪ 數據不足
2923.TW,鼎固-KY,25.2000007629,0.0,-72.15,2025-12,-3.62,-922.73,-32.33,-890.4,🌑 雙重衰退,⚪ 數據不足
3339.TWO,泰谷,69.0999984741,0.0,-74.25,2025-12,-2.0,-939.13,31.04,-970.17,📉 獲利侵蝕,⚪ 數據不足
5321.TWO,美而快,23.7999992371,0.0,-0.6000000000000003,2025-12,-0.27,-1000.0,-15.99,-984.01,🌑 雙重衰退,⚪ 數據不足
1324.TW,地球,11.5,0.0,-31.349999999999998,2025-12,-0.82,-1011.11,-7.7,-1003.41,🌑 雙重衰退,⚪ 數據不足
6541.TW,泰福-KY,41.2000007629,0.0,-243.75,2025-12,-6.13,32.78,1056.27,-1023.49,⚠️ 獲利稀釋,⚪ 數據不足
6264.TWO,富裔,6.2600002289,0.0,-27.0,2025-12,-0.5,-1080.0,-43.95,-1036.05,🌑 雙重衰退,⚪ 數據不足
4416.TWO,三圓,15.0,0.0,-50.25,2025-12,-0.64,-850.0,259.94,-1109.94,📉 獲利侵蝕,⚪ 數據不足
1314.TW,中石化,7.6799998283,0.0,-31.8,2025-12,-0.78,-1214.29,-34.56,-1179.73,🌑 雙重衰退,⚪ 數據不足
2929.TW,淘帝-KY,6.0500001907,0.0,-32.85,2025-12,-1.68,-1292.86,-17.32,-1275.54,🌑 雙重衰退,⚪ 數據不足
5546.TW,永固-KY,16.8999996185,0.0,-76.95,2025-12,-2.13,-1352.94,-30.78,-1322.16,🌑 雙重衰退,⚪ 數據不足
5272.TWO,笙科,26.3500003815,0.0,-46.349999999999994,2025-12,-1.33,-1377.78,2.86,-1380.6399999999999,📉 獲利侵蝕,⚪ 數據不足
6885.TW,全福生技,23.8999996185,0.0,-110.70000000000002,2025-12,-3.32,-36.67,1548.65,-1585.3200000000002,📉 獲利侵蝕,⚪ 數據不足
2332.TW,友訊,15.25,0.0,-32.55,2025-12,-0.9,-1600.0,-7.14,-1592.86,🌑 雙重衰退,⚪ 數據不足
1326.TW,台化,50.5999984741,0.0,-48.75,2025-12,-0.99,-1750.0,-17.66,-1732.34,🌑 雙重衰退,⚪ 數據不足
6806.TW,森崴能源,26.8500003815,0.0,-1843.1999999999998,2025-12,-60.0,-1744.48,32.68,-1777.16,📉 獲利侵蝕,⚪ 數據不足
3541.TWO,西柏,24.0499992371,0.0,-37.65,2025-12,-0.83,-1950.0,11.77,-1961.77,📉 獲利侵蝕,⚪ 數據不足
1447.TW,力鵬,5.2100000381,0.0,-30.750000000000004,2025-12,-0.97,-2425.0,-20.0,-2405.0,🌑 雙重衰退,⚪ 數據不足
2722.TW,夏都,24.3999996185,0.0,-18.9,2025-12,-0.49,-2550.0,-9.87,-2540.13,🌑 雙重衰退,⚪ 數據不足
1595.TWO,川寶,55.0999984741,0.0,-82.5,2025-12,-1.95,-3800.0,-21.77,-3778.23,🌑 雙重衰退,⚪ 數據不足
1710.TW,東聯,13.6000003815,0.0,-30.0,2025-12,-1.01,-5100.0,-6.44,-5093.56,🌑 雙重衰退,⚪ 數據不足
3499.TWO,環天科,16.7000007629,0.0,-54.3,2025-12,-1.3,-6600.0,-18.27,-6581.73,🌑 雙重衰退,⚪ 數據不足
3064.TWO,泰偉,19.2000007629,0.0,-129.14999999999998,2025-12,-3.51,-7120.0,-29.69,-7090.31,🌑 雙重衰退,⚪ 數據不足
2239.TW,英利-KY,23.75,0.0,-279.15,2025-12,-7.87,-8644.44,-11.17,-8633.27,🌑 雙重衰退,⚪ 數據不足
6552.TW,易華電,31.9500007629,0.0,-310.50000000000006,2025-12,-14.35,-9068.75,-26.56,-9042.19,🌑 雙重衰退,⚪ 數據不足
1455.TW,集盛,9.0600004196,0.0,-37.2,2025-12,-0.99,-10000.0,-34.21,-9965.79,🌑 雙重衰退,⚪ 數據不足
6533.TW,晶心科,253.5,0.0,-389.8499999999999,2025-12,-8.2,-20600.0,7.0,-20607.0,📉 獲利侵蝕,⚪ 數據不足
3629.TWO,地心引力,16.7000007629,0.0,-32.25000000000001,2025-12,-0.65,38.1,24824.59,-24786.49,⚠️ 獲利稀釋,⚪ 數據不足
4745.TWO,合富-KY,17.9500007629,0.0,-80.55,2025-12,-3.18,-31900.0,-29.49,-31870.51,🌑 雙重衰退,⚪ 數據不足
