股票代號,前第5天,前第4天,前第3天,前第2天,前第1天,後第1天,後第2天,後第3+天,後第4天,後第5天
6153.TW,+1.21%,+3.35%,-0.46%,+1.16%,-2.30%,+0.71%,+2.80%,+1.36%,-0.67%,+0.68%
8261.TW,+0.95%,+4.95%,+2.25%,+0.00%,+0.22%,+0.22%,+2.84%,+2.13%,+1.46%,+1.85%
6205.TW,+0.19%,+0.19%,+8.37%,+1.40%,-2.42%,+4.26%,+1.53%,-2.35%,+1.03%,-1.36%
1789.TW,+1.13%,+1.73%,+0.60%,-0.89%,+0.90%,-2.49%,+6.42%,+1.92%,+5.45%,-1.43%
911608.TW,-2.86%,-3.48%,+0.00%,+6.93%,-6.74%,+8.33%,+0.00%,-2.82%,-5.01%,-8.06%
3044.TW,+0.00%,+1.87%,+1.47%,-0.18%,-0.54%,+1.82%,+2.86%,-1.74%,-0.88%,+1.60%
3011.TW,+0.42%,+0.56%,+0.56%,-0.14%,-1.26%,+2.40%,+1.10%,-0.55%,+0.27%,+0.82%
4961.TW,-1.09%,+0.00%,+1.00%,+1.35%,+0.28%,+1.23%,+2.98%,-1.50%,-0.05%,-0.60%
2012.TW,+0.00%,-1.07%,+0.72%,-0.36%,+0.72%,-0.36%,-0.36%,+0.36%,+0.36%,-1.43%
8114.TW,-3.82%,+3.97%,-0.96%,-0.32%,+0.00%,+0.00%,+0.00%,-1.29%,+1.31%,-0.32%
8028.TW,-0.98%,-0.15%,+0.94%,-0.34%,+0.99%,+0.54%,+0.05%,-0.44%,+1.41%,+6.20%
6443.TW,-0.36%,+0.36%,+0.36%,-1.77%,-0.72%,+2.55%,+9.93%,+10.00%,+3.23%,+3.69%
2748.TW,+0.74%,+0.00%,+0.00%,-0.44%,-0.28%,-0.01%,+1.48%,+2.01%,-0.83%,+0.00%
1802.TW,+0.00%,+0.42%,+0.42%,+0.00%,-0.42%,-0.84%,+2.54%,+1.24%,+0.82%,+0.40%
9938.TW,+2.69%,+2.87%,-2.31%,-2.24%,-0.13%,+2.54%,-2.61%,+0.64%,+1.27%,-0.38%
00635U.TW,+0.16%,-0.69%,+0.43%,+0.37%,+0.48%,+6.92%,-1.88%,+1.36%,+0.20%,+1.39%
2408.TW,-2.64%,+2.32%,-0.38%,-1.39%,-2.18%,-0.26%,+1.97%,+0.90%,+0.00%,+1.92%
2504.TW,+0.80%,+1.86%,-0.26%,+0.39%,-1.04%,-0.92%,+2.12%,+1.17%,+0.39%,+0.26%
2395.TW,-2.65%,-1.73%,+4.28%,+2.17%,-2.60%,+0.49%,-0.72%,+0.49%,+2.42%,+1.89%
3050.TW,+0.65%,+0.39%,+1.15%,-0.63%,-0.89%,-2.83%,+3.57%,+1.15%,-0.88%,+0.38%
6176.TW,+1.01%,+6.31%,+0.47%,-1.24%,-0.79%,-0.48%,+4.63%,-0.30%,-0.46%,+0.61%
2101.TW,+0.94%,+1.12%,+0.00%,+2.57%,-1.79%,-0.55%,+1.65%,-0.72%,-0.55%,+0.00%
1612.TW,+0.87%,+0.12%,+0.12%,+0.25%,-1.11%,+0.50%,+0.62%,+0.99%,-0.49%,+1.10%
6446.TW,-0.58%,+3.99%,+1.14%,+1.47%,+1.45%,-1.31%,+0.20%,+3.73%,-0.73%,-1.18%
2374.TW,+0.26%,+1.29%,+4.07%,+2.93%,-2.14%,-1.46%,+3.45%,-1.90%,+0.49%,-0.72%
1443.TW,+3.48%,+0.19%,-3.36%,+6.18%,+0.00%,+0.00%,+0.00%,-7.27%,-0.98%,+0.99%
2025.TW,+0.56%,-2.22%,+0.00%,-0.57%,+3.43%,-3.87%,+0.57%,-2.86%,+2.35%,-5.17%
6141.TW,+0.37%,+0.61%,+1.21%,-0.60%,+0.00%,+1.20%,+0.95%,+0.00%,+0.24%,-0.35%
5243.TW,+0.36%,+0.00%,-0.55%,+1.28%,+1.08%,+0.89%,+0.35%,-0.88%,+1.42%,-0.18%
2303.TW,+8.97%,+0.78%,+0.39%,+1.55%,-1.53%,+2.33%,-0.38%,+0.76%,+1.13%,-1.49%
4968.TW,+0.49%,-1.22%,+0.49%,-1.96%,-2.12%,+2.68%,+0.25%,-0.12%,+0.50%,-1.61%
2417.TW,+0.00%,-0.30%,+0.80%,-0.60%,-1.40%,+1.12%,+1.41%,-0.99%,+0.00%,+0.50%
2402.TW,-0.67%,+4.39%,-0.65%,-0.33%,-0.98%,+2.64%,-0.32%,-0.32%,+0.00%,-2.59%
2351.TW,+1.22%,+2.62%,+3.73%,-0.57%,-1.71%,+0.00%,+1.16%,+0.38%,+0.57%,+2.84%
2420.TW,+0.12%,+1.49%,+0.98%,-1.21%,-1.47%,+5.99%,+0.00%,+0.94%,+1.86%,+0.11%
911622.TW,+0.00%,+0.00%,+0.00%,+0.00%,-0.80%,+0.00%,+0.00%,+0.00%,+0.00%,+0.00%
8222.TW,+3.98%,+0.85%,+0.42%,+0.00%,-0.21%,+9.89%,+3.07%,-0.37%,-0.75%,+4.89%
2497.TW,+2.83%,-0.96%,-0.83%,+0.14%,+0.56%,+1.25%,+1.92%,+4.04%,-0.65%,-0.39%
2059.TW,-1.05%,+1.53%,+1.74%,+0.23%,-1.59%,-6.24%,+0.25%,+0.00%,+0.98%,+1.46%
3030.TW,-0.91%,+4.72%,+0.44%,-2.63%,-1.12%,-1.25%,+1.27%,+0.68%,+0.11%,-0.79%
1786.TW,-1.06%,+2.51%,+0.17%,-0.35%,-0.35%,-3.34%,+1.45%,+1.08%,+1.06%,-0.70%
9802.TW,+0.39%,+1.36%,-0.38%,-0.19%,-0.77%,+3.10%,-0.19%,+0.75%,+0.00%,-1.50%
3022.TW,+1.15%,+0.51%,-0.50%,-0.63%,-0.89%,-1.03%,+0.91%,+0.00%,+0.64%,+2.55%
5906.TW,+0.92%,+0.00%,-0.45%,-3.20%,+8.96%,+3.46%,-8.79%,-8.26%,+0.00%,-1.00%
00641R.TW,+0.00%,-1.29%,-3.05%,+0.65%,+3.38%,+5.53%,-0.68%,+3.16%,-3.69%,+1.89%
2412.TW,+0.49%,+0.49%,+0.00%,+0.00%,+0.00%,+1.46%,+0.48%,+0.48%,-0.95%,+0.48%
2428.TW,+0.81%,+1.41%,-0.59%,+1.59%,-0.98%,+0.00%,+4.75%,-0.57%,+0.38%,+1.70%
4536.TW,+1.91%,+2.35%,+0.46%,+1.37%,-0.90%,-1.82%,+0.46%,+0.92%,+1.37%,+0.45%
2901.TW,-0.19%,+0.39%,-0.19%,+0.19%,-0.97%,+1.57%,+2.32%,-0.94%,-0.95%,+0.00%
3231.TW,+1.14%,+5.34%,-0.27%,-0.80%,-1.89%,-0.82%,+1.39%,+5.46%,-0.78%,+0.00%
2464.TW,-0.15%,+1.07%,+2.27%,-0.15%,-1.93%,+3.63%,+4.08%,-1.12%,+1.98%,+0.97%
2884.TW,+0.00%,+4.88%,-0.58%,-2.63%,-0.60%,+0.30%,+0.30%,-1.20%,+3.65%,+1.76%
2007.TW,-0.66%,-0.22%,+0.67%,+0.44%,-0.88%,+1.11%,+7.46%,-2.65%,+1.26%,-1.66%
6116.TW,-1.89%,+0.72%,-1.20%,+0.24%,-2.17%,-2.22%,+0.76%,-0.50%,+0.76%,-0.25%
2453.TW,+1.20%,+0.50%,-0.49%,-0.99%,+0.00%,-0.40%,+1.91%,-0.49%,+0.99%,+2.94%
9958.TW,+0.74%,+0.10%,-0.10%,+0.00%,-0.73%,+1.79%,+1.65%,+2.13%,-0.50%,-0.20%
006208.TW,+1.06%,+2.38%,-0.47%,+0.00%,-1.09%,-0.33%,+1.68%,+0.85%,+1.78%,-0.80%
3055.TW,+1.19%,+5.28%,+7.24%,+1.56%,-0.51%,+6.94%,-0.48%,+1.45%,+2.14%,+2.10%
2722.TW,+0.00%,+0.00%,+0.00%,-0.22%,+0.00%,-0.11%,+0.00%,+0.00%,+0.11%,+0.00%
2885.TW,+0.00%,+2.49%,+4.85%,+0.00%,-2.31%,-0.95%,+3.83%,-0.92%,+0.93%,-0.46%
4119.TW,+0.14%,+1.38%,+2.58%,-1.46%,+0.40%,-1.34%,+5.83%,+0.00%,+1.28%,-0.89%
2929.TW,+3.85%,+0.00%,+0.41%,-0.82%,-2.07%,-2.53%,+2.16%,+0.42%,+2.53%,+0.41%
1717.TW,+0.96%,+1.89%,+0.00%,-1.55%,-0.16%,-0.47%,+0.63%,+0.94%,+0.00%,+0.62%
4763.TW,-2.27%,+1.31%,+7.46%,-2.31%,-2.84%,+2.93%,+4.27%,-3.18%,+0.94%,+1.40%
2535.TW,+0.71%,+2.13%,+0.35%,+0.69%,+0.00%,+2.75%,+3.68%,-0.65%,+0.65%,+1.61%
2013.TW,+0.26%,-0.52%,+0.00%,+0.53%,+0.00%,+9.97%,+9.79%,+7.39%,-2.02%,-2.07%
1714.TW,+0.15%,+0.29%,+1.46%,+0.43%,-1.14%,+0.00%,+1.01%,+2.00%,+0.14%,+0.00%
2352.TW,+1.12%,+0.81%,+1.00%,+0.00%,+0.00%,-0.99%,+2.50%,-0.98%,+0.99%,+0.49%
1568.TW,+9.95%,+0.00%,-2.32%,+5.23%,+0.23%,+9.91%,+0.61%,+2.65%,-0.60%,+0.80%
2020.TW,+1.20%,+0.00%,-0.40%,+0.00%,+0.40%,+0.00%,-0.79%,+0.40%,+0.00%,+0.40%
3029.TW,+5.59%,+0.59%,+2.92%,-1.14%,-2.01%,-0.88%,+2.37%,+0.00%,+0.87%,+0.86%
4958.TW,+0.61%,+5.90%,+1.43%,-2.68%,-0.43%,+1.02%,+2.30%,-2.25%,+1.44%,+0.28%
3583.TW,+0.00%,+0.74%,+1.32%,-0.14%,-0.87%,-2.77%,+3.15%,+2.33%,+2.99%,-0.14%
3706.TW,-0.23%,+1.82%,+2.91%,-0.43%,-0.87%,-1.54%,+0.67%,+6.00%,-1.05%,-1.48%
3054.TW,+1.42%,-0.28%,+1.40%,+0.00%,-1.66%,+1.97%,+0.28%,-1.10%,+0.56%,+0.55%
2031.TW,+0.00%,-1.21%,+2.04%,+2.00%,+1.18%,+1.16%,+4.60%,-2.93%,+1.51%,-1.86%
6285.TW,+1.21%,+0.12%,+3.10%,+0.00%,-1.85%,+2.24%,+0.69%,+0.57%,+2.16%,-1.22%
00642U.TW,+1.82%,+4.11%,-0.38%,-2.94%,-1.52%,+1.47%,+1.98%,-2.65%,+2.66%,-2.14%
3576.TW,+3.90%,+1.17%,-1.16%,+0.00%,-0.70%,+1.65%,+3.49%,+2.02%,+4.63%,+4.63%
8112.TW,+0.37%,+0.00%,+0.00%,+0.00%,-0.75%,+2.26%,+0.00%,+1.10%,-0.36%,-0.73%
00633L.TW,+0.50%,+5.06%,-3.96%,+2.90%,-2.89%,+2.24%,+4.83%,-0.84%,+1.65%,-0.30%
1535.TW,+0.38%,+2.47%,+2.59%,-0.18%,-0.54%,+3.45%,+1.05%,+0.17%,-0.52%,+0.87%
4306.TW,+0.00%,+0.43%,+0.00%,+0.00%,+0.85%,+0.42%,+1.67%,-1.23%,-0.42%,-0.42%
8105.TW,+5.98%,-1.28%,-0.78%,-1.31%,+1.59%,+2.61%,-2.80%,+2.36%,+0.00%,-1.02%
1721.TW,-0.89%,-0.90%,+1.82%,+0.89%,+0.00%,+0.44%,+0.44%,+0.44%,+9.61%,-0.40%
1434.TW,-0.70%,+4.42%,+0.00%,+0.17%,-1.35%,+2.05%,+0.17%,+1.01%,+1.33%,+0.82%
2461.TW,+0.00%,+0.00%,+1.57%,+9.65%,-2.11%,-0.36%,+6.86%,-1.01%,-0.34%,-1.37%
8131.TW,+0.80%,+2.13%,+1.56%,+1.03%,-1.02%,+0.26%,+1.79%,+0.00%,+0.25%,+0.75%
00637L.TW,+0.00%,+4.87%,-3.59%,+2.63%,-2.67%,+1.86%,+4.73%,-0.31%,+1.24%,-0.41%
2434.TW,+0.65%,+0.80%,+0.32%,-1.74%,+1.29%,+1.43%,+0.63%,+0.47%,+0.16%,-0.47%
1533.TW,-1.88%,-0.12%,+3.61%,-2.55%,-0.95%,+0.24%,+0.96%,+7.01%,-0.55%,-0.89%
4952.TW,+2.84%,+1.75%,+6.72%,-1.21%,+0.00%,+2.99%,+0.13%,+2.11%,+0.00%,-0.77%
1219.TW,+0.00%,-9.80%,+7.87%,+0.00%,+0.00%,+0.35%,+0.00%,+0.35%,+0.34%,+0.00%
8249.TW,-0.24%,+0.47%,+1.41%,-0.23%,-0.46%,-0.23%,+1.17%,+0.00%,+0.69%,+0.69%
5288.TW,+1.29%,+1.06%,+3.25%,-2.64%,-2.19%,+7.56%,-0.99%,+3.00%,-1.46%,-1.48%
2034.TW,+0.80%,+0.79%,-0.26%,+2.37%,+0.51%,+3.07%,+9.93%,-2.48%,+1.39%,+0.00%
2483.TW,+0.88%,+0.87%,+2.30%,-0.56%,+0.00%,+0.85%,+1.68%,+0.00%,+0.83%,+0.55%
3380.TW,-0.32%,+1.29%,-1.60%,+2.60%,+0.63%,-2.52%,+2.26%,+1.26%,-1.56%,+0.00%
1795.TW,+0.16%,+1.57%,+3.25%,-1.95%,-0.76%,-1.54%,+1.56%,+2.46%,+1.65%,-1.77%
2406.TW,+0.47%,-1.23%,-0.47%,+1.10%,-1.24%,-1.89%,+4.17%,-0.77%,+0.93%,+2.15%
1316.TW,+0.20%,-0.30%,-0.81%,+1.02%,+0.91%,-0.10%,+0.60%,-1.00%,+0.30%,+0.00%
1515.TW,+1.00%,+0.50%,-0.49%,-0.50%,+1.00%,+2.46%,+1.44%,-0.95%,+0.48%,+0.00%
2427.TW,+1.35%,+1.67%,+0.16%,-1.47%,-0.33%,-1.50%,+1.86%,+0.00%,+0.33%,+0.66%
1536.TW,-0.75%,+3.76%,-1.81%,-1.11%,-1.49%,+0.76%,-3.01%,-1.16%,+1.18%,+0.00%
2528.TW,-2.58%,-0.88%,-0.59%,+0.00%,-2.24%,+0.61%,-0.91%,+0.61%,+4.11%,+0.00%
1463.TW,+1.91%,+0.63%,-0.62%,+0.00%,-1.25%,+0.32%,+3.15%,+0.00%,-0.61%,+0.00%
3665.TW,+0.96%,+1.27%,-2.51%,+0.96%,+0.96%,-0.95%,+6.05%,-1.20%,+1.22%,+0.00%
5880.TW,+1.91%,+3.37%,+0.36%,-1.08%,-1.09%,+0.37%,+2.21%,-0.36%,-0.36%,+1.09%
2349.TW,-0.38%,+0.38%,-0.38%,+0.00%,-1.13%,+0.76%,+1.89%,+0.00%,+0.37%,+0.37%
2401.TW,+0.93%,+1.38%,+4.09%,+0.00%,-0.87%,+2.20%,+1.29%,-2.55%,+0.44%,+0.00%
3563.TW,-0.50%,+1.76%,+3.21%,+0.48%,-0.48%,+0.00%,+1.91%,-0.35%,+1.65%,+2.20%
2910.TW,+0.00%,+0.00%,+5.19%,-2.06%,+0.00%,-2.10%,-0.86%,-0.43%,+0.43%,+0.22%
2369.TW,+0.12%,+0.49%,+0.61%,-0.36%,-1.22%,+1.36%,+4.02%,+0.70%,+0.00%,+1.16%
1773.TW,+0.65%,+0.90%,+0.76%,-0.13%,-0.38%,-0.38%,+0.38%,+0.38%,-0.25%,+0.25%
4956.TW,+0.42%,+1.25%,-1.23%,+0.83%,-0.83%,+0.00%,+4.17%,-1.20%,+0.40%,+0.81%
5876.TW,-0.28%,+1.05%,+1.03%,+0.92%,+0.20%,-0.17%,+0.03%,+0.71%,+1.01%,+0.13%
4977.TW,+1.11%,+1.10%,+3.08%,+0.18%,-0.88%,+0.88%,+1.05%,+0.17%,+3.12%,+0.34%
00632R.TW,-2.40%,-1.48%,+0.45%,+0.15%,+0.84%,+0.00%,-2.02%,+0.30%,-1.40%,-0.15%
3704.TW,+1.95%,+0.76%,-1.52%,+0.38%,-2.68%,+1.18%,+8.17%,-0.72%,+2.17%,+3.19%
8213.TW,+0.99%,+1.47%,+0.64%,-0.16%,+0.64%,-1.11%,+1.44%,-0.95%,+0.32%,+3.18%
2845.TW,+0.00%,+2.43%,+0.86%,-0.64%,-0.97%,-0.54%,+2.84%,-0.32%,+0.11%,+0.00%
3266.TW,-1.46%,+0.99%,+2.94%,+1.90%,+0.47%,-2.79%,+0.96%,+2.37%,-0.93%,+0.00%
2812.TW,+0.45%,+3.61%,+0.22%,-0.76%,-0.99%,-0.77%,+2.34%,-0.87%,+0.11%,+0.22%
1324.TW,+0.00%,+0.46%,+0.00%,+2.29%,-1.79%,+0.91%,+0.45%,+0.00%,-0.45%,+0.00%
2867.TW,+0.29%,+1.76%,-1.45%,+0.59%,-1.46%,-1.18%,+2.99%,-1.16%,+0.29%,-0.29%
4906.TW,+0.27%,+3.49%,-2.34%,-0.80%,+0.54%,-3.47%,-1.10%,+2.51%,-1.09%,+0.28%
1712.TW,+0.00%,+0.00%,+0.00%,-1.18%,+0.80%,+0.40%,+2.36%,+0.77%,+0.00%,+0.00%
1203.TW,+0.89%,+0.00%,-0.66%,+1.11%,-0.44%,+0.00%,-0.44%,+0.00%,-0.44%,+0.00%
2002.TW,-0.28%,+0.85%,+1.41%,+1.94%,-1.91%,+2.22%,+2.72%,+0.26%,+0.53%,+0.00%
2478.TW,+0.69%,+0.34%,+0.00%,+0.34%,-0.34%,+0.34%,+0.34%,-0.68%,+0.34%,+0.34%
4532.TW,+0.21%,+0.83%,+2.48%,+2.42%,+0.39%,-0.98%,+1.58%,-0.58%,+0.39%,-0.59%
9136.TW,+0.00%,+2.31%,+2.26%,+2.94%,-3.93%,-1.49%,+0.38%,+1.88%,+4.06%,-1.06%
2897.TW,-1.45%,+2.94%,-0.71%,+0.00%,-2.30%,+0.15%,+4.12%,+0.00%,-0.42%,+0.00%
3557.TW,+0.00%,-0.26%,+0.79%,-1.83%,-1.33%,-1.35%,+4.11%,-1.05%,-1.33%,+2.96%
9939.TW,+0.00%,+1.35%,+3.45%,+0.75%,-0.75%,+0.32%,+1.61%,+0.11%,-0.74%,-0.53%
1718.TW,+0.25%,+0.62%,+0.25%,-1.35%,-1.00%,+0.63%,+2.00%,-1.10%,+0.74%,-0.25%
6491.TW,-4.96%,+0.00%,+1.24%,+1.74%,-3.56%,+1.91%,+0.00%,+1.02%,+0.00%,+1.44%
2484.TW,+4.11%,+0.00%,-1.32%,-0.27%,-0.53%,+0.00%,+2.96%,-0.78%,+2.11%,+3.61%
2520.TW,+0.74%,+2.57%,+5.02%,-1.71%,-0.69%,+2.80%,+0.34%,+0.34%,+0.68%,+0.67%
6166.TW,-1.03%,+2.37%,+1.59%,+0.71%,+0.00%,-0.14%,+3.12%,-0.69%,+3.88%,+2.67%
2102.TW,+0.68%,+0.68%,+0.34%,+1.00%,-0.99%,+0.00%,+1.67%,+1.32%,-0.32%,+0.00%
1338.TW,+0.81%,-0.40%,-3.23%,-1.25%,-1.27%,+2.14%,+1.67%,+1.23%,+1.63%,+0.00%
3023.TW,-1.30%,+0.99%,-2.29%,+1.51%,+1.32%,+3.74%,+2.35%,-1.99%,+0.94%,-1.24%
2106.TW,+2.54%,+1.72%,+0.95%,-0.52%,-1.79%,+0.86%,+0.96%,+0.53%,-0.84%,+1.27%
3694.TW,+0.00%,+2.94%,+1.27%,-1.25%,-2.86%,+0.65%,+1.95%,-0.96%,+3.86%,+2.48%
2312.TW,+1.78%,+1.44%,+0.91%,+0.30%,-1.00%,-0.20%,+6.71%,-0.48%,+0.00%,+2.39%
2208.TW,+1.71%,-0.34%,+0.00%,-0.67%,-0.68%,-1.37%,+3.11%,+0.00%,+0.00%,-1.01%
2028.TW,+0.00%,+0.00%,-3.41%,-4.71%,+0.00%,+1.85%,+7.27%,-3.95%,+2.94%,-2.86%
1909.TW,-0.30%,+1.22%,+0.70%,-0.50%,-0.40%,+2.41%,+1.96%,+0.48%,+0.48%,-0.95%
2348.TW,+0.00%,+0.00%,+0.00%,+0.00%,+0.00%,+0.00%,+0.00%,+0.00%,+0.00%,+0.00%
2104.TW,+1.13%,+2.46%,+0.65%,-1.08%,+0.00%,-0.22%,+1.97%,+0.22%,+0.00%,-0.43%
2880.TW,-1.04%,+3.50%,+1.35%,-0.33%,-2.01%,+1.37%,+2.36%,-1.64%,+1.34%,+1.32%
8476.TW,-0.21%,+3.12%,+0.81%,-1.80%,-0.92%,+4.06%,+2.14%,+0.33%,+0.21%,-0.73%
1339.TW,-0.18%,+0.73%,+3.26%,-1.40%,-1.96%,+1.09%,+0.72%,+2.85%,+0.52%,+1.38%
1605.TW,+0.28%,+0.71%,+1.40%,-0.14%,+0.42%,+0.55%,+3.98%,-0.40%,+3.45%,+1.92%
00648R.TW,+0.23%,-1.13%,-1.88%,+0.42%,+1.96%,-0.14%,-1.10%,+0.74%,-2.30%,+0.47%
3006.TW,+2.45%,+1.29%,-0.18%,+1.28%,-0.54%,+0.00%,+2.17%,+0.18%,+3.00%,+0.17%
1442.TW,-0.60%,+0.91%,+0.90%,+0.00%,-0.60%,+1.20%,+0.00%,-0.89%,+0.60%,+0.89%
3376.TW,+1.24%,+0.82%,-3.66%,+1.27%,-3.33%,-6.47%,+0.46%,+0.00%,-0.92%,-0.46%
1303.TW,+1.26%,+2.85%,+2.08%,+0.68%,-1.01%,+0.85%,+1.18%,+0.50%,+1.99%,+1.14%
3021.TW,-0.43%,-0.87%,+0.88%,+0.44%,+0.00%,-0.87%,+5.70%,-2.90%,+1.28%,-1.69%
2633.TW,+1.75%,+6.30%,+2.38%,+1.50%,-0.15%,-2.89%,-2.37%,-2.03%,+2.47%,-0.08%
1441.TW,-0.45%,+0.60%,+1.80%,+0.44%,-0.29%,+0.15%,+0.59%,+0.15%,+0.29%,+0.00%
2543.TW,-1.23%,+0.62%,-0.25%,+0.00%,+0.00%,+0.62%,+1.36%,+0.00%,-0.24%,-0.12%
1762.TW,+1.28%,+2.90%,+0.24%,+0.12%,+0.24%,+0.73%,+3.99%,-2.21%,+0.48%,-1.30%
2388.TW,-0.67%,-0.34%,+0.78%,-2.11%,-1.14%,+0.57%,+0.57%,+0.00%,+0.00%,-0.45%
1256.TW,+1.69%,+0.00%,-0.42%,+2.09%,+1.64%,-2.02%,+1.65%,+0.00%,-0.81%,+0.00%
3673.TW,+1.47%,-1.45%,+9.12%,-0.67%,-1.22%,+1.51%,+1.35%,-0.13%,-5.75%,+1.28%
1516.TW,+2.38%,+0.00%,+0.47%,+2.31%,-5.43%,+2.15%,+0.23%,-1.87%,+1.67%,-0.23%
3413.TW,+2.64%,+1.35%,+2.00%,+0.39%,+0.52%,+9.97%,+9.89%,+2.14%,+9.65%,+4.31%
2201.TW,+0.90%,+4.44%,+0.85%,-1.01%,-2.04%,-1.74%,+1.95%,+0.69%,+1.03%,+0.68%
1323.TW,+0.21%,+0.64%,+3.61%,+0.41%,-1.22%,-1.24%,+3.77%,+1.41%,+0.00%,-1.39%
1733.TW,-0.36%,+1.32%,+1.30%,-0.12%,-0.35%,-2.00%,+1.20%,+0.59%,+4.13%,-0.91%
8046.TW,-0.16%,+2.84%,-0.61%,+0.15%,-1.85%,+1.26%,+1.09%,+1.53%,-0.60%,+1.06%
1445.TW,+0.11%,+1.46%,-0.11%,-0.44%,-0.78%,-0.45%,+1.24%,+0.33%,+0.11%,+0.00%
1229.TW,+0.54%,+1.35%,+0.53%,-0.53%,-0.80%,+0.54%,+1.07%,-0.26%,+0.00%,+0.27%
2419.TW,-3.46%,+1.44%,+3.77%,+2.05%,-2.45%,-0.46%,-0.46%,+2.30%,+2.25%,+0.66%
2392.TW,+0.00%,+2.30%,+0.47%,-0.59%,-1.30%,+0.12%,+2.04%,-0.59%,+0.47%,+1.29%
3045.TW,+0.40%,+0.40%,-0.10%,-0.30%,+0.00%,-0.50%,+0.91%,+1.50%,+0.49%,-0.98%
00634R.TW,+0.00%,-2.63%,+1.10%,-1.09%,+1.86%,-1.74%,-2.70%,+0.52%,-0.69%,+0.00%
4164.TW,+2.76%,+0.00%,+1.61%,-0.35%,+0.35%,-1.23%,+4.28%,-0.85%,+1.03%,-1.19%
2024.TW,-0.46%,-0.46%,+0.93%,+0.46%,+2.14%,+1.35%,+0.29%,-1.03%,+1.19%,-0.59%
6415.TW,+6.82%,+1.20%,+1.07%,-2.24%,-4.34%,+3.27%,-2.20%,+4.36%,+9.92%,-0.43%
2207.TW,+0.62%,+4.14%,+0.74%,-1.90%,-2.24%,+1.52%,+0.00%,+1.50%,+1.33%,-0.29%
910322.TW,+1.06%,+2.63%,+1.79%,-1.51%,+2.30%,-1.00%,-4.55%,-1.06%,+1.87%,+0.00%
3321.TW,-1.84%,+3.13%,+2.23%,+0.59%,-1.18%,-0.40%,+0.20%,+3.99%,+0.96%,+0.00%
2542.TW,+1.01%,+2.16%,+8.29%,-1.95%,+4.13%,-1.03%,+2.38%,-3.77%,+1.06%,-2.39%
6431.TW,+0.11%,-0.78%,+0.00%,+1.90%,-1.10%,+0.00%,+0.11%,-0.89%,+0.22%,-0.22%
9917.TW,-0.75%,+0.87%,+3.88%,-0.93%,-0.73%,+0.63%,-3.14%,+0.22%,+0.11%,-0.22%
8271.TW,+0.63%,+0.94%,+1.55%,+0.00%,-0.91%,+0.92%,+0.30%,+1.52%,-0.30%,+2.10%
4540.TW,-1.88%,+1.10%,+0.77%,+0.00%,+0.00%,-1.96%,-1.63%,-0.41%,-0.04%,+0.04%
3056.TW,+0.00%,+1.72%,+2.12%,+0.41%,-1.24%,-1.67%,+2.13%,+0.00%,+0.00%,+0.00%
3669.TW,+7.04%,-1.97%,-0.34%,+1.68%,-1.66%,+2.69%,+0.00%,+0.33%,-1.63%,+0.00%
1309.TW,-0.14%,+0.96%,+1.08%,-0.27%,-1.21%,+0.00%,+0.95%,+0.27%,+2.42%,+0.00%
2360.TW,+1.79%,+5.10%,-0.61%,+0.61%,-1.37%,-4.15%,+5.78%,-1.37%,+0.46%,+0.61%
8016.TW,+1.36%,+1.14%,+1.23%,-1.62%,-0.72%,+0.00%,+0.00%,-2.07%,+0.95%,-0.31%
3094.TW,+2.15%,+0.84%,+0.42%,+0.00%,-1.24%,+0.63%,+1.88%,+0.61%,+3.06%,+0.00%
5484.TW,+0.26%,-0.78%,+1.05%,-1.81%,-2.11%,-0.27%,+4.05%,-1.82%,+1.32%,+1.31%
1454.TW,-0.12%,+2.22%,+2.06%,-0.45%,-1.57%,-1.71%,+0.58%,-0.58%,+0.70%,+0.46%
3014.TW,+3.62%,-0.55%,+1.66%,+2.55%,-1.95%,+0.54%,+1.80%,+0.00%,+1.06%,+0.35%
3406.TW,+0.00%,+2.87%,-0.19%,-1.12%,-0.94%,+2.86%,-0.19%,+0.93%,-0.74%,-0.37%
2383.TW,+0.19%,+9.94%,-1.74%,+1.06%,+0.53%,-1.92%,+1.07%,-0.53%,+0.71%,+3.86%
6235.TW,-0.70%,+0.94%,+0.23%,+0.12%,+2.33%,+0.80%,+3.95%,-1.74%,+0.22%,+0.00%
3149.TW,+0.46%,+2.73%,+4.87%,-1.27%,-3.42%,-2.65%,+1.82%,-0.45%,+1.35%,+0.00%
2023.TW,+0.42%,+0.41%,+0.69%,+1.77%,-1.34%,+1.49%,+1.74%,-1.05%,+0.00%,+0.40%
3454.TW,+0.38%,+1.12%,-1.72%,-0.75%,-0.25%,-0.89%,+3.70%,+0.00%,+3.45%,+2.14%
3543.TW,+0.00%,+2.20%,-1.76%,+0.00%,+0.00%,-0.60%,+0.60%,+1.69%,-1.27%,+1.29%
2345.TW,-2.06%,-4.49%,-3.53%,-0.30%,+1.68%,-4.96%,+1.90%,-0.62%,+6.88%,-3.65%
3018.TW,+0.64%,-0.96%,-1.61%,-1.31%,-0.66%,+0.00%,+0.00%,+2.67%,-0.32%,-1.30%
1776.TW,+0.00%,-8.86%,+2.29%,+2.24%,+0.00%,+0.96%,+0.00%,+0.95%,+0.62%,-0.61%
3686.TW,+0.10%,+0.10%,+0.63%,+1.25%,+0.92%,+0.20%,+5.48%,+5.29%,-0.91%,+0.92%
2415.TW,+0.41%,-0.82%,+0.82%,-0.82%,-2.06%,+2.52%,+2.05%,+0.00%,+1.20%,+0.40%
1806.TW,+0.00%,-0.15%,+0.30%,+0.75%,-1.19%,-0.15%,+0.90%,+0.00%,+0.15%,+0.59%
006203.TW,+2.10%,+1.30%,+0.25%,-0.60%,-0.29%,-0.04%,+1.36%,+0.60%,+1.09%,+0.00%
1337.TW,+0.00%,+2.40%,+0.58%,-0.58%,-2.63%,+5.11%,+3.71%,+3.86%,-0.53%,-3.20%
6155.TW,-3.41%,+2.35%,-0.29%,+0.86%,+0.57%,-1.14%,+0.57%,+0.00%,+1.14%,-0.85%
8103.TW,+0.67%,-0.22%,+6.94%,+0.21%,-1.25%,+2.11%,+2.69%,+0.60%,+0.00%,-1.40%
2883.TW,+0.13%,+3.66%,+0.76%,-2.25%,-2.69%,+0.66%,+2.87%,-0.51%,+0.77%,-1.01%
9937.TW,-0.83%,-0.14%,+0.42%,-0.42%,+0.00%,-0.42%,+0.28%,-0.14%,+0.98%,+0.00%
2308.TW,+0.00%,+3.33%,-1.08%,-1.45%,-2.57%,+1.51%,+4.83%,-1.42%,+0.36%,+1.08%
2324.TW,+2.15%,+1.05%,-1.04%,+0.26%,-2.62%,+2.70%,-0.52%,+2.11%,-0.78%,+0.26%
6108.TW,+0.86%,+1.28%,+5.46%,+0.80%,-0.40%,+5.16%,-0.75%,+0.00%,-0.38%,+0.38%
1907.TW,+0.10%,+1.00%,+0.99%,-0.49%,-1.58%,-0.20%,+1.81%,+0.00%,+0.49%,+0.49%
2375.TW,+3.10%,+0.38%,-1.50%,+0.00%,+0.76%,+0.38%,+0.75%,+1.49%,+0.37%,+2.56%
2905.TW,-0.52%,+1.32%,+1.30%,+0.26%,+0.00%,-1.54%,+3.12%,-1.26%,-0.26%,+0.00%
8201.TW,-9.94%,-4.12%,-1.28%,+0.35%,-1.76%,-2.99%,+0.86%,+0.24%,+0.00%,-0.12%
3605.TW,+0.50%,-1.17%,+8.43%,+1.40%,+8.28%,+9.92%,+0.52%,-3.59%,+2.93%,+0.65%
2474.TW,+2.91%,+6.30%,+3.07%,-3.77%,-2.06%,-2.32%,+7.97%,-1.40%,+2.02%,+0.40%
3013.TW,+0.00%,-1.18%,-1.20%,-1.82%,+0.93%,-1.22%,+0.00%,+1.55%,+0.00%,+1.22%
8473.TW,-2.67%,+0.89%,+0.07%,+2.07%,-0.34%,-0.50%,+0.18%,+0.51%,-0.14%,-0.31%
5284.TW,+0.27%,-0.13%,+1.34%,-1.19%,-3.08%,-3.31%,+0.43%,-0.71%,+0.29%,-0.29%
1467.TW,+1.02%,+5.70%,+3.17%,-0.31%,-2.47%,+0.95%,+0.94%,+0.31%,-0.31%,-1.55%
2387.TW,+1.08%,+4.29%,+1.03%,+0.34%,-2.03%,-0.69%,+4.51%,-1.66%,+0.68%,+0.34%
2609.TW,+1.67%,-0.25%,+2.92%,-0.12%,-1.23%,-0.38%,+2.26%,-1.10%,+0.12%,+3.72%
3057.TW,+9.87%,-3.23%,+3.10%,-2.77%,-1.19%,-2.88%,-0.25%,+4.71%,-1.42%,-0.24%
6472.TW,+0.07%,-0.07%,+0.00%,-0.14%,+0.27%,-14.26%,-1.56%,+0.59%,-3.96%,+0.38%
2365.TW,+0.97%,+2.98%,-4.34%,-0.65%,-1.09%,-1.21%,+0.22%,+0.44%,+0.77%,-0.33%
2425.TW,+0.73%,+2.66%,-1.42%,+0.24%,+4.77%,+0.68%,+0.23%,-1.58%,+1.83%,+9.91%
6128.TW,+0.30%,-0.74%,+1.34%,+0.00%,-0.29%,+1.76%,+0.00%,+0.00%,+0.00%,+0.43%
3008.TW,+4.63%,+5.09%,-1.05%,+0.00%,+0.00%,+1.49%,+7.76%,-4.47%,+0.41%,+2.84%
2313.TW,+2.47%,+1.60%,+0.26%,-0.52%,-1.85%,+1.34%,+2.12%,+0.00%,+1.30%,-1.03%
2390.TW,-0.27%,+2.15%,+10.00%,-0.72%,+0.48%,-2.64%,+1.23%,-0.24%,+2.68%,-1.90%
01004T.TW,+0.00%,+0.00%,+0.16%,+0.40%,-0.08%,-0.08%,+0.64%,+0.87%,+0.08%,+0.94%
2723.TW,+1.90%,+2.79%,-0.23%,-3.17%,-0.70%,-2.59%,-1.21%,+1.47%,+2.42%,+1.18%
1589.TW,+0.48%,-0.48%,-1.67%,-0.49%,-2.44%,+4.26%,+4.09%,+0.23%,+0.00%,+0.92%
1435.TW,+0.00%,+0.00%,-1.06%,-1.08%,+1.30%,+0.64%,+0.43%,-0.21%,+0.00%,-1.70%
3048.TW,+0.88%,+1.45%,+0.57%,+0.00%,-0.28%,-1.42%,+2.89%,+1.97%,+4.41%,-0.79%
9945.TW,+0.41%,+4.08%,+3.66%,+4.03%,+2.91%,-2.00%,+2.28%,+0.00%,+3.76%,-1.81%
9904.TW,+4.28%,+9.40%,-2.91%,-1.50%,-2.28%,+2.72%,+0.25%,+1.38%,+2.98%,-0.84%
6282.TW,+0.90%,+5.56%,-1.05%,-1.28%,-0.86%,-2.39%,+1.11%,-0.22%,+1.32%,+1.96%
1312.TW,+0.00%,+2.68%,+3.91%,-1.25%,-0.63%,+2.56%,+2.18%,+0.00%,-1.22%,+0.31%
3049.TW,+3.89%,+1.64%,-0.23%,+0.00%,-0.81%,-2.10%,-1.78%,+1.33%,+4.30%,-1.15%
1537.TW,+0.00%,+1.49%,-3.68%,+0.76%,+0.38%,-1.13%,-0.38%,-1.15%,-0.39%,+1.17%
2515.TW,-0.49%,+1.98%,+0.00%,-0.49%,-0.49%,+0.65%,+0.49%,-0.32%,+0.49%,-0.97%
1723.TW,+1.44%,+1.42%,+6.51%,-2.18%,-0.45%,-1.79%,+3.20%,+0.00%,+2.21%,-0.43%
2727.TW,+0.74%,+2.58%,+0.36%,+0.36%,-2.14%,+4.01%,+0.00%,-1.05%,-0.35%,-0.36%
2465.TW,-2.56%,-2.63%,+0.45%,-1.79%,-1.37%,-0.93%,-0.93%,-0.94%,+2.86%,-1.39%
6531.TW,+0.00%,+0.00%,+0.00%,+0.00%,+0.00%,+0.00%,+0.00%,+0.00%,+0.00%,+0.00%
2457.TW,-0.88%,+1.33%,+5.68%,-2.07%,-1.27%,+2.14%,+2.51%,-0.82%,+2.88%,+5.60%
8926.TW,+0.22%,+1.32%,-0.65%,+0.65%,+0.00%,+0.00%,+0.00%,+0.00%,+0.65%,+2.80%
3028.TW,+0.96%,+0.00%,+1.27%,+0.62%,-0.62%,+0.31%,+0.62%,+0.31%,+0.62%,-0.31%
5515.TW,+0.00%,+0.00%,+0.00%,+0.12%,-0.12%,+0.71%,+0.12%,-0.23%,+1.17%,+0.00%
3481.TW,+1.18%,-0.21%,+2.01%,+0.31%,-3.32%,-2.79%,+2.32%,-2.48%,+0.77%,+0.44%
2409.TW,+0.34%,-2.05%,+3.15%,-2.71%,-2.44%,-1.67%,+4.36%,-1.62%,+2.00%,-1.85%
2033.TW,-0.11%,-0.65%,-0.44%,+0.00%,+0.00%,+2.20%,-1.18%,+0.00%,+0.44%,-0.11%
0050.TW,+0.52%,+2.52%,+0.93%,-0.34%,-0.67%,+0.08%,+2.12%,-0.50%,+1.58%,-0.08%
9955.TW,+1.72%,-0.42%,+1.70%,+1.26%,+0.41%,+9.88%,+0.00%,+0.37%,-1.12%,-0.38%
4526.TW,+0.43%,+0.00%,-0.21%,-0.64%,+0.00%,-0.85%,+0.00%,+0.65%,+0.86%,+0.21%
3090.TW,+0.00%,+0.46%,+0.92%,+1.14%,-1.35%,+0.23%,+0.91%,+0.23%,+0.45%,+0.00%
8374.TW,-0.63%,-0.21%,+1.60%,-0.21%,-0.32%,+0.32%,+0.21%,-0.11%,+2.00%,-0.82%
1410.TW,+2.78%,-1.25%,-0.42%,+0.42%,-1.05%,+0.43%,+1.27%,-1.05%,+1.69%,-0.83%
2301.TW,+5.87%,+2.63%,+1.14%,+4.92%,-2.01%,-4.10%,+6.13%,+1.21%,-0.93%,+0.54%
2382.TW,+2.61%,+2.93%,+1.90%,+1.30%,-3.31%,+2.47%,+0.19%,+0.93%,+1.47%,+0.90%
1711.TW,+0.50%,+0.49%,+1.47%,+0.00%,-0.24%,-2.18%,+1.73%,+2.19%,+0.00%,-0.71%
1102.TW,+0.40%,+3.58%,+1.54%,-1.13%,-2.10%,+0.78%,+3.88%,+0.75%,+0.00%,-0.19%
2032.TW,+0.00%,-0.86%,-0.62%,+1.25%,+0.12%,+1.48%,+9.99%,-2.33%,+2.61%,-1.33%
TXF.TW,+2.52%,+1.37%,-0.76%,+0.05%,-0.88%,+0.19%,+1.94%,+0.09%,+0.88%,+0.24%
6191.TW,+1.52%,-0.75%,+3.33%,+0.00%,+0.00%,+1.02%,+1.88%,+0.43%,+0.28%,+0.00%
8422.TW,+1.25%,+1.85%,+0.61%,+2.11%,-1.47%,+0.30%,-0.30%,-0.90%,+0.60%,+2.70%
3701.TW,+0.00%,-1.40%,-8.62%,+9.95%,+0.00%,-0.35%,+1.42%,+0.00%,+0.00%,+0.00%
4562.TW,+0.53%,+2.37%,-0.19%,+0.19%,-0.40%,+0.00%,+0.43%,-1.06%,+1.03%,-1.02%
5258.TW,-0.35%,+0.70%,+1.74%,-0.99%,+0.35%,+3.41%,+3.33%,+1.29%,+0.32%,+3.56%
3530.TW,+3.52%,+4.76%,+1.30%,+1.36%,+2.44%,+1.23%,-2.41%,+1.24%,+1.22%,-1.21%
1449.TW,-2.31%,-1.82%,+5.56%,-2.63%,+4.50%,-5.17%,+3.45%,-2.64%,-2.17%,-2.03%
3092.TW,-1.50%,+3.82%,+2.21%,+0.00%,-1.08%,+3.27%,+2.46%,+3.44%,+0.66%,+2.97%
1726.TW,+0.56%,+0.14%,+0.14%,+0.00%,+0.42%,+0.14%,+0.00%,+0.14%,+0.69%,+0.41%
2618.TW,+0.29%,+0.87%,-0.57%,+0.58%,-1.44%,+0.87%,+1.16%,+0.86%,-1.42%,-0.29%
2489.TW,+0.33%,+0.00%,+1.95%,+1.28%,-0.95%,-1.59%,+2.27%,-1.90%,+0.65%,+0.32%
3312.TW,+0.16%,+0.49%,+1.15%,+2.91%,+0.00%,-0.94%,+1.59%,+0.00%,-0.78%,-1.57%
2838.TW,+0.79%,+2.56%,+0.33%,+0.00%,-1.41%,+0.11%,+1.97%,+0.00%,+0.32%,+0.21%
3501.TW,+1.91%,+0.94%,+1.03%,-0.72%,-0.21%,+1.14%,+1.22%,-0.91%,+0.92%,-0.20%
8039.TW,+1.16%,+2.86%,+0.00%,+0.83%,-0.28%,+2.49%,+0.54%,-0.40%,+1.35%,+3.05%
8478.TW,+0.00%,+0.00%,+0.00%,+0.00%,+0.00%,+0.00%,-3.81%,+4.46%,+0.00%,+0.00%
6164.TW,-0.31%,-0.41%,+0.52%,+0.00%,-1.75%,+0.00%,+3.25%,+1.63%,-0.10%,+0.60%
3550.TW,+1.28%,+0.00%,+1.26%,+2.07%,-0.81%,-0.82%,+1.24%,+0.00%,+0.82%,-1.21%
6416.TW,+0.38%,+1.69%,-0.65%,+0.50%,+0.69%,+1.18%,-1.47%,+0.00%,+1.05%,+4.53%
3432.TW,+0.00%,+2.24%,+0.44%,+1.31%,+0.43%,-2.58%,+3.08%,+0.43%,+0.00%,-0.43%
1514.TW,+0.00%,+0.38%,+0.75%,+0.00%,-0.62%,+1.12%,+0.49%,+0.00%,+0.98%,+0.12%
6209.TW,+0.68%,+1.02%,+5.39%,+8.63%,+4.12%,+1.13%,-2.51%,+2.01%,-1.97%,-1.15%
4912.TW,+1.33%,-0.36%,+3.72%,-0.12%,+2.20%,-1.59%,+0.00%,-1.96%,+1.65%,+0.35%
3015.TW,+1.23%,+1.94%,+1.19%,+0.94%,-0.93%,+1.64%,+0.92%,+1.83%,+3.37%,+1.30%
3703.TW,-0.52%,+0.00%,+9.72%,+3.81%,+0.00%,+1.38%,-0.45%,-1.36%,+0.46%,+0.46%
1735.TW,+0.00%,+0.00%,+0.00%,+0.43%,-0.43%,+0.43%,-0.43%,+0.43%,+0.00%,-0.43%
1522.TW,+2.59%,-0.84%,+2.33%,+0.62%,-0.82%,+2.90%,+0.60%,+3.01%,-0.39%,-0.98%
6504.TW,+2.46%,+2.05%,-0.67%,-0.68%,-2.72%,+1.40%,+1.38%,-1.70%,+2.77%,-2.02%
6196.TW,+0.47%,+2.11%,+2.06%,-0.22%,-0.23%,+3.61%,+3.49%,+0.84%,+1.04%,+1.45%
3002.TW,-0.93%,+0.00%,-0.94%,+0.48%,+0.00%,+0.00%,-1.42%,+0.48%,-0.96%,-0.48%
4989.TW,+0.00%,+0.00%,+0.00%,+0.00%,+0.00%,+0.00%,+0.00%,+0.00%,+0.00%,+0.00%
6405.TW,+0.29%,+3.47%,+0.56%,+0.00%,-2.22%,+2.84%,-1.10%,+0.56%,+0.28%,+0.83%
2423.TW,+0.00%,+1.18%,-0.29%,-1.46%,+0.00%,-1.18%,+0.90%,+0.00%,+0.00%,-0.59%
1616.TW,+1.20%,+1.18%,+0.47%,-0.23%,-0.93%,-0.71%,+1.90%,+0.23%,-0.46%,-1.63%
3593.TW,+0.24%,-1.69%,+1.84%,+0.84%,-0.24%,+2.99%,+3.49%,-2.25%,-0.92%,-0.12%
2546.TW,-0.68%,+0.00%,+1.37%,+0.00%,+0.00%,+1.69%,+2.99%,-0.97%,+0.33%,+0.00%
1220.TW,+0.47%,-0.94%,+0.00%,+0.48%,-2.84%,+3.41%,-0.47%,+0.00%,+0.00%,+0.00%
1307.TW,+0.29%,+4.20%,-0.42%,-1.39%,+0.14%,+1.13%,+0.56%,+2.78%,+1.22%,-0.40%
4960.TW,-0.54%,+3.26%,+2.37%,+0.26%,-1.79%,-1.57%,+0.80%,+1.05%,+0.78%,+0.00%
3437.TW,+0.57%,+0.57%,+3.00%,+0.73%,-2.71%,-0.37%,+4.10%,-1.08%,+9.96%,-3.13%
6024.TW,-0.17%,+0.34%,+0.86%,+0.34%,+0.51%,+6.59%,+1.27%,-0.63%,+0.16%,+0.31%
2637.TW,+0.28%,+0.56%,+1.12%,+0.00%,-0.28%,-0.70%,+1.26%,-0.28%,-0.14%,+0.42%
1513.TW,+0.00%,+0.29%,-0.59%,+0.30%,+0.00%,+3.83%,+1.42%,-0.56%,-0.28%,+4.52%
1455.TW,-0.87%,-0.33%,+0.88%,-1.32%,-1.00%,-3.48%,+1.40%,-2.06%,+0.94%,+0.23%
3038.TW,-0.33%,+0.11%,+0.77%,+1.96%,-1.17%,+6.69%,+4.15%,+0.00%,+0.49%,+0.48%
8996.TW,+2.06%,+0.90%,+4.00%,-1.82%,-1.09%,+5.28%,-0.10%,+1.67%,-0.41%,+2.38%
8011.TW,+6.53%,-1.89%,-3.85%,+0.00%,+0.25%,-0.25%,-1.00%,+0.25%,+0.00%,+0.50%
2485.TW,-1.81%,+2.02%,+0.00%,-4.32%,+2.45%,-0.74%,-2.04%,+0.57%,+9.96%,-0.85%
3708.TW,+2.31%,+1.94%,+0.00%,-6.01%,-5.72%,-6.79%,+0.38%,+2.29%,+4.10%,-1.79%
1466.TW,+1.97%,+2.89%,-0.31%,+0.31%,+0.31%,-0.93%,+0.63%,-0.63%,+0.00%,-1.26%
00631L.TW,+4.57%,+3.25%,-1.14%,-0.41%,-1.34%,+0.35%,+4.23%,-0.79%,+2.33%,+0.44%
2108.TW,+0.86%,+1.91%,+0.63%,-0.62%,-0.21%,+0.00%,+0.42%,+0.21%,-0.42%,-0.63%
1409.TW,+0.47%,+0.82%,+4.17%,-1.56%,+0.00%,+0.56%,+2.81%,-1.31%,+0.00%,+0.44%
2049.TW,+2.56%,+1.25%,+5.35%,-0.39%,-4.31%,+0.41%,+2.04%,+0.00%,+4.40%,+3.07%
1582.TW,+0.33%,+2.00%,+2.39%,+0.85%,+0.42%,-1.68%,+1.92%,-1.05%,+0.74%,-0.21%
8438.TW,+0.00%,+0.00%,+0.00%,-4.00%,+3.86%,+0.00%,+0.00%,+0.46%,+0.00%,+0.00%
1560.TW,+0.00%,+1.43%,+1.41%,-0.40%,-0.60%,-1.00%,+2.42%,-0.20%,+1.19%,+0.59%
9105.TW,+2.91%,-1.57%,+5.75%,+0.00%,-1.81%,+1.54%,+1.52%,-0.60%,+0.00%,+1.80%
2353.TW,+2.73%,+1.33%,+0.00%,-0.87%,-2.20%,+2.25%,+4.41%,-1.27%,+0.85%,+0.42%
8467.TW,+0.00%,+0.00%,-1.77%,+0.45%,+0.75%,-2.52%,+0.30%,-0.45%,+1.37%,-1.65%
1736.TW,-0.50%,+1.42%,+3.00%,+0.58%,-1.16%,+0.00%,+2.34%,-0.57%,+1.73%,-0.19%
2331.TW,+0.00%,+0.51%,+2.30%,+0.50%,+3.72%,-1.91%,+1.22%,-0.24%,+3.38%,-0.70%
9910.TW,+2.12%,+5.64%,-0.84%,-1.70%,-1.73%,+2.93%,-0.57%,+2.01%,+3.65%,-1.35%
5471.TW,+0.99%,-0.28%,+0.85%,-1.26%,+0.14%,-2.26%,+1.73%,-0.57%,+0.71%,+0.99%
2540.TW,+0.00%,+0.00%,+0.00%,+0.65%,+1.61%,-6.35%,-1.69%,+0.00%,+0.00%,+0.00%
2498.TW,+0.52%,+2.74%,-2.92%,+0.65%,-2.60%,-0.13%,+6.81%,-2.38%,+0.13%,+1.41%
8110.TW,+2.17%,+0.50%,+0.87%,-0.37%,-2.10%,+1.14%,-3.00%,+1.55%,+1.52%,+0.50%
2481.TW,+0.77%,+1.53%,-0.38%,-0.38%,+0.00%,+0.76%,+0.75%,+0.75%,+1.48%,-0.73%
4722.TW,+0.00%,+1.26%,+1.10%,+0.16%,-0.46%,+0.16%,-0.31%,+5.30%,-0.15%,+0.59%
2477.TW,-0.42%,-0.42%,+0.00%,+0.00%,-0.84%,-1.69%,+1.72%,+1.69%,+0.00%,+0.00%
4438.TW,-0.34%,-0.33%,+0.43%,-0.38%,+0.38%,+0.55%,+0.25%,-0.80%,+0.73%,+0.03%
1414.TW,+0.64%,+0.16%,+0.16%,+0.16%,+1.11%,-0.78%,+0.31%,-0.94%,+0.95%,-0.63%
2393.TW,-2.12%,+8.84%,+3.79%,+0.87%,-4.14%,-1.98%,+3.12%,+0.71%,+1.59%,-3.83%
6269.TW,+0.70%,+10.00%,+2.27%,-0.62%,-0.87%,+1.00%,+2.61%,-0.60%,+0.36%,+0.97%
2305.TW,+0.20%,-1.02%,+13.40%,-0.18%,+0.00%,-2.19%,+4.66%,-1.25%,-1.62%,-0.92%
1611.TW,+1.28%,+1.83%,-0.55%,+1.11%,-0.41%,+0.28%,+2.47%,-0.13%,+1.88%,+0.40%
2913.TW,-0.37%,+0.74%,+1.47%,-0.36%,+0.00%,-1.09%,+2.21%,-0.36%,+1.81%,-0.71%
1457.TW,-2.15%,+1.32%,+1.31%,-0.43%,-0.86%,+1.31%,+1.28%,-0.85%,-0.42%,+0.43%
6230.TW,-0.34%,-1.68%,+2.74%,-2.67%,+3.42%,+7.62%,-3.38%,-1.59%,+1.62%,+0.32%
2413.TW,+2.19%,+0.71%,+0.71%,-0.70%,-0.71%,+7.14%,+1.00%,+0.33%,+0.00%,+0.99%
3535.TW,+0.37%,+0.25%,+0.86%,+3.06%,-1.07%,+0.96%,+9.98%,+3.46%,-1.04%,+3.27%
2103.TW,+2.89%,+2.59%,-1.47%,+0.85%,-1.91%,+0.22%,+7.76%,-1.00%,+0.20%,+0.81%
2317.TW,-0.27%,+3.60%,+2.19%,-1.38%,-2.30%,-2.48%,+2.54%,+0.13%,+1.30%,-1.29%
2488.TW,+0.00%,+0.18%,+2.03%,+1.62%,+0.18%,-0.53%,+1.96%,+1.75%,-1.03%,-0.35%
5534.TW,+1.71%,+2.40%,+2.46%,-1.94%,-1.75%,+0.71%,+3.89%,-2.72%,+0.12%,-0.93%
8163.TW,+0.00%,+0.29%,+2.33%,+1.14%,-1.69%,-1.71%,+3.49%,-1.69%,+7.43%,-1.60%
2431.TW,+2.57%,+0.36%,+3.93%,+2.06%,-3.37%,+3.83%,-1.01%,+2.37%,+0.00%,-1.66%
9921.TW,+3.92%,+3.30%,+2.74%,+1.11%,-3.96%,-0.92%,+3.00%,-1.35%,-1.14%,+0.92%
2451.TW,+2.12%,+3.46%,+1.78%,+0.22%,-0.11%,+1.09%,+1.84%,+0.74%,+2.11%,+0.83%
2010.TW,+0.23%,+0.91%,+1.02%,+1.12%,-0.33%,+0.44%,+0.55%,-0.11%,+0.22%,+1.76%
2516.TW,+0.16%,+0.00%,+2.26%,+0.47%,-0.47%,+0.32%,+0.31%,+0.00%,+0.63%,-0.78%
2302.TW,+4.70%,+1.55%,-0.51%,+0.00%,-1.88%,-1.39%,+2.47%,+0.17%,+0.52%,-1.37%
3025.TW,+9.49%,-1.90%,-0.97%,-2.45%,+0.50%,+3.50%,-0.48%,+0.00%,-0.49%,+0.49%
1432.TW,-0.25%,+0.76%,+0.75%,+2.98%,-0.96%,+1.70%,-1.44%,+0.73%,-0.24%,+0.24%
3661.TW,+0.44%,+2.34%,-3.29%,-0.15%,-1.04%,-1.94%,+2.44%,+4.17%,+0.71%,+4.54%
3033.TW,+0.54%,+0.00%,+0.00%,+1.60%,+0.00%,+0.00%,+0.26%,+1.05%,+0.00%,+0.26%
00646.TW,-0.37%,+0.69%,+1.11%,-0.73%,-1.05%,-1.75%,+0.86%,-0.05%,+1.98%,-0.42%
2314.TW,-2.38%,+0.00%,-2.44%,+0.00%,-2.08%,-1.70%,+0.00%,+2.60%,+0.84%,-1.26%
6451.TW,+0.71%,+4.21%,-0.48%,-0.97%,-2.44%,-8.20%,+1.74%,+3.53%,+3.41%,+0.50%
3308.TW,-0.15%,-1.02%,+2.35%,+0.00%,+0.00%,-1.00%,+0.00%,-0.72%,-0.73%,+1.47%
6224.TW,+0.50%,+1.98%,+0.81%,+0.32%,-0.32%,+2.73%,-0.31%,-1.41%,+0.80%,+0.16%
2038.TW,-0.51%,-0.17%,+0.51%,+0.00%,-0.34%,+2.22%,+1.51%,-1.32%,-0.17%,-1.67%
4137.TW,+2.18%,-0.76%,-2.77%,+0.16%,-0.79%,-1.27%,-1.61%,+0.49%,+0.16%,-1.63%
2739.TW,+0.00%,+0.00%,-0.71%,+0.00%,+0.00%,-0.18%,-0.72%,-0.90%,+0.91%,+0.00%
5225.TW,+0.00%,+2.09%,+1.03%,-0.34%,-1.47%,+0.11%,+0.92%,+0.45%,+0.45%,+6.53%
1438.TW,-6.56%,-1.97%,-3.80%,-0.23%,-2.10%,+0.48%,-1.42%,+1.68%,+5.91%,-3.35%
4927.TW,+0.85%,+0.71%,+0.84%,+0.14%,-0.97%,+0.28%,+0.00%,-0.14%,+1.40%,+1.38%
2511.TW,+1.12%,+2.44%,+0.76%,+0.54%,-0.11%,-1.50%,+1.74%,-0.53%,-0.54%,+0.97%
8150.TW,+4.85%,+0.16%,+1.59%,-0.31%,+0.63%,+1.56%,-0.15%,+1.23%,+1.67%,+0.45%
6438.TW,+2.13%,-2.08%,+5.00%,-0.02%,-2.36%,+0.98%,-0.51%,-0.15%,+0.90%,-0.34%
2359.TW,+0.00%,+0.95%,+0.62%,-2.17%,-3.49%,-0.66%,+1.32%,-0.65%,+1.64%,-1.29%
2891.TW,+0.34%,+6.51%,+1.93%,-1.89%,-1.61%,-2.29%,+3.68%,-0.97%,+1.63%,+0.00%
2455.TW,+1.21%,+0.60%,+2.57%,-3.09%,-1.20%,+0.40%,+1.41%,-1.19%,-0.10%,+4.31%
2492.TW,+2.56%,+3.61%,+0.27%,-1.07%,-3.51%,+7.56%,+1.30%,-0.77%,+0.26%,+0.78%
2347.TW,+0.83%,+2.64%,-0.64%,-1.29%,-1.15%,+1.66%,+1.96%,+0.32%,+0.48%,+2.22%
2332.TW,-0.48%,-0.48%,+0.00%,-0.48%,-0.49%,-0.49%,+4.90%,-0.47%,+0.00%,-0.47%
2404.TW,+0.24%,+0.94%,+1.17%,+0.00%,+1.39%,+3.19%,+1.66%,+0.11%,+1.08%,+1.39%
1722.TW,+1.83%,+0.48%,+0.95%,+1.65%,-1.62%,+0.47%,+1.06%,-0.35%,+1.98%,-0.11%
4916.TW,+1.52%,+1.74%,+4.65%,+2.80%,-0.68%,-0.92%,+3.70%,-2.23%,+0.68%,-0.68%
1418.TW,+0.00%,+1.92%,-0.94%,+0.95%,+9.43%,-9.48%,+0.95%,+0.00%,+0.94%,-0.93%
2923.TW,+1.09%,+1.08%,+1.60%,-3.14%,-0.81%,+1.91%,+2.67%,-0.78%,+1.05%,+1.82%
1453.TW,-1.00%,-2.15%,+1.68%,-1.02%,-3.08%,+0.80%,+1.32%,-1.82%,+0.93%,-0.66%
1538.TW,+2.81%,+0.84%,+0.42%,+0.21%,+0.00%,+1.04%,+8.61%,-1.32%,-2.49%,+0.00%
2466.TW,-0.45%,+0.15%,+0.45%,+0.00%,+0.00%,+0.15%,+0.60%,+0.30%,+0.15%,+0.15%
2612.TW,+1.51%,+0.50%,+0.49%,+0.00%,+0.49%,-1.71%,+0.74%,-0.49%,+0.25%,+1.73%
2367.TW,+0.00%,+1.76%,-0.43%,+0.43%,-0.43%,-1.74%,+2.21%,+1.73%,+0.85%,-0.42%
2426.TW,-1.36%,-1.37%,+1.39%,-1.03%,-2.08%,+6.03%,+0.67%,+0.00%,+1.66%,+2.61%
3031.TW,+0.11%,+0.88%,-1.20%,-0.55%,-0.67%,+0.22%,+0.78%,-1.33%,+0.90%,+3.00%
3189.TW,+9.41%,+1.02%,+0.29%,+2.88%,+0.00%,+1.40%,+2.76%,-1.21%,+1.49%,+0.54%
2206.TW,+0.24%,+1.20%,-0.47%,+0.48%,+0.00%,-0.47%,+1.43%,-0.47%,+0.47%,+0.70%
2030.TW,-0.22%,-0.87%,+1.10%,+0.43%,-1.30%,+1.86%,+6.03%,-3.15%,+0.94%,-0.73%
2881.TW,+0.99%,+1.96%,+5.35%,+0.26%,-1.69%,-3.83%,+5.36%,-1.69%,+1.59%,+0.00%
3443.TW,+4.88%,+0.00%,+2.33%,-0.76%,-0.15%,+6.12%,+6.92%,-1.35%,+1.50%,+9.96%
2329.TW,+0.46%,+1.84%,+3.17%,+0.00%,+0.00%,+0.88%,+0.00%,+0.43%,+0.00%,+0.00%
2316.TW,+3.00%,+1.36%,+0.57%,-0.19%,+1.91%,+1.87%,+1.29%,+0.36%,+3.07%,+0.00%
2834.TW,+0.52%,+3.75%,+0.75%,-0.37%,-1.12%,+1.13%,+1.24%,-0.86%,+0.25%,+0.12%
2022.TW,-0.27%,+0.54%,-0.27%,+1.08%,-0.80%,+4.04%,+2.59%,-1.52%,+0.00%,-0.77%
1310.TW,-2.60%,+0.59%,+5.01%,+1.12%,+0.56%,+7.18%,-1.29%,-7.05%,+1.12%,+0.83%
4551.TW,+0.00%,+0.00%,+0.00%,+0.00%,+0.00%,+0.00%,+0.00%,+0.00%,+0.00%,+0.00%
5608.TW,+0.44%,+0.44%,+0.44%,+0.44%,-0.44%,-0.44%,+0.44%,+0.44%,+0.44%,+1.74%
5203.TW,-0.15%,+0.74%,-0.15%,+0.00%,+0.00%,+2.94%,+3.71%,-0.96%,+2.92%,+0.41%
4904.TW,-2.14%,+0.15%,+1.75%,-0.29%,-0.43%,+1.44%,-0.85%,-1.00%,+0.72%,-0.86%
1305.TW,+0.73%,+1.09%,+0.00%,-2.88%,-1.11%,+3.75%,+2.17%,-1.06%,+2.14%,-1.75%
3532.TW,+0.65%,+2.90%,+0.78%,-0.93%,-1.10%,+4.44%,+7.60%,+0.14%,+3.24%,+0.14%
1314.TW,+0.78%,+2.71%,-1.13%,+0.51%,-0.13%,-1.27%,+2.82%,-0.75%,+0.00%,+0.75%
1304.TW,+0.00%,+1.18%,+3.89%,-0.75%,-0.75%,-1.52%,+3.09%,-2.25%,+1.15%,+0.38%
9906.TW,+0.21%,-0.63%,+1.27%,-0.31%,-0.31%,-5.16%,+2.66%,-0.11%,+1.95%,+3.18%
1227.TW,+0.13%,+2.05%,+0.63%,+0.00%,-1.38%,+2.66%,+1.48%,-0.24%,+0.85%,-0.48%
2340.TW,+1.52%,-0.30%,-0.10%,+0.00%,-0.10%,-0.30%,+0.91%,+1.00%,+0.00%,+0.50%
3027.TW,+3.78%,-1.21%,-2.46%,+0.00%,+2.94%,+9.80%,+0.00%,-0.74%,+0.00%,+1.12%
3138.TW,+0.00%,+2.34%,+1.69%,+0.00%,-1.25%,+2.11%,+1.65%,-0.81%,+1.23%,+1.21%
3017.TW,+1.09%,+0.18%,+1.43%,+0.88%,-1.22%,+7.26%,-0.99%,+0.33%,+0.00%,-1.00%
3037.TW,+4.00%,+1.92%,+5.66%,+2.14%,+0.35%,+7.67%,-0.65%,+1.30%,+6.11%,+0.61%
4106.TW,+0.41%,+0.95%,+0.81%,+3.60%,-1.03%,+2.08%,+0.51%,+0.76%,-0.75%,-0.89%
3060.TW,+0.63%,+3.01%,-0.20%,-0.20%,-1.72%,+0.72%,+6.34%,-1.15%,+1.36%,+0.58%
1503.TW,+0.25%,+0.00%,-0.13%,-0.13%,+0.00%,+0.89%,+0.00%,+0.13%,+0.13%,-0.25%
4155.TW,-2.44%,+2.01%,+6.64%,+0.21%,+0.00%,-1.01%,+0.14%,+0.07%,+3.26%,-3.49%
2607.TW,+0.39%,+0.39%,+0.39%,+1.15%,-1.52%,-0.39%,+1.94%,+0.00%,+0.38%,-0.38%
4755.TW,+2.43%,-1.08%,+0.00%,-0.44%,+1.10%,+0.22%,-1.08%,+0.66%,+0.43%,-0.22%
5469.TW,+0.10%,+1.34%,+1.12%,+0.00%,-1.00%,+0.41%,+1.52%,+0.50%,+1.98%,-0.49%
3305.TW,+0.20%,-2.54%,-0.40%,-0.60%,-0.41%,+5.91%,-1.92%,+0.78%,+1.17%,-0.38%
6214.TW,+0.10%,+2.31%,+0.98%,-0.19%,-0.78%,+0.39%,+0.00%,+0.59%,+2.72%,-0.57%
00640L.TW,-0.12%,+2.23%,+5.63%,-1.74%,-6.58%,-17.70%,+0.36%,-5.66%,+7.29%,-3.68%
6552.TW,+1.69%,+0.67%,+0.33%,-0.17%,+0.17%,+0.63%,+1.97%,-0.96%,+0.52%,-0.16%
1216.TW,+2.41%,+0.36%,+0.18%,+1.26%,-2.66%,+2.74%,+0.36%,-0.71%,+1.60%,+0.00%
2887.TW,+0.48%,+2.87%,+1.40%,-1.38%,-1.86%,-1.42%,+4.81%,-0.46%,+0.92%,-1.83%
1471.TW,+0.69%,+0.68%,+2.04%,-0.89%,+0.67%,+10.00%,+9.90%,-1.47%,+0.00%,-0.19%
2493.TW,+0.00%,+3.18%,+1.90%,+0.70%,-1.15%,+2.80%,+1.14%,+0.90%,-0.89%,+0.67%
1590.TW,+9.75%,+3.62%,+0.63%,-2.84%,-1.30%,+4.61%,-0.63%,+1.58%,+7.17%,-2.03%
00638R.TW,+0.35%,-2.24%,+0.76%,-1.16%,+1.63%,-1.82%,-3.48%,+0.47%,-0.65%,+0.38%
1710.TW,+0.00%,+1.04%,+4.65%,-0.25%,+0.25%,-1.73%,+2.51%,-1.72%,+1.75%,+0.98%
6213.TW,+0.43%,+1.29%,+0.85%,+0.42%,+0.21%,+1.04%,+4.13%,+1.19%,+1.96%,-0.58%
9103.TW,+2.27%,+0.00%,+1.11%,+0.00%,+4.40%,+1.05%,-2.08%,-2.66%,+1.09%,+0.00%
1452.TW,+1.42%,+3.02%,+0.90%,-0.45%,-1.35%,-0.46%,+1.60%,+4.05%,-0.43%,-2.17%
2337.TW,+1.17%,-9.91%,-6.39%,+3.01%,-2.65%,-0.82%,+3.02%,+0.80%,-0.79%,+1.33%
6133.TW,-1.47%,-1.00%,-0.50%,+0.00%,-0.51%,+1.52%,+0.00%,+0.50%,-0.50%,+1.00%
3036.TW,+0.74%,+0.73%,+0.00%,+0.87%,+6.32%,+0.41%,+1.21%,+1.33%,-0.79%,+0.93%
3518.TW,-1.44%,-2.55%,-4.49%,+10.00%,+2.85%,-3.64%,-1.44%,+2.01%,+0.00%,-0.54%
2495.TW,+6.06%,-1.43%,-2.32%,+0.89%,-1.18%,-2.68%,+0.31%,+0.91%,+0.00%,-0.91%
6225.TW,+0.00%,-2.86%,-2.61%,-3.02%,-9.69%,+6.13%,+1.08%,-8.93%,+5.10%,+0.00%
1444.TW,-0.11%,+0.80%,+2.71%,+0.33%,+0.00%,-0.22%,+0.00%,-0.33%,+0.11%,-0.33%
0056.TW,+1.57%,+1.22%,-0.09%,+0.65%,-0.46%,-0.09%,+0.74%,+0.37%,+1.24%,+0.59%
8463.TW,+0.99%,+2.21%,+1.44%,+1.66%,-0.70%,-0.23%,+0.94%,+0.00%,+4.90%,-1.56%
2364.TW,-4.49%,+0.00%,+0.00%,+0.00%,-4.12%,+4.29%,-1.76%,+6.59%,+1.12%,+0.00%
2377.TW,-0.70%,-1.53%,-1.79%,+1.82%,-2.26%,+0.98%,+0.36%,+2.17%,-0.71%,+1.30%
1236.TW,+2.42%,-2.36%,+0.97%,-1.44%,+2.43%,-0.47%,-0.95%,+4.09%,-3.00%,+0.00%
2397.TW,-2.23%,-0.68%,+1.72%,-1.58%,+1.84%,+2.59%,-0.33%,+0.88%,-0.44%,-0.77%
1608.TW,+0.00%,+0.77%,-0.46%,+0.61%,+0.46%,+0.00%,+1.67%,-0.75%,+0.60%,-0.45%
2006.TW,+0.00%,+1.20%,+2.37%,+3.48%,-0.56%,+7.04%,+0.26%,-0.79%,+0.00%,+0.00%
3034.TW,+5.74%,+6.98%,-1.45%,-2.94%,-0.76%,+3.44%,+0.00%,-1.85%,+0.38%,+3.37%
3588.TW,+0.00%,+1.09%,-0.54%,+0.91%,-0.72%,+1.99%,+7.28%,-0.66%,+0.00%,+0.33%
4994.TW,+2.14%,-1.40%,-2.27%,-1.89%,+0.00%,-3.40%,+1.23%,-0.45%,+0.00%,+3.34%
2603.TW,+1.79%,+1.75%,+3.88%,+0.00%,-4.56%,+1.74%,+2.99%,-2.90%,+0.85%,+1.69%
3528.TW,+0.19%,+0.94%,+2.06%,+2.56%,+0.71%,+3.01%,+1.20%,-0.85%,+1.54%,+0.17%
1459.TW,+0.31%,+5.80%,-0.96%,-0.97%,+0.00%,-2.84%,+0.40%,-1.01%,+0.41%,-0.30%
3016.TW,-0.37%,+0.00%,+0.00%,+0.38%,-1.12%,+2.27%,+10.00%,+9.76%,+9.82%,+3.07%
6533.TW,-0.03%,+1.22%,-0.15%,+4.79%,-5.00%,-1.62%,-0.19%,-1.46%,+0.12%,+0.66%
9919.TW,+0.89%,+1.32%,-0.43%,+0.87%,+2.16%,-0.85%,+0.43%,-0.43%,-0.43%,+0.00%
1326.TW,+0.00%,+1.85%,+0.70%,+0.00%,-1.95%,+1.13%,+0.42%,-0.14%,+1.82%,-0.27%
1583.TW,+0.83%,+0.33%,+1.15%,+0.98%,-1.29%,+0.98%,+0.81%,-0.48%,+2.09%,+0.16%
4919.TW,+9.96%,+2.01%,+1.64%,-2.59%,+1.33%,+1.97%,+1.45%,+1.43%,-0.47%,+0.31%
6142.TW,-1.13%,+0.38%,+0.57%,-0.38%,+3.61%,-0.37%,+0.74%,+0.36%,+0.55%,+6.69%
2321.TW,+0.53%,+0.00%,+1.06%,+3.68%,+0.00%,+11.17%,-0.46%,+0.00%,-10.55%,+5.13%
2327.TW,+0.39%,+0.38%,+2.11%,+0.00%,-1.69%,+3.82%,+0.55%,+1.10%,+0.00%,-2.53%
1473.TW,+1.33%,-0.66%,-3.44%,-3.56%,-2.27%,+5.67%,+5.64%,-2.47%,+2.27%,+0.78%
6278.TW,+0.00%,+1.65%,+1.27%,+2.86%,-1.04%,-1.93%,+2.33%,-0.17%,+1.23%,+0.35%
3005.TW,+2.58%,+1.01%,+0.25%,+0.00%,+0.99%,+1.23%,-0.24%,+0.73%,-0.24%,+0.48%
2009.TW,-0.63%,+0.32%,+0.63%,-0.47%,-0.16%,+0.79%,+3.15%,-1.07%,+0.93%,+0.15%
2610.TW,+0.45%,+0.90%,+0.89%,-0.88%,-1.33%,+2.25%,+1.76%,-1.73%,+0.00%,+0.00%
2836.TW,+0.96%,+2.13%,-0.81%,+0.12%,-1.05%,-0.47%,+1.30%,+0.12%,-0.35%,-0.12%
2611.TW,+0.14%,+0.68%,+0.00%,+2.71%,-1.85%,+0.13%,-0.13%,+0.00%,+0.81%,-1.47%
2379.TW,+7.42%,-0.48%,+4.51%,+1.52%,-3.33%,+2.02%,+1.86%,-4.46%,+4.07%,-4.60%
1760.TW,+0.00%,+0.00%,+0.00%,+0.00%,+0.00%,+0.00%,+0.00%,+0.00%,+0.00%,+0.00%
3533.TW,-1.27%,+3.43%,-1.66%,+0.42%,-1.68%,+1.71%,+0.84%,-1.67%,+4.24%,-2.03%
6120.TW,-0.35%,-0.93%,+1.18%,-2.33%,-3.58%,+0.37%,+6.04%,-1.86%,+0.59%,+1.06%
2882.TW,+0.15%,+5.71%,+2.49%,+0.00%,-3.24%,-2.23%,+4.71%,-1.77%,+2.50%,+0.27%
6456.TW,-2.81%,+3.47%,+5.70%,-2.65%,-2.83%,+0.89%,+2.33%,+5.96%,-0.61%,-1.23%
4737.TW,-0.39%,+0.78%,+5.00%,-0.73%,+0.37%,-1.65%,+0.00%,-0.93%,+1.70%,-1.11%
5434.TW,-0.57%,+1.72%,+1.50%,+0.19%,+0.00%,+3.33%,+1.79%,+0.00%,+0.35%,+0.00%
3059.TW,-0.97%,+0.39%,+3.11%,+1.32%,-2.23%,+2.28%,+1.86%,-1.09%,+0.18%,+0.55%
9924.TW,+3.16%,+1.36%,-1.23%,-0.23%,-1.82%,+4.39%,-0.33%,+0.67%,+0.00%,-0.33%
4938.TW,-0.81%,+2.04%,+3.74%,+0.39%,-2.18%,+0.00%,+3.01%,-0.51%,+1.41%,-1.01%
1470.TW,-1.07%,+0.54%,-8.06%,+2.05%,-0.86%,+2.02%,+3.68%,+1.64%,+1.08%,+0.00%
3338.TW,+0.66%,+1.30%,+0.43%,+0.85%,+3.81%,+7.96%,-0.76%,+2.48%,+2.60%,-1.45%
3702.TW,+0.80%,+2.38%,+0.78%,-0.77%,+0.62%,-0.62%,+0.93%,-0.62%,+1.24%,+2.29%
6136.TW,-0.22%,+0.44%,+0.00%,+0.22%,+1.55%,+0.87%,+1.72%,-0.64%,+0.64%,-0.42%
2548.TW,+0.20%,+2.92%,+3.41%,-1.28%,+0.56%,+0.55%,+1.10%,-2.18%,-0.56%,-2.80%
00651R.TW,-1.57%,-2.40%,+1.37%,+0.13%,+2.42%,+0.59%,-1.63%,+1.20%,-1.97%,-0.20%
2615.TW,+2.05%,+1.15%,+1.14%,+0.28%,+0.56%,+1.95%,+0.55%,-1.09%,+0.27%,+0.82%
2606.TW,+0.00%,+1.65%,+1.62%,+0.00%,-0.60%,-1.20%,+3.46%,+0.00%,+1.18%,+2.72%
5519.TW,+0.00%,+1.58%,+2.72%,+0.00%,-0.76%,+3.44%,+0.74%,-2.56%,-3.76%,-2.34%
1308.TW,+0.00%,+1.41%,+2.23%,+0.27%,-1.90%,-0.28%,+2.50%,-0.81%,+1.09%,+0.00%
3596.TW,+0.00%,+0.00%,-0.93%,+6.33%,+1.90%,+9.94%,+8.93%,-0.41%,-0.63%,+3.98%
6168.TW,+0.82%,+1.22%,+2.01%,-0.39%,+0.00%,-2.37%,+0.40%,-1.21%,+1.22%,+0.40%
2468.TW,+2.48%,-0.97%,-0.98%,+0.00%,-0.49%,-0.99%,+2.00%,-0.49%,-0.49%,+1.49%
2851.TW,+0.70%,+1.04%,+1.03%,-0.34%,-1.37%,+0.35%,+2.07%,+0.00%,+0.00%,+0.68%
3041.TW,+9.90%,+9.93%,+6.09%,+9.90%,-4.68%,-3.78%,+0.79%,-1.17%,+1.78%,-1.16%
2472.TW,-0.16%,+0.33%,-0.65%,+0.49%,-1.47%,+2.81%,+7.73%,-0.60%,+2.41%,-0.44%
6426.TW,+0.42%,-0.42%,+1.84%,-1.39%,+0.28%,-2.95%,+1.45%,+0.85%,+0.28%,+0.00%
6112.TW,+1.41%,+0.20%,+1.59%,-0.20%,+0.00%,-0.39%,+1.18%,-0.19%,+0.97%,+0.19%
2601.TW,+0.59%,+0.94%,+1.51%,+3.20%,-2.44%,-1.59%,+3.81%,-0.67%,-0.34%,+1.01%
6005.TW,+0.60%,+3.94%,+0.80%,-1.60%,-1.85%,-0.12%,+0.83%,+0.59%,+0.35%,+0.58%
3051.TW,+0.40%,+2.78%,+11.39%,+3.12%,-5.71%,-0.18%,+0.71%,-2.13%,+0.00%,+1.63%
2449.TW,+2.63%,+2.33%,+0.45%,+0.90%,+0.22%,+2.01%,+0.22%,+2.19%,+0.86%,+5.73%
2702.TW,+0.66%,+0.00%,+0.00%,-0.33%,+0.00%,-0.66%,+0.33%,+1.32%,+0.33%,+0.00%
2616.TW,+0.22%,+0.00%,+1.53%,+0.22%,+0.00%,+0.86%,+1.49%,+0.00%,+0.42%,+0.00%
3167.TW,+0.78%,+0.97%,+0.38%,+0.38%,-0.76%,+0.96%,+0.38%,+0.00%,+2.85%,+0.18%
2892.TW,+2.08%,+2.71%,+0.99%,-0.98%,-1.65%,+1.68%,+1.32%,-1.30%,+0.66%,+0.98%
2889.TW,+1.14%,+2.12%,+0.42%,+0.69%,-1.37%,-0.14%,+2.92%,-0.27%,-0.14%,+0.00%
2014.TW,-3.24%,+0.98%,+5.65%,+2.95%,+0.72%,+5.69%,+2.19%,-2.97%,+1.53%,-1.34%
2438.TW,+0.00%,+0.00%,+0.34%,-0.34%,-0.34%,+3.38%,-0.33%,-0.66%,+0.00%,+0.33%
2231.TW,-0.91%,-0.26%,+3.68%,-1.01%,-1.79%,-3.00%,+0.27%,+4.83%,-0.13%,-0.38%
2354.TW,-1.14%,+4.93%,+1.41%,-0.31%,-0.93%,-2.19%,+2.88%,-0.16%,+1.09%,-1.69%
6541.TW,-3.34%,+2.47%,+3.86%,-0.47%,-2.33%,-1.92%,-1.95%,+1.25%,+9.09%,+0.00%
1904.TW,+0.00%,+0.46%,+0.46%,-0.91%,-0.46%,+1.39%,+2.28%,+0.00%,+0.00%,+0.45%
1512.TW,-0.76%,+0.58%,-2.10%,-0.39%,+0.00%,-2.35%,+4.21%,-2.88%,+1.19%,-0.98%
3062.TW,-3.36%,-1.86%,-0.95%,+1.19%,-1.89%,-3.37%,+2.74%,+0.73%,-0.48%,+0.48%
9929.TW,-1.70%,-1.73%,-2.46%,-0.36%,+0.36%,+0.00%,+0.72%,-3.23%,+0.00%,+0.74%
3043.TW,-0.38%,-9.89%,-0.84%,+1.28%,+2.52%,+3.69%,+8.30%,+9.49%,+6.67%,+2.81%
3416.TW,+0.00%,+0.38%,-1.70%,+0.19%,-0.77%,-1.35%,+0.78%,-0.78%,+0.98%,+1.55%
2115.TW,-0.39%,+0.52%,+5.96%,-2.44%,+0.00%,+0.25%,+2.25%,+7.09%,-2.63%,+0.59%
4142.TW,+0.00%,+2.97%,+1.78%,+0.00%,+5.68%,-2.69%,+0.85%,-0.63%,+1.69%,-1.04%
5388.TW,+1.10%,-1.82%,+1.11%,-1.47%,+0.37%,+0.37%,+0.25%,-0.61%,+2.72%,-1.32%
1541.TW,+6.73%,+9.83%,-1.75%,-0.99%,+0.00%,+10.00%,+2.55%,+2.30%,-0.87%,-2.10%
2530.TW,+2.56%,+0.62%,+1.55%,+0.61%,+0.30%,+0.30%,+1.51%,-0.59%,-1.79%,+1.22%
3419.TW,+2.23%,+0.62%,+0.93%,+0.31%,+1.53%,+3.31%,+1.17%,-1.44%,+1.17%,-0.29%
5222.TW,+0.00%,+1.64%,+0.81%,+0.80%,+0.00%,+0.00%,+1.59%,+0.00%,-3.13%,+3.23%
1528.TW,+0.98%,-0.72%,+7.91%,-1.47%,+2.17%,-1.46%,+5.45%,-1.83%,-0.11%,+0.44%
8072.TW,+0.00%,-0.40%,-0.60%,+0.00%,+0.00%,+0.80%,+1.39%,+0.98%,+0.00%,+0.97%
2344.TW,+4.34%,+1.73%,-0.91%,+0.80%,-0.34%,+6.16%,-3.33%,+1.78%,+0.00%,+0.44%
1460.TW,-0.69%,+2.80%,+6.80%,-2.23%,-0.33%,-1.63%,+3.99%,+0.00%,+0.96%,+0.63%
2105.TW,+1.20%,+1.19%,+4.69%,-1.12%,+0.00%,+0.38%,+3.38%,-0.36%,+0.36%,+0.36%
2460.TW,+1.78%,-1.51%,+3.66%,+4.10%,-0.55%,-0.44%,-1.10%,+0.34%,-0.33%,+0.00%
4999.TW,+2.07%,+1.65%,-0.50%,+0.00%,-0.38%,-4.40%,+1.18%,+0.26%,+1.42%,+1.53%
3035.TW,+4.69%,+1.38%,+7.71%,+1.26%,-0.42%,-4.28%,+2.07%,+0.00%,+5.45%,-1.93%
2357.TW,-0.56%,+1.13%,+2.42%,-0.18%,-1.28%,-0.55%,+0.93%,+0.92%,+0.73%,-1.81%
2801.TW,+0.96%,+4.73%,-1.81%,-1.23%,-2.48%,+0.96%,+2.84%,-1.84%,+0.00%,+1.25%
3040.TW,-0.66%,+1.33%,+0.98%,-0.97%,-1.64%,-1.00%,+0.67%,+0.67%,-0.17%,+0.17%
2491.TW,+10.00%,+0.85%,+1.41%,-0.69%,+0.00%,-4.76%,-3.08%,+6.06%,-4.00%,+0.60%
2439.TW,+2.66%,+2.96%,-0.18%,+0.72%,-1.43%,-2.00%,+2.22%,+0.36%,+0.90%,+0.72%
2371.TW,+0.59%,+1.57%,-0.97%,-0.19%,-0.98%,-0.20%,+3.75%,-1.90%,+0.19%,+0.00%
2614.TW,+0.31%,+0.16%,+1.86%,+0.15%,-0.46%,-0.46%,+1.23%,-0.61%,+0.91%,+2.42%
2204.TW,+0.24%,+0.96%,+1.19%,+0.00%,-0.70%,-0.95%,+1.19%,-0.24%,+1.42%,+0.47%
5871.TW,-0.19%,+1.94%,-0.76%,+0.57%,+0.19%,-1.90%,+3.29%,-1.31%,+1.52%,-1.31%
1110.TW,+0.00%,+0.00%,+2.89%,+0.00%,+1.05%,+0.00%,+1.74%,-0.34%,+0.00%,+0.34%
2429.TW,-9.90%,+2.11%,+7.50%,+0.00%,+0.00%,+9.71%,-9.40%,+4.27%,+0.00%,+0.00%
1809.TW,+0.00%,+0.20%,+2.51%,+0.49%,+0.49%,+1.46%,+1.44%,-0.94%,-1.43%,+0.00%
2342.TW,-2.22%,-2.27%,+6.20%,-1.09%,+6.27%,+9.72%,-4.75%,+1.33%,-3.28%,+1.69%
1609.TW,+0.00%,+0.46%,-0.46%,+0.93%,-0.69%,-0.23%,+1.39%,+0.46%,+2.05%,-1.12%
1440.TW,+0.37%,+0.37%,+1.48%,+0.00%,+0.36%,-0.36%,+1.09%,+0.36%,-0.72%,-0.72%
5269.TW,+1.25%,+2.47%,-3.13%,-7.46%,-5.91%,+1.43%,+3.66%,-3.26%,+1.12%,+1.11%
2069.TW,+0.00%,+0.00%,+0.67%,+0.00%,-1.15%,+1.69%,+4.51%,-0.05%,-1.77%,+0.00%
5285.TW,-0.18%,+0.36%,+0.18%,+0.18%,-0.71%,+0.18%,+0.18%,+0.00%,+0.18%,+0.53%
6243.TW,+1.64%,+1.29%,+4.14%,+1.83%,-3.00%,+3.41%,-0.60%,+2.41%,+0.00%,-2.65%
3229.TW,+0.40%,-1.20%,+6.10%,-0.38%,-1.54%,+9.77%,-1.78%,+1.45%,-1.79%,+1.82%
9941.TW,+0.15%,+1.18%,+1.02%,+0.43%,+1.29%,-2.27%,+2.18%,-0.57%,+1.14%,+0.71%
1301.TW,+0.93%,+1.85%,-1.04%,+0.39%,-1.57%,+0.66%,+0.79%,+0.52%,+1.17%,+0.51%
6202.TW,+0.62%,+1.14%,-0.82%,-0.82%,-1.24%,-1.16%,+2.44%,+1.87%,+5.09%,-0.58%
912000.TW,+7.41%,+0.00%,+1.03%,+0.00%,-2.73%,+1.40%,-1.73%,+0.35%,+1.05%,-0.69%
1101.TW,+1.37%,+2.90%,+2.44%,-1.47%,-0.93%,+1.69%,+4.44%,-0.35%,+3.20%,+0.17%
3504.TW,+0.75%,+0.75%,-0.89%,+0.00%,-0.90%,-2.27%,+2.78%,-0.45%,+1.96%,+3.41%
2903.TW,+0.63%,+3.42%,+0.30%,-0.30%,+0.00%,-0.90%,+2.73%,-0.29%,+0.00%,+0.00%
5521.TW,+0.00%,-0.46%,+1.84%,+0.90%,+0.45%,+0.89%,+0.44%,+0.00%,-0.88%,+0.44%
2421.TW,+9.78%,+1.78%,+2.50%,+4.88%,-0.23%,+3.50%,-3.60%,+0.93%,+4.17%,-1.78%
1525.TW,-0.23%,-0.46%,-2.19%,-0.94%,-2.14%,+2.68%,-1.07%,+0.48%,+1.91%,+0.94%
6239.TW,+0.89%,+1.76%,+1.45%,-0.28%,-3.00%,+3.98%,+0.99%,+0.98%,+0.56%,+0.14%
9907.TW,+0.70%,+2.09%,+1.71%,-0.67%,-1.35%,-0.68%,+3.10%,-1.00%,+0.68%,+1.34%
3010.TW,+0.00%,+1.17%,+0.58%,-0.11%,-0.23%,+0.00%,+1.73%,+0.00%,+0.57%,+0.34%
2886.TW,+2.27%,+4.44%,+2.60%,+0.00%,-1.84%,+0.00%,+1.88%,-0.46%,+0.69%,-0.69%
2376.TW,+0.00%,+0.88%,+0.29%,+2.91%,-2.12%,+2.45%,+1.97%,+0.00%,-0.28%,+0.69%
5706.TW,+0.70%,+0.70%,+2.64%,+0.81%,-0.54%,-0.27%,+0.81%,+0.27%,+0.13%,+0.40%
1419.TW,+0.00%,+0.14%,-0.43%,+0.71%,-0.71%,-0.43%,+1.15%,+1.99%,-0.42%,+0.56%
6412.TW,-1.87%,+1.09%,+0.54%,-1.07%,+1.35%,-0.13%,+0.13%,+1.33%,-0.13%,-0.79%
4720.TW,+0.31%,-0.31%,+1.56%,-0.61%,+0.00%,+0.62%,+1.23%,-1.21%,+0.61%,+4.88%
3019.TW,+0.82%,+0.49%,-1.78%,+2.31%,-2.09%,-0.99%,+2.99%,+0.00%,+0.81%,-0.48%
3545.TW,+1.65%,+1.45%,+0.18%,+3.38%,-2.58%,-1.41%,+1.79%,-0.35%,+2.83%,-1.03%
6283.TW,+1.24%,-0.25%,+0.98%,+2.92%,-1.65%,+2.64%,+0.00%,+0.23%,+0.70%,-0.93%
2458.TW,+5.01%,+0.72%,-0.47%,-0.60%,-1.44%,-0.36%,+2.68%,-1.66%,-0.24%,+0.00%
1597.TW,-0.40%,+0.40%,+1.61%,+0.40%,+0.00%,-1.57%,+0.80%,+0.00%,-0.79%,-0.80%
2328.TW,+0.42%,+0.00%,+1.67%,-0.82%,-0.83%,-0.83%,+4.20%,+0.40%,-0.40%,-2.02%
9926.TW,+0.51%,-0.13%,+0.13%,-0.25%,+0.25%,+0.00%,+0.50%,+0.13%,+0.13%,-0.13%
1439.TW,+0.38%,-0.38%,+0.75%,+0.00%,-0.75%,-0.75%,+1.52%,-0.37%,+0.75%,-0.37%
4915.TW,+0.54%,+1.88%,+1.84%,-0.78%,-0.52%,-1.18%,+1.99%,-1.30%,+0.79%,+2.09%
0052.TW,+2.04%,+0.43%,-0.16%,+0.00%,+0.03%,+0.91%,+0.74%,+0.97%,+1.17%,+0.00%
1447.TW,+0.77%,+0.90%,+0.89%,-0.13%,-0.75%,-0.25%,+1.14%,+0.25%,+0.38%,-0.12%
1213.TW,+1.69%,-0.33%,+1.00%,+0.99%,-0.66%,-0.33%,+2.32%,-1.62%,+1.64%,-1.29%
5234.TW,+1.37%,+0.00%,-0.51%,-1.70%,+1.73%,+1.53%,+2.18%,-1.31%,+1.83%,-1.47%
3515.TW,+0.53%,+2.09%,+1.03%,+0.25%,-0.76%,+1.40%,+2.52%,+3.31%,+1.90%,+0.35%
1805.TW,+0.68%,+2.54%,+3.80%,+0.00%,-0.48%,+6.08%,+1.36%,+0.30%,+0.89%,-1.91%
2634.TW,-0.53%,+1.19%,+0.65%,-0.91%,+0.00%,+0.52%,+0.65%,-0.26%,+2.08%,-1.15%
2363.TW,+3.80%,-0.73%,+0.15%,-0.74%,+1.04%,-0.44%,+1.92%,+2.89%,-1.13%,+0.00%
2911.TW,-0.65%,+0.33%,-0.33%,-0.65%,+1.32%,+1.30%,+1.92%,-0.94%,+0.63%,-0.32%
6117.TW,+0.00%,-4.33%,+0.70%,+0.00%,+2.42%,-3.72%,-2.81%,+0.72%,+0.72%,-0.71%
3645.TW,+0.00%,-1.38%,-0.20%,+0.00%,-1.20%,+0.81%,+4.42%,+2.69%,+4.49%,-1.08%
2414.TW,-1.26%,-0.96%,+0.64%,+0.32%,+0.00%,+0.00%,+1.27%,+0.31%,+1.25%,+0.00%
2705.TW,+0.00%,+0.49%,+0.98%,+2.90%,-0.94%,-2.84%,+1.95%,+0.00%,+0.00%,+0.48%
2355.TW,-1.92%,+2.35%,+0.19%,+1.53%,+0.94%,+2.24%,-1.82%,+1.12%,+4.23%,+0.18%
1465.TW,+0.70%,+0.35%,-0.69%,+0.00%,-1.39%,+0.35%,+0.35%,+1.75%,+2.07%,-2.03%
1598.TW,-3.04%,+3.72%,+0.00%,+0.56%,+0.83%,+1.37%,-1.89%,+0.00%,+1.93%,-2.16%
2480.TW,+0.21%,+0.62%,-0.20%,-0.21%,+0.00%,+1.03%,+0.81%,-0.20%,+0.81%,+0.40%
2233.TW,+0.42%,+0.69%,-1.38%,-0.28%,-1.68%,+3.42%,+0.69%,+0.68%,-1.22%,-0.41%
2527.TW,+0.00%,+1.00%,+2.31%,+1.94%,+0.63%,-1.57%,+0.00%,+1.60%,+0.63%,-1.25%
4108.TW,-0.74%,+2.61%,+2.55%,-0.71%,+0.36%,+1.25%,-0.53%,+0.35%,+1.06%,-1.57%
2330.TW,+0.36%,+2.14%,+0.70%,-1.04%,+2.46%,-0.68%,+1.72%,+0.34%,+2.03%,+0.00%
2385.TW,+0.61%,+3.46%,+1.60%,-0.43%,-2.73%,+3.55%,+0.57%,+0.43%,-1.13%,+1.00%
1529.TW,-0.18%,-1.10%,+0.00%,-1.85%,+1.89%,+0.00%,+0.00%,-1.85%,-3.21%,-1.56%
1413.TW,+0.28%,+0.71%,+4.92%,-3.61%,+0.00%,+3.47%,-4.03%,-0.56%,+0.00%,+0.28%
3004.TW,+1.39%,+4.12%,+1.51%,+2.04%,+0.73%,+2.89%,+0.00%,+2.81%,+1.71%,+1.01%
3296.TW,+0.83%,+2.89%,-2.01%,-0.41%,-2.06%,+2.52%,+1.23%,+1.21%,+2.00%,+1.57%
910861.TW,-5.56%,+0.29%,+0.59%,+0.00%,+0.00%,+4.37%,+1.68%,-1.92%,+0.28%,+1.96%
6442.TW,-0.43%,+0.44%,+4.57%,-1.35%,-0.95%,+3.83%,+1.84%,+1.81%,+1.38%,-0.39%
8081.TW,+2.88%,+1.05%,+1.04%,+1.20%,-1.86%,-0.69%,+1.91%,-0.68%,+9.97%,+10.00%
1727.TW,-0.72%,+0.36%,+0.00%,-0.73%,+0.73%,-2.55%,+1.12%,+2.21%,+0.36%,+0.00%
4943.TW,+0.00%,-2.22%,-1.45%,-0.12%,+1.01%,+0.57%,+0.85%,-1.41%,+0.34%,-0.34%
1587.TW,+2.22%,-1.52%,+0.00%,-1.03%,+5.18%,-1.48%,+4.70%,-4.49%,+0.00%,+0.40%
2017.TW,-0.15%,+1.19%,+0.15%,+0.74%,-0.44%,+2.20%,+0.29%,-1.29%,+0.87%,-1.01%
2912.TW,+1.85%,-0.23%,+0.68%,+0.23%,-0.68%,+0.68%,+1.13%,-1.56%,+2.95%,+0.00%
6197.TW,+1.49%,-0.18%,-2.02%,+1.12%,-1.67%,+0.94%,+1.49%,+0.37%,+0.00%,+0.92%
9110.TW,+1.16%,+0.86%,-1.98%,-0.29%,-0.87%,+0.88%,+0.58%,+0.58%,-0.29%,+1.72%
9914.TW,+1.42%,+2.45%,+1.71%,+1.01%,-2.99%,+0.00%,-0.68%,+3.79%,+1.99%,-0.65%
3024.TW,-1.34%,+0.82%,-0.54%,+1.08%,-3.49%,-1.94%,+2.83%,-1.65%,-1.12%,-0.28%
2605.TW,+2.35%,-0.51%,-0.26%,+0.00%,-1.29%,-0.78%,+1.57%,-1.29%,+0.26%,+5.22%
2712.TW,+0.00%,-1.40%,+1.42%,+0.80%,+0.00%,+0.00%,+0.00%,+0.20%,+0.20%,-0.20%
3652.TW,+0.32%,+5.99%,-1.49%,-1.51%,-1.23%,+3.73%,-2.99%,+0.93%,+0.00%,-0.31%
4935.TW,+2.16%,+5.03%,+4.79%,+4.57%,+0.14%,-2.11%,+1.44%,+1.70%,-2.37%,+0.00%
1436.TW,-0.37%,-0.37%,+0.00%,-0.37%,-0.37%,+0.00%,+0.00%,+0.75%,-0.37%,+0.00%
1215.TW,+0.92%,+0.91%,+0.90%,-0.45%,+0.00%,+0.00%,+0.45%,-1.12%,+0.68%,+1.35%
1708.TW,+0.67%,+2.48%,-0.65%,-0.65%,-2.12%,-1.34%,+1.35%,+0.33%,+0.00%,+0.50%
2915.TW,+2.33%,+3.61%,+4.22%,+1.76%,+0.35%,-3.97%,+3.95%,-0.35%,+1.73%,-0.68%
8210.TW,+1.31%,+1.17%,+1.54%,+0.76%,-2.26%,-0.64%,+1.29%,+0.38%,+1.02%,-0.50%
2613.TW,+0.00%,+0.00%,+1.22%,-0.80%,+1.62%,-0.40%,+1.20%,+0.00%,+0.40%,-1.18%
2547.TW,+0.91%,+2.00%,-0.49%,+0.49%,+0.00%,-1.96%,+3.50%,-1.93%,+0.00%,-0.49%
2399.TW,+0.28%,-0.42%,+2.13%,+1.67%,+1.37%,+5.41%,+3.59%,+2.72%,+0.24%,-2.76%
1468.TW,+0.85%,-0.53%,+0.85%,-0.52%,+0.00%,+1.27%,+0.52%,+0.73%,+0.51%,+4.40%
2820.TW,-0.44%,+0.88%,+0.87%,+0.43%,-0.86%,+0.43%,+0.87%,+0.86%,+0.00%,-0.43%
3042.TW,+0.74%,+2.35%,-1.29%,-0.15%,-0.29%,+2.04%,+3.71%,+0.28%,+2.47%,+0.40%
4934.TW,+0.75%,+1.98%,+0.49%,-0.24%,-1.69%,-0.99%,+1.74%,+2.20%,+2.39%,+1.87%
2424.TW,+0.00%,-0.17%,+9.55%,+0.00%,-4.28%,-4.15%,-3.67%,+2.42%,+0.00%,-2.36%
6271.TW,+2.40%,+2.20%,+9.90%,+9.66%,-5.60%,-0.50%,+0.00%,+0.13%,-0.76%,+0.38%
2441.TW,-0.44%,+1.19%,+0.88%,+2.90%,-1.27%,-0.14%,+0.57%,+1.85%,-0.56%,+0.98%
8464.TW,+3.46%,-0.45%,+1.79%,+0.44%,+0.00%,+1.32%,-2.16%,+0.22%,-0.22%,+2.65%
2442.TW,+0.50%,+0.00%,+0.50%,+0.00%,+0.00%,+0.66%,+3.59%,-0.63%,-0.63%,-0.96%
3257.TW,-1.50%,+3.05%,+0.99%,-0.49%,-1.59%,-0.75%,+2.76%,+0.49%,+0.24%,+3.03%
8940.TW,+0.66%,+0.65%,+0.65%,+0.00%,-3.23%,+1.00%,+2.31%,+0.00%,+0.65%,+0.32%
8021.TW,-0.70%,+0.94%,+3.02%,-0.90%,-1.14%,-2.30%,+2.35%,-0.69%,+1.85%,+0.68%
8070.TW,+0.78%,+2.20%,-1.52%,-1.03%,+0.00%,+6.23%,+0.85%,+1.82%,+1.19%,-0.12%
1905.TW,+0.77%,-0.76%,+1.86%,-0.32%,-0.11%,+0.11%,+0.22%,-0.54%,+0.00%,-0.43%
1456.TW,+0.00%,+0.00%,+0.00%,-9.90%,+5.76%,-9.95%,+4.65%,-5.56%,+0.00%,+0.00%
1402.TW,+1.09%,+2.16%,+2.53%,-0.21%,+0.21%,-1.23%,+4.38%,-1.40%,+0.81%,+0.00%
1313.TW,+1.41%,+0.92%,+0.11%,-1.37%,-1.74%,+0.00%,+2.83%,-1.03%,+1.04%,-0.46%
3450.TW,+2.04%,+0.80%,+1.59%,-0.78%,-0.79%,+5.95%,+0.37%,-1.12%,+0.75%,-0.75%
3003.TW,-0.29%,+1.01%,+0.43%,+0.85%,+0.42%,-0.28%,+1.40%,+0.00%,+3.73%,-0.40%
4555.TW,-0.14%,+1.01%,-1.00%,-0.57%,-0.14%,+1.30%,+1.43%,+0.56%,+1.40%,-0.14%
2444.TW,-0.71%,-2.35%,+3.66%,+5.45%,-5.07%,+0.60%,-0.80%,+1.01%,+0.00%,+4.00%
2323.TW,+0.00%,+0.00%,+1.85%,+0.61%,-1.81%,+1.23%,+5.45%,+0.00%,+0.00%,+0.29%
2368.TW,+3.92%,-0.44%,-0.89%,-1.01%,-3.18%,-0.82%,+4.96%,-0.90%,+0.11%,+1.14%
1476.TW,+2.39%,+9.91%,+1.17%,-2.83%,-2.05%,+1.32%,+0.00%,-1.85%,-2.21%,-2.94%
3058.TW,-0.24%,+0.61%,+0.49%,+0.49%,+1.21%,+0.00%,+1.79%,+2.23%,+0.80%,+0.23%
9933.TW,+3.38%,+0.27%,+2.85%,-2.11%,-1.08%,+0.82%,+0.00%,-0.27%,-0.68%,+0.00%
6277.TW,-0.74%,+0.74%,+0.59%,-0.44%,+0.00%,+0.00%,+1.17%,+1.16%,+2.30%,+0.28%
5607.TW,+0.70%,+0.69%,+1.37%,+0.34%,-0.68%,-2.38%,+4.53%,-0.67%,+0.00%,-1.34%
6152.TW,-1.08%,+1.09%,+4.33%,+1.43%,-2.56%,+1.05%,-0.65%,-0.65%,+0.39%,+0.26%
2890.TW,+1.58%,+6.33%,+1.80%,-0.66%,-1.33%,+0.23%,+3.48%,-0.98%,+0.33%,-0.77%
2486.TW,+0.33%,+0.65%,+0.75%,+0.11%,+0.21%,+0.11%,+1.17%,+1.68%,+0.31%,+0.72%
2454.TW,-1.42%,+2.88%,-1.87%,+0.95%,-5.66%,+2.75%,+2.92%,-0.71%,+4.76%,+0.23%
6257.TW,+0.24%,+1.95%,+4.77%,+0.68%,+0.23%,+0.45%,+0.45%,-0.22%,+0.00%,+0.00%
6414.TW,+0.58%,+1.88%,-0.85%,+1.43%,-0.56%,-0.71%,-0.57%,+3.30%,+6.67%,-1.04%
4739.TW,+0.14%,+0.70%,+3.49%,+0.00%,+0.27%,+5.78%,+0.64%,-0.25%,-0.13%,+1.90%
1626.TW,+0.00%,+0.00%,+0.95%,+3.07%,-2.29%,+0.47%,+0.47%,-0.70%,+0.70%,+0.00%
2482.TW,+2.17%,+1.28%,+1.68%,+0.41%,-1.23%,+1.25%,+0.00%,+0.00%,+4.94%,-0.78%
3168.TW,+2.44%,-1.74%,+0.47%,+4.09%,-3.84%,+0.00%,+6.78%,+0.43%,+0.00%,+0.00%
2236.TW,-2.28%,+5.83%,+0.00%,+0.79%,+0.00%,+0.63%,+9.94%,+9.89%,-1.03%,+10.00%
1225.TW,+0.96%,-1.72%,+0.97%,+7.88%,-4.99%,+0.75%,+0.00%,-0.74%,+1.88%,+0.18%
2731.TW,+3.40%,+2.37%,+4.02%,+0.48%,+0.48%,-1.44%,+0.97%,-0.96%,+1.46%,+0.00%
2380.TW,-0.14%,+0.00%,+0.00%,-0.14%,-0.55%,+0.00%,+1.11%,+0.27%,+0.41%,+0.68%
6206.TW,+0.61%,+2.03%,-1.99%,+1.02%,-0.70%,+1.72%,+4.48%,-0.95%,+0.48%,+3.83%
2852.TW,+0.00%,+0.46%,+0.92%,-0.45%,-0.46%,-1.83%,+0.47%,-0.93%,+0.47%,+0.93%
3026.TW,-0.62%,+0.78%,+0.62%,+0.15%,+0.15%,-0.15%,+1.07%,+1.52%,+0.45%,+0.89%
3617.TW,+6.82%,-1.28%,+0.43%,-2.15%,-2.19%,+1.79%,-3.08%,+2.73%,-0.88%,-0.45%
2338.TW,+0.85%,+0.42%,-2.31%,+0.22%,-1.82%,+2.62%,+0.43%,+1.27%,-0.52%,+0.74%
2501.TW,+0.39%,+1.18%,+1.55%,+0.38%,-0.76%,-0.77%,+1.54%,-0.38%,+0.76%,-0.38%
2597.TW,+0.26%,+0.92%,+1.43%,+8.48%,-2.84%,+1.22%,-0.24%,+0.00%,+1.21%,-0.24%
5907.TW,+0.87%,+0.22%,+3.43%,+3.11%,-1.81%,+1.23%,+1.82%,-2.58%,-0.41%,+0.00%
9908.TW,+1.13%,-0.89%,+0.68%,+0.22%,-0.22%,+0.00%,+0.22%,+0.22%,-0.45%,+0.89%
2855.TW,+0.84%,+5.44%,+1.98%,-1.56%,-1.98%,-0.40%,+3.24%,-1.18%,-0.40%,+0.00%
3032.TW,+4.31%,+1.65%,+5.08%,-2.71%,+0.00%,+1.59%,+0.39%,+0.00%,+1.75%,-0.19%
1477.TW,+4.78%,+1.83%,+1.12%,-0.67%,-2.01%,+1.59%,+2.47%,-0.88%,-1.55%,-0.90%
6505.TW,-0.25%,+2.50%,+0.61%,-0.12%,-2.43%,+0.25%,-0.12%,+0.62%,+2.47%,+0.00%
2405.TW,+1.66%,-1.76%,+1.66%,+0.88%,-1.37%,+4.80%,-2.17%,+0.99%,+0.73%,-0.12%
6477.TW,-0.86%,+0.00%,+1.30%,-3.86%,+1.25%,-0.79%,+0.44%,-1.77%,+1.85%,+0.04%
1340.TW,+1.00%,+2.97%,-0.80%,+0.16%,-0.64%,+6.97%,+1.52%,-0.45%,+0.45%,+0.60%
2356.TW,-3.07%,-2.17%,-3.43%,+1.26%,-2.27%,-0.85%,-0.21%,+0.43%,+6.38%,+1.60%
6139.TW,+0.83%,+1.91%,+0.00%,-0.54%,+0.27%,+9.95%,+3.91%,-1.65%,+7.18%,+4.46%
1906.TW,+0.29%,-0.44%,+1.18%,+1.46%,-3.02%,+5.63%,-0.84%,+0.71%,+1.69%,+1.24%
1519.TW,+0.99%,+0.33%,+0.65%,+0.32%,+0.32%,-0.32%,+5.48%,-1.22%,+0.93%,+0.00%
2239.TW,-5.48%,+3.99%,+0.00%,-1.39%,-2.12%,+9.75%,+0.66%,+4.90%,+1.56%,+6.75%
1235.TW,+0.00%,-0.78%,+0.00%,+0.00%,+0.26%,+3.14%,+0.51%,-1.01%,-0.51%,+1.54%
1504.TW,+4.51%,+1.76%,+0.58%,-0.38%,-2.12%,-0.59%,+4.55%,-3.02%,+1.36%,+1.54%
6192.TW,+0.12%,+0.00%,+0.24%,+0.35%,-0.35%,-0.71%,+1.54%,+2.34%,+2.63%,+0.56%
2436.TW,+1.96%,+3.56%,+0.53%,+0.00%,-0.79%,+3.18%,+5.91%,+2.43%,+0.47%,-0.71%
2027.TW,+0.00%,+1.05%,+0.35%,+0.35%,-2.07%,+2.11%,+5.17%,-2.95%,+0.00%,+0.00%
00650L.TW,+3.17%,+4.61%,-2.55%,-0.26%,-4.80%,-1.73%,+3.30%,-2.31%,+4.04%,+0.47%
2440.TW,-2.47%,-0.76%,+2.81%,+1.74%,-0.49%,+0.12%,-0.61%,-0.49%,-3.22%,+1.53%
9918.TW,+1.13%,-0.80%,+0.00%,+0.00%,-0.32%,+0.00%,+0.00%,+0.97%,-0.32%,-0.16%
3711.TW,+0.43%,+1.86%,-2.81%,+1.44%,-2.42%,-0.29%,+0.29%,+9.62%,-0.80%,+0.54%
8033.TW,-0.12%,+0.84%,+3.22%,-1.16%,-2.22%,+2.15%,+0.12%,-0.47%,+0.82%,+0.00%
4967.TW,-1.96%,+0.00%,+0.00%,+0.00%,-1.73%,-0.14%,+0.00%,+0.00%,-0.68%,+0.00%
2467.TW,+0.85%,+0.42%,+11.72%,+1.50%,-0.74%,-0.37%,+1.12%,-0.37%,+1.85%,+0.00%
6215.TW,+1.89%,+2.31%,+7.24%,-1.27%,-2.56%,+9.65%,-0.80%,+4.44%,-0.39%,+0.00%
3653.TW,+0.63%,+1.75%,-0.12%,-0.25%,-0.25%,+0.62%,+1.35%,+0.36%,+4.95%,+3.91%
8462.TW,-1.10%,+0.00%,-2.15%,-0.46%,+1.49%,+4.56%,-0.75%,+0.76%,-1.88%,-0.96%
5538.TW,+2.07%,+2.02%,+0.00%,-0.20%,+0.00%,+0.99%,+1.77%,-1.74%,-0.39%,+1.98%
9931.TW,-2.02%,-1.43%,+2.42%,-0.47%,+0.00%,-2.05%,+0.00%,+3.55%,-0.31%,+0.00%
8101.TW,-1.88%,-0.88%,+1.04%,+0.88%,-0.44%,+1.03%,+1.74%,-0.14%,+0.86%,+0.00%
4557.TW,+0.00%,+0.69%,-0.55%,-0.14%,-0.28%,-0.42%,+0.28%,+4.60%,-0.13%,-0.53%
3479.TWO,+0.89%,-1.03%,+5.48%,-3.09%,-2.75%,-0.89%,+5.56%,+9.97%,+3.63%,-1.00%
3171.TWO,+0.52%,-0.51%,-0.52%,+0.00%,+0.00%,+0.00%,+1.82%,-1.02%,+0.26%,-0.77%
4721.TWO,+0.47%,+2.09%,-1.36%,+0.23%,+0.23%,-0.46%,+2.53%,-5.39%,+9.98%,-1.51%
3086.TWO,-3.12%,+0.00%,-0.81%,-0.41%,+0.00%,-2.86%,+2.52%,-2.46%,+0.00%,+0.00%
4544.TWO,-0.96%,+1.77%,+0.00%,+0.00%,+0.00%,+0.00%,+0.00%,+0.04%,-2.31%,+1.96%
4510.TWO,-1.37%,-0.35%,+0.35%,+0.35%,+0.00%,+0.69%,+1.37%,-1.02%,+2.05%,-0.67%
6194.TWO,+0.52%,-0.52%,+0.52%,-0.52%,+0.52%,-0.52%,+1.56%,-0.26%,+0.77%,+0.26%
6124.TWO,-0.20%,+0.20%,-0.80%,+0.00%,+0.40%,-0.40%,-1.21%,+0.82%,-1.02%,+1.64%
4556.TWO,+0.00%,+0.15%,+8.76%,-2.54%,-1.59%,-3.68%,+0.76%,-0.76%,+2.45%,-0.30%
3081.TWO,+0.99%,+1.18%,-1.17%,+1.38%,-0.39%,-0.78%,-1.38%,+0.60%,+6.93%,+1.30%
6485.TWO,+0.40%,+2.59%,+3.11%,+0.56%,+0.37%,+0.00%,+1.12%,+0.74%,+0.73%,-1.27%
6294.TWO,+2.21%,+1.81%,+8.63%,-0.44%,+3.83%,+3.16%,-1.02%,-4.85%,+0.98%,+1.18%
5403.TWO,+0.69%,+0.00%,+1.14%,-0.90%,-0.23%,-0.23%,+0.91%,+0.23%,+0.23%,+0.45%
5455.TWO,+8.35%,+4.47%,-14.31%,+0.00%,-8.26%,+8.07%,+9.90%,-9.79%,-3.50%,+0.00%
6113.TWO,+0.00%,-0.14%,+3.80%,+1.05%,+1.55%,-2.42%,+1.31%,-1.93%,-0.26%,-0.26%
3372.TWO,-0.89%,+0.26%,-1.02%,-1.68%,+1.45%,-2.46%,-0.66%,+0.00%,+0.27%,-1.20%
6158.TWO,+1.34%,+1.85%,-5.18%,+1.09%,+0.00%,+1.62%,+0.00%,+0.00%,+5.32%,+9.85%
8433.TWO,-5.85%,-1.69%,-2.30%,-2.65%,+0.00%,+6.04%,-3.70%,+0.30%,+2.95%,-0.29%
3499.TWO,+0.86%,+0.86%,-0.28%,-1.42%,-4.32%,+2.41%,+0.88%,+2.04%,+1.43%,-0.85%
6223.TWO,+0.93%,+7.41%,+8.28%,+0.32%,-1.59%,-0.16%,+2.42%,-1.26%,+0.96%,+1.58%
6261.TWO,+1.30%,-0.11%,+3.33%,-0.52%,-1.78%,-0.43%,+2.35%,-0.52%,+1.26%,+0.21%
3434.TWO,+1.54%,+0.38%,+1.89%,+0.37%,+0.00%,-5.56%,+3.14%,-1.52%,+0.00%,+0.00%
3219.TWO,+0.00%,-3.28%,+1.48%,+0.00%,-0.73%,-3.89%,+2.96%,+5.32%,+0.00%,+0.00%
4951.TWO,+0.00%,+0.00%,+0.00%,+0.00%,+3.48%,+2.91%,+0.71%,+7.89%,+3.41%,+0.24%
4537.TWO,+0.00%,+3.00%,-2.91%,+0.00%,+0.00%,+3.13%,+3.43%,-2.19%,+0.64%,+0.00%
4167.TWO,-0.44%,+1.56%,+5.25%,+0.21%,-1.04%,-1.68%,+1.49%,+1.47%,+0.00%,-1.86%
2743.TWO,-0.22%,+0.26%,+7.43%,-2.91%,+0.00%,-2.08%,+2.13%,-2.08%,+2.13%,+0.00%
8354.TWO,+0.00%,+0.66%,-0.33%,+0.33%,-0.33%,+0.00%,+0.33%,+1.32%,+0.65%,+0.00%
4554.TWO,+0.00%,+0.00%,+5.26%,+0.00%,+0.00%,-0.83%,+2.52%,+3.77%,-1.64%,-0.42%
6173.TWO,+0.11%,+0.65%,+1.28%,-0.11%,-1.27%,+2.14%,+5.35%,-0.50%,+3.00%,+9.71%
3224.TWO,-0.17%,-2.28%,+0.00%,+0.00%,+0.36%,+5.18%,+4.24%,+3.58%,+0.47%,+1.72%
8930.TWO,+0.00%,-0.11%,+0.79%,+0.00%,-0.33%,+0.45%,+0.00%,+0.00%,+4.57%,-0.85%
4150.TWO,+0.33%,+0.07%,+0.13%,+1.67%,+1.25%,-0.06%,-1.55%,+0.66%,+0.33%,-0.33%
5355.TWO,+0.00%,+0.00%,+0.96%,-0.63%,-1.43%,+0.00%,+0.97%,-0.16%,-0.32%,+0.80%
006201.TWO,+1.80%,+2.24%,-0.27%,-0.09%,-0.91%,-0.28%,+1.57%,+1.19%,+0.81%,+0.27%
3184.TWO,+1.90%,-2.40%,-2.06%,+1.13%,+0.41%,+3.64%,-4.00%,-0.51%,+1.02%,-0.35%
3609.TWO,+0.00%,+0.00%,-5.95%,-2.95%,+0.00%,-1.74%,+1.77%,+0.00%,-0.87%,+3.07%
8923.TWO,+0.00%,+0.61%,+0.91%,+0.00%,+0.00%,-1.80%,+1.22%,+2.42%,+0.00%,+0.00%
8068.TWO,+7.52%,+6.29%,-9.87%,-6.93%,+0.00%,+4.31%,-5.64%,+7.17%,+7.81%,-9.66%
1586.TWO,+0.32%,-0.16%,+5.24%,-1.51%,+4.13%,+0.29%,+0.00%,-2.05%,+1.80%,-0.44%
8932.TWO,+3.93%,-0.21%,-1.16%,+2.24%,-1.04%,-0.21%,+1.79%,-0.73%,+0.21%,-0.52%
8908.TWO,+0.48%,+0.00%,-0.32%,+2.09%,-1.89%,+0.00%,+0.16%,+0.96%,+3.65%,+0.00%
4174.TWO,-0.36%,+8.50%,+1.83%,+2.95%,+1.43%,-0.63%,-1.10%,+2.71%,+9.94%,-3.81%
5276.TWO,-0.98%,+0.00%,+4.68%,-2.35%,+0.00%,-1.45%,+2.20%,+2.87%,+3.26%,+0.90%
6240.TWO,+0.00%,+0.00%,+0.00%,+0.00%,+0.00%,+0.00%,+0.00%,+0.00%,+0.00%,+0.00%
8472.TWO,+1.97%,+0.48%,+9.62%,-1.75%,-2.23%,-4.57%,+2.87%,-0.93%,+2.35%,+2.75%
3306.TWO,-0.47%,+0.47%,+1.41%,+1.85%,-1.14%,+1.15%,+2.27%,-0.89%,+1.79%,+7.27%
6473.TWO,-5.25%,+3.13%,+3.16%,+1.52%,+1.19%,-1.30%,-4.87%,-0.09%,+0.60%,-1.53%
6127.TWO,+0.33%,+0.33%,-0.22%,+0.00%,-3.09%,+0.34%,+2.16%,-0.33%,+2.56%,+2.61%
5206.TWO,+0.00%,-1.03%,+0.00%,+0.52%,+1.03%,-1.02%,+0.00%,+0.52%,+0.00%,+0.51%
5464.TWO,-0.90%,+0.00%,+0.60%,+0.00%,+0.90%,+0.30%,+0.30%,-0.88%,+0.30%,+0.30%
3284.TWO,+0.22%,-0.44%,-0.66%,+1.32%,+0.00%,-0.87%,+0.22%,+0.00%,+0.11%,-0.44%
4528.TWO,+1.80%,-0.18%,-2.65%,-2.00%,-1.67%,+1.88%,+2.59%,-0.54%,-0.54%,-0.55%
5353.TWO,+0.20%,-0.61%,+1.03%,-0.92%,-2.36%,-0.21%,+9.59%,+9.62%,+0.88%,-2.17%
6129.TWO,+0.00%,+0.78%,+0.00%,+0.31%,-4.14%,+2.08%,+4.39%,+0.45%,+1.20%,-1.03%
5475.TWO,+0.32%,+0.65%,-0.32%,+0.32%,-0.96%,+0.32%,+1.94%,+0.00%,+0.32%,-0.95%
5289.TWO,+2.26%,+4.07%,-1.23%,-1.02%,+0.57%,+3.98%,+0.44%,+5.44%,+9.91%,+8.45%
5514.TWO,-0.55%,+1.22%,+2.31%,+0.86%,+0.00%,-1.17%,-0.75%,+0.00%,+0.65%,-0.97%
3587.TWO,+0.87%,+1.55%,-0.68%,+0.68%,-0.68%,-0.85%,+1.37%,+5.93%,+0.00%,+9.92%
5202.TWO,+3.42%,-0.37%,+1.48%,+0.00%,-1.09%,+0.00%,+0.74%,-0.36%,+8.42%,+0.00%
6532.TWO,+0.00%,+1.63%,-1.19%,+0.83%,+4.13%,+1.15%,+14.16%,-6.19%,+7.69%,+5.07%
3685.TWO,-1.17%,+0.15%,-7.85%,+2.89%,-0.63%,+1.89%,+0.31%,+0.31%,+2.45%,+1.50%
4529.TWO,-1.01%,-1.02%,-3.70%,+1.84%,-2.26%,-1.54%,+4.55%,-1.05%,+10.00%,+9.92%
3523.TWO,+0.00%,+0.36%,+0.00%,-1.81%,+3.32%,-1.07%,-0.36%,-0.18%,+0.00%,+0.00%
4908.TWO,-0.29%,+0.29%,+1.17%,+0.86%,-1.71%,+5.23%,+6.08%,-0.52%,-0.26%,+0.26%
6245.TWO,+4.20%,-0.76%,+1.02%,-2.01%,-1.54%,+0.00%,-0.78%,+2.10%,+1.16%,-1.27%
5009.TWO,+0.00%,+0.00%,+0.30%,+0.30%,-1.47%,+0.60%,+5.95%,-1.97%,+2.01%,+0.28%
5278.TWO,-1.96%,+0.89%,+2.64%,+0.86%,-2.55%,+0.44%,+2.17%,-0.85%,+3.00%,-1.04%
3317.TWO,+0.49%,+0.48%,+0.48%,+0.48%,-1.43%,+0.48%,+4.81%,-0.46%,+2.30%,+0.00%
4416.TWO,-2.35%,-2.29%,+0.00%,+0.00%,-0.74%,+2.61%,-2.78%,+0.25%,+0.50%,-0.99%
4905.TWO,+1.35%,+0.10%,+1.12%,-0.71%,-0.81%,+2.05%,-0.30%,+1.71%,+3.17%,+1.15%
8155.TWO,-1.20%,-0.30%,-0.92%,-0.62%,-0.62%,+0.62%,+1.55%,+3.06%,+7.42%,+5.52%
4744.TWO,-3.19%,+4.52%,-11.74%,+4.45%,-2.01%,+1.32%,-1.84%,+1.96%,+4.45%,+3.80%
8359.TWO,+2.46%,-0.27%,-1.50%,-1.13%,+1.35%,+2.44%,-1.20%,-1.20%,+0.33%,+1.78%
4121.TWO,+0.28%,-0.57%,-0.28%,-0.57%,-0.86%,+1.45%,+0.00%,+0.57%,+1.42%,-0.28%
8042.TWO,+1.13%,+0.99%,-1.11%,-0.50%,-2.62%,+2.95%,+1.00%,-1.36%,+0.63%,-1.61%
4402.TWO,+8.19%,+0.00%,+6.95%,-8.22%,+0.00%,+0.00%,-6.25%,+1.11%,+4.40%,-1.05%
8034.TWO,+1.20%,-0.51%,+0.51%,+3.72%,+0.81%,+0.16%,-4.52%,+0.17%,+1.18%,-1.67%
4109.TWO,+0.65%,+0.00%,+1.08%,-0.21%,-0.43%,-1.08%,+1.09%,+0.22%,+2.15%,+0.00%
8024.TWO,+0.00%,-0.10%,+1.10%,+1.49%,-0.49%,+1.47%,+0.97%,-0.48%,+0.48%,-0.96%
4503.TWO,+0.40%,-0.40%,+1.98%,+1.17%,+9.62%,-1.05%,-5.67%,-1.50%,+6.49%,-0.36%
6461.TWO,-1.70%,+1.86%,-2.50%,+0.31%,+1.30%,+0.93%,-0.53%,-2.24%,-0.03%,-2.13%
3339.TWO,-0.29%,-0.57%,+0.29%,+0.00%,-0.29%,-3.75%,-0.90%,+4.83%,+0.86%,-0.29%
6026.TWO,+0.96%,+0.11%,+0.00%,-1.79%,-5.25%,+0.68%,+1.57%,+0.66%,+1.76%,-2.81%
4538.TWO,+0.00%,+0.00%,+0.00%,+0.00%,+0.00%,+0.00%,+0.00%,+0.00%,+0.00%,+0.00%
2719.TWO,+2.50%,-0.61%,+2.76%,+0.00%,+0.60%,+0.00%,+0.30%,-0.59%,+0.60%,+1.18%
6492.TWO,+0.51%,+4.80%,+9.54%,-1.36%,-0.88%,-1.30%,-2.52%,+2.96%,+2.17%,-1.81%
3323.TWO,-0.29%,+0.00%,+0.29%,+0.29%,+4.37%,-2.23%,+1.71%,-0.56%,+0.85%,-0.84%
8091.TWO,+1.93%,+0.86%,+1.03%,+0.00%,+0.51%,+1.01%,+0.17%,-0.83%,+3.69%,+0.97%
2064.TWO,-1.43%,-1.16%,+0.00%,-0.29%,+0.29%,+1.18%,+0.00%,+0.00%,-0.29%,-0.87%
6187.TWO,+3.20%,+2.23%,+0.24%,+0.12%,+1.09%,+1.08%,-0.71%,-0.71%,+6.71%,+3.03%
6027.TWO,-0.28%,+0.00%,+0.00%,+0.00%,+0.00%,+4.46%,+0.67%,+2.52%,-1.16%,-0.52%
8941.TWO,+0.96%,-0.71%,+0.00%,+0.00%,+0.36%,+3.44%,-0.23%,+2.19%,-4.73%,+4.02%
3285.TWO,-1.35%,-0.20%,+0.00%,+0.20%,+0.39%,+0.97%,+0.58%,+1.15%,+0.38%,+0.00%
3581.TWO,+2.77%,-3.46%,+2.39%,+1.95%,+0.00%,-1.15%,+1.93%,+2.65%,+3.32%,+1.07%
5301.TWO,+0.00%,-5.85%,+1.31%,+0.00%,+1.29%,+2.23%,+0.00%,-2.18%,-0.32%,-0.32%
5488.TWO,-1.86%,+0.38%,-0.94%,+0.57%,-0.38%,-0.76%,+1.34%,-0.75%,+2.47%,-2.04%
8938.TWO,+0.00%,+0.82%,-0.27%,+0.00%,-0.55%,+1.37%,+0.81%,+0.00%,-0.54%,+0.00%
5310.TWO,+0.19%,+0.94%,+1.31%,+0.37%,+1.47%,+0.00%,-0.91%,+0.55%,+0.00%,+0.00%
4401.TWO,-1.96%,+3.33%,+1.29%,-1.59%,-2.37%,-0.77%,-1.11%,+0.23%,+0.34%,-0.78%
6147.TWO,+1.65%,+8.49%,+2.89%,-2.40%,+3.52%,+2.06%,+1.01%,+1.80%,-0.79%,+0.99%
8032.TWO,+1.13%,+0.19%,-0.74%,-0.56%,+1.32%,+0.56%,-0.18%,-0.93%,+0.19%,+0.75%
6231.TWO,+0.94%,+1.87%,+0.46%,+0.91%,-0.68%,-2.96%,+2.82%,+0.46%,+1.36%,+0.67%
5015.TWO,+1.18%,-0.58%,+0.58%,+0.58%,-0.58%,+0.29%,+4.64%,-1.11%,-0.28%,+0.00%
5344.TWO,+3.16%,+0.34%,-0.34%,-3.58%,+1.77%,-2.43%,+2.85%,-2.42%,+3.19%,-3.78%
3664.TWO,+1.13%,+3.73%,-2.88%,-0.37%,+0.00%,-1.49%,+0.75%,+1.87%,+1.84%,-1.08%
3218.TWO,+0.85%,+0.64%,+1.68%,+0.21%,+0.41%,+0.21%,+1.03%,-0.20%,+2.04%,-1.00%
3325.TWO,-0.31%,+1.89%,+2.17%,-3.94%,-4.73%,-3.97%,+0.69%,+1.37%,+7.77%,+2.19%
5228.TWO,-0.25%,+4.84%,+5.87%,-0.19%,-1.90%,+6.01%,+0.00%,-0.37%,+0.88%,-2.69%
4161.TWO,-0.83%,+2.35%,-1.15%,-0.50%,+0.00%,-0.17%,+2.00%,+0.49%,+0.33%,+0.16%
6536.TWO,-1.13%,+1.43%,+3.39%,-3.13%,-1.21%,-6.08%,+7.48%,-0.57%,-0.73%,-6.48%
5452.TWO,+0.31%,-0.72%,-1.04%,+0.00%,-0.42%,-0.32%,-0.21%,+1.16%,+0.73%,-0.21%
3259.TWO,+1.69%,-0.33%,+1.34%,-1.32%,+1.51%,+6.10%,+6.52%,-2.04%,-1.79%,-0.61%
6279.TWO,+0.37%,+0.00%,+0.37%,+0.37%,+0.00%,+2.55%,+2.85%,+1.04%,-0.68%,+1.03%
3324.TWO,-2.75%,-1.92%,+1.54%,+0.81%,+2.61%,+9.98%,+9.61%,+2.11%,+6.20%,+3.14%
3577.TWO,-0.34%,+0.00%,-0.34%,+0.68%,+1.02%,+1.01%,+1.50%,+0.49%,+1.47%,+1.77%
3357.TWO,+0.42%,+0.00%,+0.41%,+0.00%,+0.00%,-0.83%,+0.00%,+0.00%,+1.67%,-4.10%
4609.TWO,-0.42%,-0.70%,+0.00%,+0.71%,-1.41%,+4.29%,+9.86%,-0.25%,-0.25%,-1.25%
6146.TWO,+0.52%,+4.17%,+1.25%,-3.70%,-2.05%,-1.83%,-1.33%,-0.27%,+0.54%,+0.27%
6221.TWO,+0.19%,-1.33%,-1.35%,+0.78%,-0.97%,-9.00%,-0.22%,+1.29%,+0.00%,+2.55%
4431.TWO,-0.05%,+0.57%,-1.33%,+1.82%,-1.30%,+4.66%,-3.12%,-0.70%,-0.65%,-2.38%
8489.TWO,-0.88%,+0.00%,+4.79%,+4.72%,+7.40%,-4.16%,+0.40%,-2.36%,-3.23%,-4.17%
8935.TWO,+2.10%,-1.87%,-1.53%,+5.43%,+9.56%,+2.35%,-1.64%,+0.17%,-1.00%,+0.84%
2733.TWO,-0.97%,+1.12%,+0.17%,-0.53%,+0.18%,+0.00%,-5.34%,+0.88%,+1.75%,+0.00%
5227.TWO,+3.07%,-0.18%,+0.18%,-1.05%,-1.95%,+1.45%,+0.36%,+0.18%,+1.24%,+1.58%
3521.TWO,+4.63%,+2.65%,-0.86%,-0.87%,+0.44%,+0.87%,+1.30%,-2.14%,-0.87%,-0.44%
3564.TWO,+1.33%,-0.93%,-0.57%,+0.00%,-3.04%,+4.89%,+3.17%,-1.27%,+8.97%,+0.67%
6419.TWO,-0.26%,+0.26%,+1.58%,+0.78%,-2.06%,+0.00%,+3.15%,+0.00%,+1.27%,+0.00%
2724.TWO,+0.39%,-0.77%,-0.39%,+1.95%,-1.15%,+0.39%,-0.77%,+0.39%,-0.39%,+0.39%
3232.TWO,-1.35%,+1.17%,-7.90%,+0.42%,-1.46%,+0.85%,+0.42%,+0.42%,-1.87%,-0.42%
6015.TWO,-0.16%,+2.60%,+4.43%,-0.30%,-1.37%,+0.62%,+1.07%,+0.00%,+0.30%,+0.91%
8291.TWO,+3.98%,+6.17%,-2.20%,+0.20%,+0.20%,+0.00%,+0.00%,-4.08%,+3.19%,+0.00%
6210.TWO,+1.67%,+0.71%,+0.47%,+1.86%,-0.34%,+0.80%,+0.45%,+0.90%,+0.00%,+0.22%
5859.TWO,-1.99%,+2.12%,-1.08%,-0.17%,+0.00%,-0.08%,-0.17%,+0.25%,+0.59%,+0.25%
3691.TWO,+1.22%,+1.06%,+0.75%,-1.04%,-1.35%,-2.43%,+3.27%,-0.45%,+0.15%,+1.96%
4760.TWO,+0.38%,+0.00%,+0.00%,+0.00%,+0.00%,+0.00%,+0.00%,+0.00%,+0.00%,+0.00%
4806.TWO,+0.00%,-0.28%,+4.84%,+1.83%,-1.99%,+1.35%,-4.03%,+0.00%,+0.01%,-0.71%
3078.TWO,+0.24%,+2.90%,+0.23%,-0.23%,+0.23%,+2.11%,+0.00%,+3.21%,-0.22%,+0.45%
3388.TWO,+0.49%,+0.49%,-0.16%,-0.32%,+0.00%,+0.97%,+0.48%,+0.80%,+0.00%,+0.00%
3115.TWO,+0.00%,+0.75%,-1.12%,+0.76%,+0.00%,+0.75%,+1.12%,+0.00%,+0.37%,-1.47%
6259.TWO,-9.08%,+2.80%,+0.65%,-5.28%,-2.04%,+0.14%,+5.26%,-2.76%,+1.08%,-1.87%
6103.TWO,+5.80%,+0.00%,+0.00%,-9.40%,+9.86%,+9.92%,+9.89%,+9.91%,+0.00%,-9.96%
6160.TWO,+1.33%,+0.99%,-0.33%,+0.65%,-3.90%,+1.35%,+0.33%,+0.33%,+9.93%,-1.51%
5426.TWO,+0.00%,-1.89%,+1.44%,+0.47%,-0.94%,+0.48%,+0.00%,+0.95%,+0.47%,+0.00%
4980.TWO,+3.51%,-4.98%,+0.00%,+0.00%,+0.00%,-5.52%,+0.00%,+0.10%,-1.47%,+0.00%
8048.TWO,+7.06%,+0.00%,+5.82%,-0.93%,-2.41%,-5.69%,+2.05%,-0.22%,+1.68%,-0.77%
8050.TWO,+0.59%,+0.98%,-1.17%,+2.17%,-1.16%,+0.78%,+2.71%,-0.38%,+0.19%,-1.51%
3455.TWO,+2.10%,+3.33%,+13.50%,+1.49%,-1.46%,+0.00%,-10.00%,-0.75%,+0.76%,+1.35%
6122.TWO,+0.16%,-0.16%,+0.31%,-0.47%,-1.25%,+1.59%,-0.78%,+1.10%,+0.00%,+0.93%
6435.TWO,+1.88%,+1.34%,+1.99%,-1.30%,+0.49%,+3.28%,+2.38%,-2.02%,+3.48%,-2.29%
3633.TWO,-0.94%,+4.29%,+0.62%,-1.35%,+0.03%,-0.03%,+0.46%,+0.97%,+0.03%,+0.00%
8942.TWO,-0.47%,+0.94%,-0.23%,+0.00%,+0.70%,+0.00%,+1.39%,-0.91%,+1.38%,-0.11%
6530.TWO,+0.00%,+0.00%,+0.00%,+0.00%,+1.87%,+0.00%,+0.00%,+0.00%,+0.00%,+0.00%
3226.TWO,-2.30%,-0.69%,+1.39%,-1.37%,+0.42%,-0.14%,-0.42%,+0.00%,+1.12%,+0.00%
3390.TWO,+0.39%,+1.93%,+0.76%,+3.01%,+0.73%,+0.36%,+2.17%,-0.71%,+1.42%,-0.35%
4117.TWO,-1.59%,+1.91%,+0.12%,+0.00%,-1.22%,+0.41%,+0.41%,+0.00%,+3.51%,+1.34%
8038.TWO,+1.55%,-1.72%,+11.65%,-6.61%,-1.30%,+2.64%,+2.39%,-3.05%,-3.15%,+1.72%
4726.TWO,+0.00%,+3.02%,+1.99%,-0.23%,+0.35%,+0.00%,-0.11%,+1.15%,+10.00%,-2.69%
8349.TWO,+2.96%,+1.96%,+1.28%,+2.78%,+3.45%,-1.55%,-0.73%,-0.49%,-0.61%,-0.12%
4530.TWO,+5.56%,-0.42%,-3.59%,+4.17%,+0.00%,+1.68%,+1.04%,-5.53%,+0.87%,-1.08%
6493.TWO,-1.88%,-0.16%,+3.46%,-1.33%,+3.08%,+2.09%,-1.35%,+0.04%,+0.00%,-1.41%
8931.TWO,+0.24%,+1.21%,-0.24%,+0.00%,+0.24%,-1.67%,+0.00%,+1.21%,+0.72%,+7.62%
3693.TWO,+0.84%,+2.19%,+1.33%,-1.11%,-1.32%,-6.80%,+1.22%,-0.44%,+2.52%,+2.57%
6290.TWO,+0.00%,+4.02%,-2.02%,-2.06%,-0.70%,-1.94%,+3.60%,+3.47%,+0.50%,+6.84%
6234.TWO,-1.19%,+0.30%,+3.00%,-0.58%,+0.29%,+0.29%,+0.29%,-0.58%,+0.29%,+0.87%
3360.TWO,+0.65%,-0.97%,+4.92%,-1.88%,-2.87%,-2.95%,+1.35%,+2.67%,+1.62%,-1.92%
3260.TWO,+2.09%,+2.05%,-3.72%,+0.15%,-0.45%,-2.84%,-1.23%,+3.58%,+0.30%,+0.90%
2035.TWO,+0.22%,-0.89%,+0.45%,+0.00%,+0.00%,+0.67%,+0.00%,+0.89%,+5.73%,-0.21%
6418.TWO,+0.00%,+0.00%,+0.00%,+0.00%,+0.42%,+0.00%,-1.80%,+0.70%,-1.05%,+0.00%
5230.TWO,+0.46%,+0.00%,+4.23%,-0.33%,-0.66%,-0.33%,+0.33%,+0.00%,+0.11%,+0.44%
3169.TWO,+2.31%,+1.32%,-0.56%,+0.00%,-1.12%,+0.00%,+0.75%,+1.87%,+0.92%,+0.18%
3516.TWO,+0.25%,+0.38%,+0.62%,+0.37%,+0.00%,-0.87%,+0.12%,-1.00%,+0.50%,-0.38%
3071.TWO,+0.00%,+0.97%,+1.60%,+0.79%,+0.78%,-1.40%,+2.20%,+0.62%,+1.83%,-0.75%
4741.TWO,-0.74%,+0.38%,+0.70%,+0.42%,-0.28%,-0.36%,-2.83%,+0.00%,-0.06%,+0.19%
8906.TWO,-3.82%,+0.00%,+0.00%,+1.75%,-2.03%,-2.55%,+3.43%,-2.84%,+0.00%,+0.00%
4966.TWO,+2.76%,+0.38%,+1.72%,+9.94%,-4.61%,+0.36%,+9.98%,-4.05%,+0.00%,+2.03%
6186.TWO,+0.00%,+0.00%,+0.76%,-1.00%,+1.27%,+0.00%,-1.25%,+0.25%,-1.26%,+0.77%
6169.TWO,-0.93%,-2.25%,-1.92%,-2.15%,+0.00%,-3.20%,+2.48%,-1.61%,+2.05%,+0.80%
8171.TWO,+0.00%,+0.49%,+1.96%,-0.48%,+0.00%,+4.35%,+9.72%,-0.84%,-0.85%,+0.00%
8085.TWO,+2.13%,-2.09%,-1.87%,-0.54%,-1.91%,-1.39%,+3.11%,-1.37%,+0.83%,+1.65%
8416.TWO,+0.67%,+1.67%,+2.41%,-1.07%,+1.08%,-0.96%,-0.54%,+2.07%,-1.17%,+3.34%
1570.TWO,+0.00%,+0.31%,+0.93%,-0.62%,-0.62%,+2.81%,+0.91%,-0.30%,+0.30%,+0.60%
3444.TWO,-6.62%,+2.36%,+1.65%,+1.30%,+3.85%,-1.23%,+2.50%,-1.22%,-1.54%,-0.63%
8027.TWO,+0.54%,+0.00%,-1.08%,+0.55%,+0.54%,+2.70%,+2.11%,+1.03%,+0.00%,+0.51%
4991.TWO,+4.00%,-1.28%,+1.30%,-0.90%,+1.16%,+1.28%,+0.38%,-0.25%,+2.14%,-0.99%
4542.TWO,+0.28%,+0.28%,-0.27%,+0.00%,-0.28%,+1.10%,+0.00%,+1.09%,-2.43%,-0.28%
3597.TWO,+0.00%,-0.87%,+0.00%,+0.88%,+0.00%,+2.17%,+0.00%,-0.71%,+3.71%,+0.00%
5536.TWO,+0.26%,+1.55%,+2.79%,+1.23%,-1.83%,+1.49%,+0.61%,-1.09%,+1.23%,-0.36%
6104.TWO,+1.39%,+3.08%,-0.78%,-0.33%,-2.13%,-5.15%,+1.81%,-1.18%,+0.36%,+1.31%
4197.TWO,+1.57%,+0.00%,-0.08%,+0.08%,+0.72%,-0.04%,-0.37%,+0.00%,-0.30%,+0.00%
4192.TWO,+0.52%,+1.41%,+2.66%,-0.49%,-0.74%,+0.25%,+2.00%,+1.96%,+0.72%,-1.31%
8074.TWO,+1.35%,+1.11%,+1.54%,+0.00%,-0.43%,-0.87%,+2.19%,+6.01%,+0.81%,-0.20%
4924.TWO,-0.14%,+2.50%,+0.00%,-2.84%,-0.28%,-5.03%,-2.94%,+0.76%,-1.05%,+0.76%
8182.TWO,+0.00%,+1.21%,+0.40%,+1.19%,-1.18%,+0.79%,+1.57%,+1.16%,+0.00%,+0.38%
2926.TWO,+3.26%,-0.97%,+0.25%,-0.49%,-1.72%,+0.50%,+5.97%,-1.88%,-2.63%,-1.72%
4732.TWO,-0.14%,-1.96%,+4.99%,-1.99%,-3.05%,-3.81%,+3.96%,-1.90%,+4.37%,-2.47%
8047.TWO,-1.36%,-0.46%,+0.46%,-0.46%,-1.39%,-1.41%,+1.90%,+0.93%,-2.31%,+0.00%
3211.TWO,+0.67%,+2.21%,+0.86%,+2.04%,+0.21%,-3.46%,+2.06%,-0.21%,-0.21%,-0.43%
9962.TWO,+0.70%,+1.25%,+1.24%,+0.14%,+0.81%,+2.29%,-0.39%,-0.26%,-0.13%,+0.27%
6180.TWO,-0.50%,-2.26%,+0.39%,-0.77%,-0.90%,-4.43%,+1.09%,-0.54%,+0.81%,+3.36%
6284.TWO,+0.75%,+1.00%,+3.45%,-0.24%,-0.24%,-1.20%,+0.48%,-1.20%,+6.34%,+0.92%
4558.TWO,-2.44%,+2.21%,+0.00%,+0.00%,+0.00%,+0.00%,+0.00%,+0.00%,+0.00%,+0.00%
5211.TWO,+0.78%,-0.26%,+3.34%,+3.48%,-0.96%,-0.73%,+2.20%,-0.48%,+1.92%,+0.47%
3558.TWO,+1.49%,-0.42%,+0.00%,-1.48%,-1.71%,+0.44%,-9.98%,+0.00%,+1.69%,-1.18%
1260.TWO,-0.87%,+0.29%,+9.88%,+5.29%,+9.55%,+7.80%,+0.04%,+8.68%,+7.63%,-1.82%
3595.TWO,+0.00%,+2.86%,+1.39%,+0.00%,-4.11%,+7.14%,+0.67%,+0.00%,+0.00%,+0.00%
7402.TWO,+1.30%,+3.97%,+9.61%,-4.04%,-3.16%,+0.00%,-2.18%,-0.87%,+1.25%,-0.12%
5267.TWO,+0.00%,+0.00%,+1.56%,-0.45%,+2.73%,+0.00%,+0.00%,+0.00%,+0.00%,+0.00%
4738.TWO,-4.76%,+4.00%,-5.77%,+2.86%,-6.94%,+8.53%,-4.52%,+4.32%,-4.54%,+4.13%
5863.TWO,+4.17%,+0.00%,+0.00%,+0.00%,+0.10%,-0.10%,-3.91%,+3.67%,+0.38%,+1.05%
8240.TWO,+1.10%,+0.00%,-0.82%,+1.37%,+0.27%,+1.89%,+0.53%,-3.16%,+2.72%,+0.26%
5601.TWO,+0.00%,+0.00%,-1.46%,+0.00%,-0.19%,+0.00%,+0.00%,-0.19%,+0.00%,+0.00%
5210.TWO,-0.92%,+0.77%,+2.00%,+0.60%,-1.20%,-3.03%,+1.41%,-0.15%,-0.46%,+0.62%
4183.TWO,+0.00%,+2.93%,-5.23%,+0.25%,-0.25%,+4.89%,-4.84%,+0.44%,+1.25%,+0.00%
2061.TWO,-1.88%,+0.00%,+4.31%,+2.75%,+0.00%,+1.34%,+0.44%,+0.44%,+0.00%,-3.49%
3663.TWO,+0.00%,+0.31%,-1.23%,+1.25%,-0.62%,-3.42%,-0.64%,-1.29%,+3.93%,-0.32%
6494.TWO,+0.00%,+2.03%,-0.17%,+0.00%,+0.00%,+0.00%,+3.60%,-0.03%,+2.29%,+2.14%
3707.TWO,-0.87%,-1.13%,+0.00%,-0.89%,+0.13%,+0.64%,+5.84%,+9.96%,+2.29%,+3.74%
3064.TWO,+1.79%,-1.75%,-1.02%,+2.58%,+0.75%,+9.98%,+9.98%,+9.90%,+9.94%,+9.90%
3498.TWO,+0.38%,+4.98%,+2.19%,+0.00%,+0.00%,-0.18%,+9.84%,+4.56%,+1.40%,+2.30%
3297.TWO,+1.21%,+1.80%,+3.53%,-2.27%,-1.74%,+0.59%,+2.65%,-1.15%,+0.00%,+0.29%
3310.TWO,-0.39%,-1.17%,+1.18%,+0.78%,-1.54%,+0.00%,-0.39%,-0.79%,+0.40%,+0.40%
3097.TWO,-2.45%,+0.00%,+1.60%,+0.39%,-4.20%,+5.26%,+0.00%,+0.00%,+0.00%,+0.00%
4432.TWO,+1.31%,+7.88%,-1.59%,-1.08%,+0.68%,+5.01%,-0.39%,+0.00%,+0.52%,-1.80%
4513.TWO,+0.61%,+2.33%,-0.99%,+0.00%,+0.00%,+0.00%,-0.40%,+0.20%,+0.20%,+0.00%
3313.TWO,+1.97%,+0.64%,+0.32%,-0.48%,-1.60%,+3.90%,-1.10%,+0.16%,-0.32%,+0.00%
4433.TWO,+0.80%,+3.01%,+1.54%,-1.52%,-2.62%,+4.58%,+4.38%,-2.75%,+0.30%,+0.89%
3529.TWO,+1.78%,+3.36%,-0.65%,-2.75%,-1.35%,+0.14%,+0.00%,-0.41%,+1.37%,+1.35%
8436.TWO,+4.38%,-0.76%,-0.77%,-0.78%,+0.00%,-2.34%,-0.40%,+4.02%,-1.16%,-1.56%
6276.TWO,-1.97%,+0.77%,-3.99%,+0.00%,-0.16%,+0.00%,+1.60%,+2.20%,-3.24%,-1.59%
6182.TWO,+0.88%,+1.31%,+0.43%,-0.86%,-0.43%,+1.30%,+0.86%,+8.51%,-1.96%,+0.40%
4931.TWO,+0.00%,+0.00%,+0.00%,+0.00%,+0.00%,+0.00%,+0.00%,+0.00%,+0.00%,+0.00%
6499.TWO,+0.67%,+4.84%,-4.11%,-0.71%,+3.59%,-2.77%,-2.39%,-0.26%,+3.69%,-3.77%
6171.TWO,-0.50%,-1.30%,+1.22%,-0.70%,+0.00%,+0.81%,+0.50%,+1.00%,+0.49%,+0.49%
8071.TWO,+0.44%,+0.44%,+1.76%,-0.87%,+0.44%,+0.87%,-0.86%,+0.00%,-0.87%,+0.88%
3632.TWO,+0.00%,+1.67%,+0.41%,-0.82%,-1.23%,+9.17%,+3.05%,-0.56%,-0.19%,+1.12%
5013.TWO,+0.60%,-1.19%,+0.60%,+0.00%,+0.00%,+1.50%,+2.06%,-2.31%,+1.18%,-0.88%
6548.TWO,+14.20%,-2.16%,+0.00%,-3.31%,+2.86%,-1.12%,+0.00%,-3.34%,+1.72%,-1.71%
5314.TWO,+0.49%,+1.95%,-2.07%,+0.00%,+0.00%,-1.14%,+0.66%,+0.49%,-0.49%,+0.49%
6407.TWO,+0.00%,+1.00%,-0.50%,-0.50%,-0.10%,+1.10%,-0.99%,+0.00%,+1.40%,-0.39%
4138.TWO,+1.22%,+1.90%,+3.05%,-0.16%,-0.82%,+1.16%,+0.66%,+1.96%,+3.04%,-1.71%
3594.TWO,-0.75%,+3.04%,-0.55%,-0.56%,-2.43%,-0.57%,+2.31%,+3.57%,+6.17%,+2.56%
6175.TWO,+0.00%,+0.39%,+0.39%,-0.78%,+1.97%,-1.54%,+0.00%,+0.39%,+1.17%,-1.93%
2718.TWO,+0.00%,+0.00%,+0.00%,+0.00%,+0.00%,+0.00%,+0.00%,-2.59%,+0.00%,-0.30%
3490.TWO,+0.00%,+1.32%,+3.32%,-1.68%,-0.28%,-0.14%,-2.43%,-0.15%,+0.88%,-0.58%
5321.TWO,-3.89%,+6.17%,-5.41%,+3.18%,+0.00%,+0.00%,+0.00%,+0.00%,-4.31%,-4.72%
4430.TWO,+0.57%,+0.19%,+0.38%,+0.56%,-0.19%,+0.00%,+1.69%,+0.18%,+1.84%,+0.00%
3379.TWO,+1.27%,+0.83%,+3.31%,-1.60%,-0.81%,-2.05%,+2.09%,+0.82%,+0.81%,+0.00%
3625.TWO,-0.65%,+0.99%,+0.00%,+1.09%,-1.61%,-5.14%,+1.27%,+0.68%,+2.71%,+0.11%
3141.TWO,+0.20%,+2.40%,+0.59%,-2.92%,-0.40%,+7.65%,+0.93%,+10.00%,+2.02%,-0.83%
6291.TWO,-1.43%,+0.00%,-4.36%,+0.00%,+0.00%,-11.41%,+9.87%,+0.00%,+5.47%,-1.85%
2221.TWO,-0.31%,+0.31%,+0.31%,+0.91%,+0.30%,+1.51%,+3.26%,+1.15%,-1.42%,-2.88%
6140.TWO,-4.89%,+3.27%,+1.81%,+0.00%,-4.44%,+0.93%,-7.83%,-0.20%,+0.70%,+2.49%
4559.TWO,+0.00%,+0.00%,+0.00%,+0.00%,-0.99%,+0.00%,+0.53%,+0.00%,+0.00%,-1.57%
3603.TWO,+3.12%,+0.61%,-3.61%,-2.50%,+0.00%,-1.92%,+1.31%,+4.52%,+2.47%,-4.22%
2745.TWO,+0.00%,+0.00%,+3.23%,+0.00%,+3.12%,+0.00%,+0.00%,+0.00%,+0.00%,-4.85%
6179.TWO,-0.43%,+1.14%,+0.42%,+0.42%,+0.00%,+3.37%,+3.12%,+0.13%,-0.13%,-1.97%
5493.TWO,+0.33%,+1.14%,-0.81%,+0.49%,-0.49%,+0.98%,+4.84%,-2.31%,+0.47%,+0.00%
6118.TWO,+0.92%,+2.61%,+4.97%,+0.12%,-1.09%,-1.84%,+1.00%,+0.99%,-0.49%,-0.12%
6264.TWO,+0.00%,+0.00%,+0.00%,+0.00%,+0.00%,+0.00%,+0.00%,+0.00%,+0.00%,+0.00%
3322.TWO,-0.55%,+1.10%,+0.54%,-0.43%,-2.06%,+9.98%,+9.88%,+1.83%,-3.15%,+0.93%
6203.TWO,+0.17%,+1.67%,-0.98%,-0.33%,+0.00%,-0.33%,+1.67%,+1.64%,+3.23%,-1.25%
4933.TWO,+1.43%,+0.00%,+1.64%,+0.69%,-0.46%,+1.84%,+1.81%,+1.11%,-0.22%,-0.44%
5201.TWO,-1.16%,-0.78%,+0.00%,-0.40%,+0.00%,-1.59%,+3.63%,-1.95%,+0.00%,-2.38%
3430.TWO,+0.00%,-0.47%,-0.47%,+0.00%,-1.05%,+0.00%,+0.00%,+0.00%,+0.00%,+0.00%
3265.TWO,+2.05%,+0.00%,+0.86%,-1.14%,-2.01%,-0.59%,+1.47%,+3.49%,+7.02%,-1.31%
4925.TWO,-0.75%,+0.54%,-0.22%,+1.03%,-2.67%,+0.93%,+3.21%,+0.74%,-2.04%,-1.55%
2067.TWO,+0.00%,+0.00%,+0.00%,+0.00%,-2.15%,+0.00%,+1.10%,+0.00%,+1.45%,+0.36%
8176.TWO,+0.00%,-1.53%,-0.72%,-2.29%,+1.11%,+0.00%,-1.83%,+0.00%,+2.86%,+9.90%
6114.TWO,+1.26%,-0.41%,+5.00%,-1.69%,+0.20%,+2.11%,-0.20%,+1.78%,-1.17%,+9.82%
3236.TWO,+0.85%,-0.84%,+1.69%,-1.25%,+0.42%,+0.42%,+2.93%,+5.69%,-0.77%,+0.00%
3289.TWO,+4.32%,+0.21%,+0.72%,+0.51%,-0.41%,+8.61%,-3.77%,+0.49%,+3.41%,+2.36%
4419.TWO,+4.83%,-3.02%,+0.00%,+1.47%,-2.90%,+0.00%,+0.00%,+12.62%,+3.83%,-1.28%
3710.TWO,+0.00%,+0.94%,+1.40%,-0.61%,-1.39%,-0.94%,+1.74%,-0.93%,+1.41%,+0.77%
5309.TWO,+4.14%,-1.53%,-0.93%,+0.31%,-1.88%,+0.64%,-0.32%,+0.63%,+1.58%,-0.31%
8458.TWO,+0.00%,+4.08%,+2.00%,-2.69%,-0.79%,-1.20%,+4.88%,-1.54%,+0.35%,+3.11%
3556.TWO,+3.92%,+0.40%,+1.38%,+0.97%,-0.97%,+3.70%,+1.50%,+2.22%,-0.36%,-0.55%
3527.TWO,+0.50%,+2.38%,+1.47%,+1.08%,+0.12%,+2.02%,+1.40%,-0.58%,+1.62%,-0.46%
3088.TWO,-0.46%,+1.23%,-0.15%,-0.15%,+0.00%,+2.43%,+0.74%,-0.15%,+0.59%,+3.37%
5508.TWO,+0.58%,+0.38%,+2.49%,-0.56%,-0.75%,-1.70%,+0.00%,+0.39%,-0.19%,-0.19%
4129.TWO,-0.58%,+0.88%,-0.15%,+1.02%,-0.72%,+0.44%,+1.45%,+0.71%,+5.81%,-1.87%
8044.TWO,+3.11%,+0.00%,+8.72%,-1.23%,-3.28%,-0.48%,+4.55%,+0.00%,+5.59%,+1.32%
1599.TWO,-0.46%,+3.10%,+0.11%,-1.34%,+0.00%,+2.37%,+3.31%,-2.45%,+0.44%,-0.87%
6148.TWO,-0.69%,-0.14%,+1.12%,+0.83%,-0.27%,-2.62%,+9.90%,+1.03%,+3.06%,+0.25%
5701.TWO,+1.00%,-0.99%,+1.33%,-0.99%,+0.00%,-1.33%,+0.67%,+0.67%,-0.66%,+1.00%
5703.TWO,-0.23%,+3.29%,-2.27%,+1.40%,-2.52%,+2.12%,+0.00%,+0.00%,+0.00%,+0.23%
3585.TWO,+0.00%,+0.00%,+1.67%,+0.00%,-1.64%,+0.00%,+0.00%,+0.00%,-0.83%,-0.84%
6509.TWO,+0.00%,+1.07%,-0.26%,+0.26%,-0.53%,-0.53%,+1.33%,+0.79%,+2.61%,-1.53%
3105.TWO,+1.85%,-5.27%,+2.88%,-1.12%,+0.75%,-0.56%,+3.58%,-0.73%,-1.47%,+0.93%
9957.TWO,-0.43%,+0.43%,+0.00%,+0.14%,+0.14%,-0.43%,+1.14%,-0.28%,+0.00%,+0.71%
5212.TWO,+1.35%,+3.72%,-2.31%,+2.10%,-2.06%,-0.79%,+2.38%,-1.81%,+0.26%,+0.00%
5014.TWO,-0.30%,+0.44%,+2.36%,+0.29%,-1.29%,+0.44%,+2.90%,-2.25%,+2.59%,-0.28%
8064.TWO,-0.82%,-0.41%,-1.24%,-0.42%,+0.00%,+0.00%,+0.84%,+0.83%,-1.65%,+1.26%
5299.TWO,+0.00%,+0.00%,-1.42%,+5.74%,-4.52%,+0.00%,+0.47%,+4.25%,-4.52%,-0.38%
3362.TWO,+0.85%,-0.84%,+0.85%,+9.66%,+1.53%,+1.51%,-0.37%,-0.37%,-1.12%,+4.92%
1784.TWO,-0.32%,+2.55%,+0.93%,-1.38%,-0.16%,-0.94%,+2.21%,+1.23%,+1.83%,-1.35%
6130.TWO,-1.64%,+0.37%,+7.01%,-2.76%,-0.35%,-1.60%,+0.18%,+1.99%,+0.88%,-1.75%
5425.TWO,+1.10%,+0.93%,+0.93%,+1.22%,+0.91%,+2.10%,-2.05%,+1.20%,+0.74%,-0.15%
2235.TWO,+0.00%,+0.84%,-1.66%,+0.42%,+0.00%,+0.00%,-0.42%,-0.42%,+0.85%,-0.84%
3629.TWO,+1.62%,+4.14%,-1.83%,+0.00%,+1.87%,+7.03%,+0.57%,+0.85%,+2.68%,+2.88%
3290.TWO,-1.87%,-1.14%,-0.77%,+0.00%,+0.00%,+0.00%,+1.94%,-1.14%,+3.85%,+0.00%
1742.TWO,+1.44%,+0.00%,+3.79%,-0.46%,-2.75%,-1.89%,+0.96%,+0.00%,-0.95%,-3.37%
3465.TWO,+0.00%,-14.19%,+9.99%,+0.00%,+0.00%,+0.00%,-9.99%,+9.98%,+0.00%,-0.10%
6246.TWO,+3.96%,-3.11%,+6.79%,+0.00%,-7.02%,+7.91%,+6.67%,-3.13%,-3.55%,+0.00%
5271.TWO,+0.00%,+0.00%,+0.18%,+0.35%,+0.88%,+5.22%,+2.64%,-3.38%,+1.67%,+0.00%
5481.TWO,+1.90%,+0.93%,+0.92%,+0.00%,-3.66%,-0.32%,-1.59%,-0.65%,+1.30%,+0.32%
8059.TWO,-2.26%,+4.25%,+6.30%,+0.35%,-3.82%,-3.25%,+1.12%,-1.85%,+0.75%,-2.24%
4533.TWO,+0.00%,+0.00%,+0.85%,-0.42%,-0.85%,+2.58%,+7.11%,-0.78%,-0.79%,+1.59%
8933.TWO,+1.42%,+1.05%,+3.47%,-1.01%,-0.34%,-5.78%,+1.44%,+0.36%,+0.35%,+0.00%
5457.TWO,+0.00%,+0.00%,-2.96%,-0.20%,-1.43%,+2.69%,+1.21%,+0.80%,+1.78%,+0.58%
3511.TWO,+1.73%,+2.13%,-0.83%,+0.84%,-3.33%,+9.91%,+10.00%,+5.70%,+0.17%,+9.26%
6212.TWO,-1.69%,+5.52%,-5.05%,+2.28%,+0.00%,+5.76%,+0.00%,+0.00%,+0.00%,+0.00%
5474.TWO,+1.47%,+3.44%,+2.63%,-1.37%,-2.94%,+1.96%,+2.27%,-0.85%,+1.72%,+0.51%
6518.TWO,-0.70%,+2.11%,+0.00%,-1.72%,+1.75%,-1.21%,+6.46%,-2.30%,+2.42%,-1.67%
5351.TWO,+1.60%,+0.00%,+0.39%,-0.39%,-1.57%,-0.40%,+2.01%,+0.39%,+7.06%,-2.56%
1593.TWO,+0.55%,+0.00%,+1.37%,+1.62%,+1.06%,+0.00%,+2.11%,-1.55%,+0.00%,+0.00%
3288.TWO,-4.94%,-1.49%,+1.06%,+1.49%,+0.00%,+0.00%,+4.41%,+10.00%,+9.99%,-4.89%
6190.TWO,-0.38%,+1.32%,+0.74%,+1.48%,+0.91%,+4.50%,+1.55%,+1.70%,-1.00%,-1.52%
1780.TWO,-0.54%,+0.31%,+0.15%,+1.92%,-0.75%,+0.00%,+0.00%,+0.76%,+0.30%,-2.32%
3508.TWO,-1.64%,+0.00%,+1.25%,-0.41%,-0.83%,+2.50%,+2.44%,+0.40%,+0.40%,+2.36%
3294.TWO,+0.32%,+0.63%,-3.13%,-0.65%,-9.77%,-5.42%,+1.91%,+0.75%,+0.74%,+0.00%
5516.TWO,-1.16%,+0.58%,+2.09%,-4.10%,+1.54%,-0.82%,+9.43%,-4.09%,+3.93%,-2.05%
3083.TWO,-4.96%,-2.86%,+1.15%,-0.38%,-1.40%,-3.09%,+0.93%,-1.19%,+1.73%,+2.23%
5345.TWO,+0.00%,-0.10%,-3.41%,+1.07%,-1.37%,-0.11%,+0.86%,+2.87%,+0.31%,+2.06%
6609.TWO,-0.18%,+0.00%,+2.03%,-2.90%,-1.49%,+0.95%,-0.75%,+0.95%,+2.62%,-0.36%
8905.TWO,+0.00%,+1.47%,-0.72%,-0.73%,+0.00%,-2.21%,-1.88%,-0.38%,-0.77%,+0.39%
3615.TWO,-0.82%,+0.00%,+8.29%,-0.77%,+1.80%,+9.85%,+9.89%,-0.21%,+1.05%,+4.77%
6207.TWO,+0.21%,+1.05%,+1.88%,-0.82%,-1.65%,-2.73%,+2.37%,-1.05%,+1.06%,+1.05%
5205.TWO,+9.51%,+9.76%,-9.78%,+0.00%,+0.00%,+0.00%,+0.00%,+0.00%,+0.00%,+0.00%
6411.TWO,+0.65%,+2.27%,-1.27%,+2.73%,-2.03%,-0.32%,+2.08%,-0.47%,+9.94%,-1.00%
6188.TWO,-0.67%,+0.89%,+2.65%,+0.86%,-2.14%,-1.31%,+0.88%,+1.97%,-1.51%,+1.31%
2726.TWO,-0.27%,+0.41%,-0.54%,-0.82%,+0.41%,+1.09%,+0.00%,-2.16%,-1.80%,-5.77%
3268.TWO,+0.38%,+1.15%,+0.00%,-3.79%,+0.00%,+1.18%,+5.84%,+0.74%,+0.00%,+1.46%
1815.TWO,+0.31%,+0.00%,+1.42%,-0.30%,-1.41%,+1.53%,+2.51%,+1.96%,+0.00%,+1.44%
5468.TWO,+1.02%,+3.37%,-3.91%,-4.58%,+0.71%,+6.17%,-5.15%,+1.23%,+3.29%,-5.03%
4707.TWO,-0.25%,+0.25%,+0.87%,+0.12%,-0.49%,-1.24%,+1.75%,-0.12%,+0.49%,-0.37%
8107.TWO,+0.27%,+0.54%,-1.61%,+1.09%,+2.43%,+4.75%,-2.77%,+0.52%,+2.58%,+0.00%
2924.TWO,+0.17%,-1.02%,+2.07%,-0.67%,+1.70%,-0.83%,+0.51%,-0.84%,+0.34%,-0.67%
6428.TWO,+0.00%,+0.00%,-4.91%,+0.00%,+0.00%,+0.00%,+0.00%,+0.00%,+0.00%,+0.00%
3526.TWO,+9.94%,+1.45%,+1.60%,+5.79%,-2.16%,+0.17%,-1.18%,-6.68%,+6.42%,+0.00%
6199.TWO,+0.00%,-9.72%,+0.00%,+0.00%,+32.65%,+0.00%,+19.66%,+0.00%,+0.00%,+0.00%
3234.TWO,+0.12%,+2.60%,-2.19%,+0.12%,-1.06%,+1.07%,+2.35%,+4.02%,+7.40%,+0.10%
2063.TWO,+0.21%,-0.21%,+0.00%,-2.08%,+6.38%,+10.00%,+0.36%,+2.17%,-2.84%,+0.91%
5011.TWO,-0.85%,+1.50%,-1.27%,-0.21%,+0.00%,+1.07%,+0.00%,-0.85%,+1.28%,-1.05%
4417.TWO,+1.00%,+2.81%,+2.25%,-1.26%,-1.27%,-1.61%,-0.33%,-2.14%,+0.50%,+0.84%
6204.TWO,+0.00%,+0.22%,+0.22%,+0.65%,+0.00%,+0.22%,-1.29%,+1.30%,+0.21%,+0.00%
8098.TWO,+0.00%,+0.00%,+0.00%,+0.00%,+0.00%,+0.00%,+0.00%,+0.00%,+0.00%,+0.00%
4406.TWO,-1.90%,+1.94%,-0.48%,+6.22%,+7.21%,+2.94%,-1.63%,-1.66%,+2.53%,+0.00%
8234.TWO,+0.56%,+2.78%,-1.81%,-0.55%,-1.29%,+0.75%,+1.49%,-0.18%,+1.65%,-1.08%
8084.TWO,+0.00%,+1.22%,-3.23%,-2.50%,+0.64%,+0.00%,+0.00%,+2.76%,+0.83%,+0.41%
4123.TWO,+0.47%,+1.55%,+1.53%,+0.45%,+0.15%,+0.15%,+2.99%,+0.72%,+0.58%,-1.29%
4973.TWO,+1.43%,+1.06%,-1.05%,-0.35%,-2.12%,+0.00%,+4.69%,+1.72%,+0.68%,+1.68%
4728.TWO,+2.59%,+0.93%,+1.32%,+0.91%,+0.51%,+1.41%,+1.01%,-0.50%,+0.13%,-0.25%
4305.TWO,+0.00%,+0.75%,-0.93%,+1.12%,-0.37%,-0.19%,+0.93%,+1.66%,-3.45%,-0.38%
4413.TWO,+0.00%,+0.00%,+0.00%,+0.00%,+0.00%,+0.00%,+0.00%,+0.00%,+0.00%,+0.00%
5512.TWO,+0.00%,+0.81%,+8.00%,-0.21%,-0.95%,-1.82%,+0.98%,+0.00%,+0.22%,-0.22%
3221.TWO,+1.96%,-0.43%,+2.78%,+0.00%,+5.83%,+6.10%,-0.19%,-3.53%,-0.77%,+4.27%
6441.TWO,+2.63%,-2.05%,+0.00%,+0.00%,+2.09%,+0.00%,+0.00%,-5.00%,+0.00%,+0.00%
6151.TWO,-0.23%,+0.45%,+2.70%,-0.22%,+0.44%,+1.75%,+3.01%,+1.67%,+0.00%,+3.29%
5478.TWO,-2.11%,-0.86%,+7.10%,-2.17%,-1.80%,-3.24%,+1.75%,-2.15%,+0.29%,+1.17%
8111.TWO,+1.53%,-3.52%,+1.56%,+0.51%,+0.51%,+1.78%,+0.25%,+2.99%,-3.62%,+0.75%
8928.TWO,+0.00%,+0.00%,+0.83%,-0.69%,+0.14%,+3.32%,+4.02%,+0.39%,+2.69%,+1.62%
3531.TWO,+1.53%,-1.13%,+0.38%,+4.55%,-3.26%,-0.37%,+1.88%,+2.58%,-1.08%,+1.45%
3252.TWO,+3.09%,-3.59%,+0.00%,-0.62%,+2.50%,+9.76%,+5.56%,+2.63%,-2.05%,-1.31%
8329.TWO,+1.78%,-3.59%,+0.70%,+0.00%,+0.00%,-2.00%,+2.04%,+0.00%,-5.00%,+4.21%
3093.TWO,+0.00%,+1.25%,+0.00%,-0.53%,-0.71%,+0.00%,+0.00%,+0.00%,-1.79%,+2.91%
8076.TWO,+0.92%,+2.85%,+0.13%,+0.88%,-1.87%,-0.25%,+3.32%,-1.48%,+0.38%,+0.25%
6138.TWO,+1.57%,+2.33%,+0.51%,+1.26%,-1.24%,+5.28%,+2.63%,+1.16%,+6.90%,-1.29%
5529.TWO,-1.22%,+3.03%,+3.88%,-0.64%,+1.81%,-0.76%,+0.64%,-0.38%,+2.43%,-2.50%
8477.TWO,+0.00%,+0.23%,+0.00%,+0.00%,-0.23%,+0.00%,+0.54%,+3.54%,+0.76%,+0.53%
8936.TWO,-0.36%,+3.59%,-0.87%,-0.35%,+0.53%,-0.87%,+2.64%,-0.86%,+1.04%,+1.20%
6508.TWO,+0.41%,+0.81%,+4.42%,-2.31%,+0.00%,+0.39%,+0.00%,-0.39%,+0.39%,+0.00%
8097.TWO,-0.81%,+1.63%,+4.46%,-1.20%,-0.11%,-7.87%,+5.17%,+0.34%,-1.48%,-3.01%
3131.TWO,+2.02%,+1.54%,+0.00%,-1.30%,+0.66%,-0.44%,-0.44%,+2.64%,+2.36%,-2.30%
2230.TWO,+0.00%,+0.00%,+0.36%,-1.07%,+1.81%,-0.71%,+2.14%,-0.70%,+2.11%,+0.00%
3675.TWO,+1.16%,+1.60%,+4.28%,+0.43%,-1.72%,+0.00%,+0.66%,+0.00%,+0.22%,+1.08%
8431.TWO,+1.11%,+2.19%,+4.69%,-0.51%,-2.57%,-1.59%,+1.34%,+0.13%,-0.93%,+9.88%
3122.TWO,+0.71%,+2.82%,+5.48%,-0.32%,-2.61%,+0.00%,+2.34%,-0.33%,+1.97%,-0.32%
8937.TWO,+0.00%,+0.88%,+1.74%,+0.00%,-1.71%,-0.87%,+2.19%,+0.00%,-0.43%,+0.00%
6486.TWO,+1.68%,-1.58%,+0.86%,-0.33%,-0.10%,-0.48%,+0.48%,-2.36%,+0.15%,+2.61%
5328.TWO,+1.30%,+1.50%,+3.17%,-2.25%,-1.05%,+1.48%,+9.81%,-2.09%,+1.75%,+0.19%
6163.TWO,+0.49%,-0.98%,+0.50%,-0.49%,-0.99%,+0.00%,+10.00%,+1.36%,+0.45%,+1.34%
6244.TWO,+2.32%,+1.01%,-2.99%,+0.39%,-0.64%,+1.29%,+4.07%,-0.24%,+1.23%,+6.78%
8088.TWO,-1.00%,+1.68%,+0.66%,+0.99%,-0.65%,-0.66%,+0.00%,+0.33%,+0.00%,+0.66%
5386.TWO,+7.72%,-3.10%,-1.60%,+1.22%,-0.40%,-2.82%,+2.28%,+0.00%,+0.00%,+0.81%
8426.TWO,+9.91%,+9.98%,+19.18%,-2.21%,+0.75%,+0.00%,-0.50%,+4.26%,-0.36%,+9.89%
3438.TWO,+0.96%,+0.32%,+2.20%,+0.92%,-1.83%,+1.24%,+2.15%,+1.20%,+1.48%,+0.58%
4946.TWO,-2.44%,-0.29%,-1.62%,+0.60%,-1.94%,-2.74%,+0.16%,-1.72%,+0.95%,+1.73%
5274.TWO,+1.50%,-1.47%,+6.59%,-1.69%,+1.14%,-0.71%,-2.13%,-2.33%,+0.30%,+1.19%
4909.TWO,+0.23%,+1.12%,+0.22%,+0.22%,-1.33%,+1.35%,+2.21%,+0.43%,+1.51%,+2.34%
6016.TWO,-0.30%,+2.52%,+1.45%,-0.28%,+0.43%,-2.13%,+0.58%,-1.73%,+0.15%,-0.88%
8069.TWO,-0.35%,+0.70%,-0.35%,+6.29%,+0.00%,+2.96%,+1.28%,+0.32%,+0.94%,-1.25%
5347.TWO,+5.26%,+10.00%,+4.65%,+0.61%,+0.00%,+2.41%,-0.39%,+0.39%,+0.00%,+0.98%
5248.TWO,+0.00%,+0.00%,+0.00%,+0.00%,-0.40%,+3.33%,+0.00%,+2.26%,+0.76%,+0.00%
6143.TWO,-0.76%,+0.00%,+1.73%,+1.32%,-0.74%,-0.38%,+9.04%,+7.08%,+7.26%,-0.15%
3441.TWO,+0.96%,+0.47%,+5.66%,+9.82%,-2.03%,-0.41%,-2.08%,+0.85%,-0.42%,-0.85%
8080.TWO,+3.15%,+9.79%,+10.86%,-4.02%,+0.00%,+3.93%,-1.01%,+0.76%,+1.01%,+1.00%
5490.TWO,+0.75%,+1.33%,+0.29%,+0.29%,+0.15%,+3.33%,+0.14%,+0.70%,+4.17%,+1.20%
6542.TWO,-3.29%,+2.63%,-2.47%,+0.00%,+0.00%,+0.00%,+0.00%,+0.00%,+0.00%,-1.08%
6263.TWO,+0.25%,+0.87%,+1.11%,+0.00%,+0.37%,+2.79%,+0.95%,+0.47%,+0.58%,-0.35%
6236.TWO,-4.32%,+0.00%,+4.35%,+0.00%,+0.00%,+1.08%,-2.14%,+1.09%,+0.15%,+1.08%
2641.TWO,+0.42%,+0.70%,-0.98%,+0.00%,-0.28%,-0.85%,+0.57%,+0.43%,-0.99%,+0.71%
8432.TWO,+0.00%,+2.07%,+3.19%,+0.14%,-0.84%,-1.98%,+2.02%,+0.99%,+3.78%,+5.40%
6218.TWO,-0.60%,+0.00%,-0.61%,+2.44%,-1.19%,+0.00%,+3.01%,+1.75%,+1.44%,+0.00%
4127.TWO,+0.48%,+0.48%,+2.86%,-0.69%,+0.00%,+0.23%,+1.16%,+0.69%,+1.83%,-1.35%
6217.TWO,+2.51%,+2.81%,+0.00%,-0.12%,-2.62%,+2.44%,+2.63%,+0.93%,-0.69%,+1.62%
6569.TWO,+6.25%,+5.22%,-3.72%,+2.59%,+1.19%,+0.00%,+1.31%,+19.56%,-2.50%,-3.16%
3466.TWO,+3.45%,-1.43%,+0.97%,+0.00%,-1.67%,-0.97%,+5.90%,-0.23%,-2.33%,+0.00%
8921.TWO,+0.00%,-1.35%,+0.00%,+0.68%,+7.12%,+8.23%,+0.00%,-2.05%,-1.79%,-0.91%
3163.TWO,+0.95%,-0.31%,+0.00%,-0.31%,-0.47%,+9.95%,+2.01%,+5.35%,-0.27%,+2.41%
4546.TWO,+0.00%,+0.75%,+2.72%,+0.00%,-0.75%,-0.61%,-0.59%,+0.15%,+0.32%,+2.71%
4186.TWO,+0.00%,+0.36%,-4.37%,+0.44%,-0.37%,+1.31%,-3.34%,-1.68%,+1.71%,-1.59%
8109.TWO,+0.00%,+0.17%,+0.87%,+1.03%,+2.38%,+0.66%,+1.16%,+0.16%,+9.93%,+6.67%
8077.TWO,+5.34%,+3.34%,+0.00%,-7.84%,-0.11%,+0.00%,+0.00%,+7.99%,+0.00%,+0.00%
6512.TWO,-0.63%,-1.09%,+1.08%,+1.83%,+0.04%,+0.00%,+3.37%,+1.18%,+0.65%,+0.00%
3546.TWO,-4.25%,-1.18%,+0.00%,-1.50%,-1.37%,-3.24%,+2.55%,-0.93%,+0.31%,+2.50%
3552.TWO,+0.27%,+1.78%,-0.94%,-1.36%,+0.96%,+8.05%,-0.38%,+5.96%,-0.12%,-0.84%
6241.TWO,+1.16%,-1.92%,+2.34%,+0.00%,-2.29%,+0.00%,+2.34%,-1.53%,+0.78%,-1.54%
3293.TWO,-0.33%,+0.33%,+7.24%,+9.82%,+1.96%,+6.85%,-1.79%,+2.61%,+2.80%,+9.90%
3117.TWO,+0.00%,+0.00%,+0.00%,+0.00%,+1.20%,+0.00%,-1.78%,+0.00%,+0.00%,-3.25%
9960.TWO,-0.53%,+0.53%,+0.26%,+0.26%,+4.74%,-1.51%,-1.28%,+0.26%,-1.55%,+0.26%
8279.TWO,-0.56%,+1.50%,-0.63%,+0.82%,-0.41%,+0.22%,+8.89%,-0.51%,-0.85%,-1.72%
3485.TWO,-0.38%,+0.69%,-0.84%,+0.00%,+0.00%,+0.00%,+0.00%,+0.00%,+0.00%,+0.00%
1595.TWO,+1.11%,+0.55%,+1.09%,+0.90%,-0.36%,-0.54%,+1.62%,-0.71%,+0.00%,+0.18%
6150.TWO,+0.00%,+1.60%,-1.29%,-0.15%,+0.15%,+0.58%,+2.60%,+0.70%,+0.00%,-0.14%
4903.TWO,-0.79%,-1.19%,-3.21%,-2.49%,+0.00%,+2.13%,+0.00%,-0.83%,+0.00%,-0.84%
8444.TWO,-0.27%,+1.51%,+0.54%,+0.94%,-0.40%,+0.40%,-1.20%,-0.67%,+1.90%,-0.53%
6517.TWO,-2.71%,+0.00%,+0.00%,+0.00%,-0.10%,-3.83%,-1.08%,+0.00%,+0.00%,+0.00%
2643.TWO,-0.55%,+0.55%,+1.51%,+0.11%,-2.40%,-0.61%,+1.72%,+7.81%,+3.37%,+2.99%
3213.TWO,-2.71%,+1.14%,-0.38%,+0.00%,-0.75%,-0.25%,-0.38%,+0.76%,-0.38%,-1.52%
3489.TWO,+0.53%,+0.11%,-0.11%,-1.60%,+0.86%,+0.75%,+0.53%,-2.54%,-0.87%,+0.55%
6126.TWO,-0.76%,+0.64%,-3.44%,-1.58%,+3.35%,-2.85%,+0.00%,+0.67%,+0.93%,+1.18%
8289.TWO,+0.95%,+0.47%,+0.47%,-0.47%,-1.41%,+0.00%,+2.86%,+0.46%,+2.76%,-0.45%
5439.TWO,-0.28%,+1.10%,-1.09%,-0.55%,+0.56%,+0.55%,+1.10%,+0.82%,+1.08%,+0.80%
6423.TWO,+1.66%,+0.22%,+5.91%,-3.02%,+0.42%,+4.27%,-1.14%,+3.45%,+0.35%,-4.96%
4198.TWO,+0.00%,-0.32%,+0.33%,+0.00%,+0.00%,-1.46%,-0.33%,+1.65%,+2.60%,-0.32%
4157.TWO,-0.54%,+1.63%,+5.71%,-2.03%,-0.17%,-2.42%,+0.53%,+0.53%,+2.28%,-1.37%
6546.TWO,-0.87%,+1.30%,+0.29%,-0.54%,-0.17%,-1.67%,+0.76%,+1.56%,+2.36%,-1.90%
5398.TWO,-0.51%,-1.03%,-0.52%,+0.00%,+0.00%,+0.00%,+0.00%,+0.52%,-1.04%,-1.84%
4714.TWO,-0.49%,+0.50%,+0.49%,+1.11%,-1.22%,-1.48%,+0.87%,+0.00%,+0.74%,+1.23%
5432.TWO,+0.00%,+0.00%,-0.98%,+0.33%,-0.33%,+0.00%,+0.33%,-0.33%,+0.33%,+0.00%
2734.TWO,-0.25%,+3.32%,+1.98%,+0.00%,+1.21%,-0.24%,-1.68%,-1.95%,+2.49%,+5.83%
4527.TWO,+0.22%,+0.86%,+0.00%,+0.00%,+2.13%,-0.21%,+1.67%,+1.03%,-0.61%,-0.41%
4541.TWO,+0.17%,+1.66%,+0.16%,-0.33%,+0.00%,+1.64%,+0.48%,+0.96%,+2.07%,+4.67%
8450.TWO,+0.66%,+0.65%,-0.91%,+0.92%,-0.26%,+0.00%,+5.47%,-1.23%,+1.25%,+2.47%
6265.TWO,+0.16%,+3.75%,+0.94%,-0.78%,-1.10%,+0.16%,+1.58%,-0.31%,+0.78%,+0.16%
3206.TWO,-0.26%,+1.32%,+4.69%,+1.99%,-1.71%,+5.21%,+0.71%,+0.00%,+3.51%,-0.90%
5340.TWO,-0.30%,+0.00%,+0.00%,-4.19%,+1.56%,+2.15%,-0.30%,+4.23%,+0.00%,-0.29%
2741.TWO,+0.00%,+0.00%,+0.00%,+0.00%,+0.01%,+0.00%,-5.00%,+0.00%,+0.00%,+0.00%
5302.TWO,+2.52%,+0.38%,-2.64%,+2.13%,-0.19%,-0.38%,-0.19%,-0.19%,+0.19%,+0.38%
8390.TWO,-1.54%,+3.92%,+2.64%,-2.21%,-1.88%,+6.90%,-1.43%,+0.36%,+0.36%,+0.36%
6535.TWO,+1.03%,+2.64%,-1.39%,+0.19%,-0.64%,+3.65%,+1.01%,+1.43%,+1.20%,-3.69%
5240.TWO,-6.98%,+0.00%,+0.00%,+0.00%,+0.00%,+0.00%,+0.00%,+4.88%,+0.00%,+0.00%
3672.TWO,-1.33%,-3.24%,-0.56%,-2.25%,-2.16%,+1.32%,-0.43%,-1.31%,+0.29%,+2.79%
8383.TWO,+0.60%,+1.42%,+3.50%,+0.00%,-1.58%,+5.16%,+0.87%,-1.19%,+1.53%,+0.65%
4195.TWO,-3.97%,+3.66%,+0.17%,-1.38%,+0.11%,-3.82%,+2.29%,-3.99%,+0.22%,-3.74%
6538.TWO,+0.00%,+0.45%,+0.00%,+2.67%,+0.00%,+0.00%,+0.00%,+0.00%,+0.00%,+0.00%
6228.TWO,+0.12%,+0.12%,+0.60%,-4.65%,-2.38%,+10.00%,+9.91%,+9.23%,-3.59%,+3.22%
6275.TWO,+0.00%,+0.91%,+0.45%,+0.00%,+3.14%,-0.43%,-0.87%,+0.88%,+0.44%,-1.30%
6469.TWO,+0.53%,-0.05%,+1.93%,-2.88%,+0.73%,+0.58%,+0.00%,+0.00%,-1.63%,+1.10%
3659.TWO,+0.00%,+0.00%,+0.00%,+0.00%,+0.00%,+0.00%,+0.00%,+0.00%,+0.00%,-0.45%
5272.TWO,+2.22%,+3.11%,-1.66%,-0.77%,-2.31%,+0.47%,+3.46%,+0.30%,+2.42%,+5.33%
3631.TWO,+9.30%,+1.24%,-0.82%,+1.24%,+2.45%,-1.20%,-4.44%,-3.38%,+0.66%,-2.39%
5443.TWO,+3.70%,+3.21%,+1.73%,+1.70%,-3.68%,-2.43%,+1.07%,+1.41%,+5.56%,-2.30%
3611.TWO,+1.99%,-0.18%,+0.53%,+0.53%,-3.86%,+0.73%,-3.08%,+1.87%,+2.02%,+2.52%
6219.TWO,+1.31%,+0.86%,-0.85%,+0.00%,+0.00%,+1.29%,+0.00%,+1.28%,-2.10%,+0.86%
5523.TWO,-2.28%,+4.55%,+0.00%,-1.99%,+0.13%,-7.59%,+9.32%,-3.51%,+1.69%,-2.55%
8054.TWO,+0.26%,+0.00%,+2.08%,-1.28%,-1.29%,+0.52%,+0.52%,-0.52%,+0.52%,+0.52%
3680.TWO,+0.91%,+1.08%,-0.54%,+0.72%,-1.07%,+2.17%,+3.00%,+1.54%,+0.68%,+0.17%
4171.TWO,+0.00%,+2.05%,+2.35%,-2.30%,-1.68%,+5.63%,-1.94%,+0.66%,+2.78%,-0.96%
4154.TWO,+1.25%,+1.24%,+0.24%,-1.71%,+0.25%,+0.00%,-0.25%,-1.24%,+1.01%,+1.24%
8093.TWO,+3.45%,+1.05%,+1.91%,+0.68%,+2.20%,-1.16%,-1.01%,+0.00%,+1.53%,-0.67%
5348.TWO,+0.00%,+0.00%,+0.00%,+0.00%,+0.00%,+0.00%,+0.00%,+0.00%,+0.00%,+0.00%
5371.TWO,+0.00%,+0.97%,+2.89%,+0.56%,+1.30%,-2.21%,+3.76%,+0.54%,-0.18%,+9.93%
3541.TWO,+1.78%,+1.88%,+8.59%,-1.46%,+2.22%,+2.78%,+0.35%,-0.23%,+0.23%,+0.00%
4711.TWO,+1.72%,+0.42%,+0.00%,-2.10%,-0.43%,+2.59%,+0.84%,+0.00%,+1.67%,-2.05%
5604.TWO,+0.00%,-1.84%,+1.88%,+0.00%,+0.00%,+2.69%,+0.14%,+0.55%,+3.97%,+0.00%
6488.TWO,-0.14%,+0.55%,+0.14%,-1.37%,-1.95%,+1.56%,+1.54%,-0.83%,+3.05%,+6.33%
4147.TWO,-1.92%,+9.80%,+0.45%,+1.78%,+0.00%,-3.71%,-1.36%,+1.38%,+7.94%,-5.04%
3191.TWO,+2.38%,+0.00%,+3.20%,+0.28%,+0.00%,-1.69%,+0.29%,+0.28%,+0.28%,+0.28%
6547.TWO,-1.69%,+1.86%,+3.00%,+0.33%,-0.13%,+0.43%,+0.00%,+0.03%,-0.03%,-1.96%
6434.TWO,+0.00%,+0.00%,+0.00%,+0.00%,+0.00%,+0.00%,+0.00%,+0.00%,+5.25%,+0.00%
4166.TWO,+0.00%,+4.67%,-12.42%,+0.47%,+0.18%,-2.46%,-3.70%,+1.15%,+0.42%,-0.19%
6101.TWO,+1.27%,+0.00%,-4.17%,+2.17%,-0.21%,-5.12%,-2.92%,+3.94%,-2.67%,-3.89%
2596.TWO,+1.63%,+1.60%,-0.39%,+0.00%,-1.98%,+0.00%,+3.63%,+0.00%,-1.56%,-2.37%
8917.TWO,+0.00%,+0.91%,+0.00%,+0.30%,+0.00%,+1.00%,+0.00%,+0.00%,+0.00%,+0.00%
6527.TWO,+2.47%,-1.10%,+0.64%,+1.27%,+0.41%,+2.89%,+5.88%,+1.33%,+0.44%,-2.17%
3684.TWO,-0.54%,+1.26%,-1.96%,-0.18%,-0.18%,+0.00%,+0.00%,+1.09%,-0.18%,+1.08%
6222.TWO,+6.35%,+0.90%,+5.92%,-4.89%,+4.70%,+7.57%,+0.00%,+4.04%,+0.00%,-6.02%
3227.TWO,+1.97%,+2.90%,-2.01%,+0.68%,-3.40%,+0.85%,+1.96%,+0.14%,+0.96%,+4.61%
4168.TWO,-1.12%,+2.04%,+4.89%,+0.00%,+0.32%,-0.11%,+1.48%,+4.79%,+1.19%,-2.55%
4420.TWO,+3.99%,-0.31%,+1.85%,-1.21%,-1.53%,-0.93%,+4.40%,-1.35%,-0.30%,-1.83%
8227.TWO,+0.00%,+0.00%,+0.00%,+0.00%,+0.00%,+0.00%,+0.00%,+0.00%,+0.00%,+0.00%
5291.TWO,+0.00%,-0.97%,+0.65%,-0.65%,-2.28%,+0.67%,+0.33%,-0.99%,+1.00%,+0.66%
6109.TWO,-0.39%,+4.69%,-2.61%,+1.15%,+0.76%,-0.75%,+3.41%,+0.37%,+0.00%,+1.46%
8455.TWO,+3.73%,+5.04%,+20.89%,+9.91%,+1.03%,-9.95%,+1.13%,-9.24%,+3.09%,+2.40%
4130.TWO,+0.15%,+0.61%,-1.37%,-0.31%,-2.48%,-2.54%,+0.81%,+2.58%,+2.05%,-2.31%
3205.TWO,+2.94%,+1.59%,+1.09%,-0.46%,+0.47%,+0.00%,-2.94%,-0.48%,+0.64%,-2.54%
6125.TWO,+0.83%,+0.83%,+0.82%,+0.00%,+0.00%,+0.41%,+0.00%,+2.02%,+3.97%,-0.38%
6220.TWO,-0.71%,+1.44%,+1.42%,+4.55%,-2.68%,+0.00%,+2.06%,-0.34%,-0.68%,+0.00%
3095.TWO,+3.08%,+0.21%,-1.06%,+1.94%,+0.21%,-1.89%,+4.51%,+9.86%,+9.91%,+3.06%
4911.TWO,-0.27%,-0.14%,+0.00%,+0.95%,+0.00%,+0.67%,+0.54%,+0.00%,+3.20%,+0.00%
6198.TWO,+0.00%,+0.00%,+0.00%,+0.31%,+0.93%,+0.00%,-4.32%,+1.29%,-1.27%,-2.90%
4194.TWO,+3.29%,-3.13%,+1.61%,-4.98%,+5.25%,+0.00%,+0.00%,+0.00%,-4.76%,-1.83%
8255.TWO,+0.42%,-0.84%,+1.28%,-0.84%,+0.85%,+4.20%,-1.61%,+2.05%,+0.40%,+1.20%
6560.TWO,+0.00%,+0.00%,+0.00%,+0.00%,+0.00%,+0.00%,+0.00%,+0.00%,+0.00%,+3.45%
8299.TWO,+1.32%,+4.35%,+0.63%,+0.00%,-0.21%,+2.90%,+1.61%,-1.39%,+0.60%,+0.60%
6144.TWO,-0.92%,+0.12%,+0.00%,+0.00%,+1.39%,+9.46%,+0.00%,-3.23%,-6.57%,+2.19%
3555.TWO,-6.67%,-3.13%,+6.45%,-0.43%,+1.30%,+0.00%,-0.43%,+3.45%,+0.00%,-3.75%
3551.TWO,+0.00%,+2.26%,+0.00%,+0.15%,+0.00%,+6.76%,+2.75%,-1.21%,-0.41%,+0.00%
3570.TWO,-0.19%,-0.58%,+2.52%,-1.13%,-1.53%,+1.94%,+1.52%,+9.94%,+2.90%,-0.33%
3207.TWO,+3.45%,-0.28%,-0.14%,+0.84%,-0.14%,-1.94%,-1.56%,+0.57%,-0.29%,+0.00%
6470.TWO,+9.92%,+1.42%,-0.20%,-1.30%,+0.71%,+0.81%,+0.60%,+0.60%,+1.38%,+3.12%
3067.TWO,+0.00%,+3.17%,-3.85%,+0.00%,+0.00%,-0.80%,+0.81%,+0.00%,+0.00%,+0.00%
4939.TWO,+3.15%,+2.64%,+10.96%,-0.85%,+2.09%,-2.29%,-0.12%,-2.22%,-1.26%,-0.77%
8401.TWO,-0.42%,+1.27%,+0.00%,+0.42%,-0.41%,+0.00%,+0.00%,+0.00%,+0.00%,+0.00%
3567.TWO,-1.83%,+1.12%,+0.74%,+0.37%,-1.46%,+0.37%,-0.37%,+1.48%,+0.73%,-3.26%
3678.TWO,+0.00%,+0.00%,+26.52%,-1.92%,+1.96%,-3.08%,-4.17%,-2.48%,+2.97%,+4.95%
2640.TWO,+2.67%,+1.11%,+7.89%,+0.17%,-1.36%,-1.55%,+1.22%,+0.69%,-1.03%,+0.87%
3217.TWO,-0.40%,+1.21%,+0.80%,+1.19%,-0.78%,+1.58%,+2.72%,-0.76%,+0.00%,+0.00%
4172.TWO,-3.83%,+7.00%,-4.70%,+0.39%,-0.70%,+2.29%,+4.03%,+3.01%,+0.58%,+1.68%
3492.TWO,-0.96%,-0.81%,+8.77%,+0.00%,+2.99%,+3.77%,-0.56%,+1.12%,+10.00%,+9.97%
6555.TWO,-0.31%,+1.26%,+4.35%,-1.19%,+1.36%,+2.56%,+23.38%,+3.33%,-2.55%,+3.78%
1594.TWO,+0.00%,-1.04%,-0.70%,-1.41%,+0.00%,+1.43%,+0.00%,+0.00%,-1.41%,+0.71%
6134.TWO,-0.72%,-0.15%,-0.29%,+0.00%,+0.00%,+0.00%,+2.35%,+0.29%,+1.43%,+0.56%
4534.TWO,-0.30%,+2.02%,-0.50%,-0.50%,+0.00%,+9.00%,+0.46%,+0.00%,-0.46%,+4.13%
4113.TWO,-0.10%,+0.83%,-0.41%,-0.21%,-0.52%,-0.93%,+1.99%,-0.41%,+0.21%,+0.21%
4131.TWO,+0.00%,-8.68%,+11.65%,+5.26%,-9.91%,-4.14%,+0.84%,+3.34%,+0.20%,+0.81%
6462.TWO,+6.43%,-1.34%,+3.74%,-4.26%,-4.11%,-3.21%,+1.85%,+0.00%,+0.36%,+1.08%
3687.TWO,-2.27%,+0.33%,+1.32%,-0.81%,-0.66%,-1.82%,+0.84%,-0.50%,+0.84%,+0.33%
3147.TWO,+0.00%,+0.00%,-2.85%,+0.00%,+0.98%,+0.00%,+0.00%,+0.00%,+0.00%,+0.00%
3520.TWO,-3.11%,+2.87%,+1.67%,+0.11%,+3.40%,-4.45%,+3.11%,+0.00%,-1.08%,+0.11%
4523.TWO,-0.60%,+1.20%,-0.30%,-1.79%,+0.00%,+4.24%,-0.58%,-0.29%,+2.64%,-0.86%
6156.TWO,+1.95%,+0.38%,+0.76%,-0.76%,+0.00%,+3.82%,-1.47%,+0.75%,-1.11%,+1.12%
6506.TWO,+0.55%,+1.37%,-0.54%,-1.63%,-0.55%,+0.83%,+3.02%,-0.53%,+0.54%,+0.27%
4702.TWO,-0.98%,+1.98%,-0.49%,-0.98%,-0.99%,-1.49%,+1.52%,+0.00%,+9.95%,+2.26%
2740.TWO,-0.61%,+3.08%,+4.03%,-1.29%,+0.15%,-3.34%,+2.70%,-1.02%,-1.48%,-0.60%
2237.TWO,+1.94%,+2.93%,-2.80%,-1.46%,-2.57%,+0.00%,+3.61%,+0.00%,+0.00%,-0.93%
5487.TWO,+0.25%,+1.99%,+1.70%,+0.48%,-0.95%,+3.85%,+0.93%,+2.29%,+1.57%,-0.66%
4549.TWO,+0.47%,+0.16%,+1.56%,-2.62%,-3.63%,+0.98%,+3.41%,+9.89%,+2.57%,+0.00%
8096.TWO,+0.55%,+3.85%,+1.06%,-1.31%,-2.39%,-2.17%,+0.56%,+1.66%,+0.00%,+1.09%
6510.TWO,+3.34%,+2.99%,-2.38%,+4.21%,-2.75%,+5.00%,-0.83%,-0.10%,+2.64%,-2.22%
4163.TWO,-0.83%,+1.68%,+0.83%,+0.00%,-0.41%,+1.23%,+0.00%,+0.81%,+2.02%,-1.58%
5450.TWO,-0.53%,+0.53%,-0.95%,-1.28%,+1.19%,+0.00%,+5.11%,-3.65%,+0.42%,+0.00%
4304.TWO,-3.78%,-1.31%,-1.77%,+3.15%,+6.55%,-1.64%,-2.50%,+0.00%,+0.00%,+0.00%
9950.TWO,+0.25%,-1.01%,-1.02%,+1.54%,+0.00%,+0.76%,+0.00%,-1.25%,+0.76%,-2.02%
3230.TWO,-2.43%,+0.89%,+1.41%,+0.00%,-0.87%,+1.41%,-0.35%,-1.91%,+0.00%,+1.24%
6170.TWO,+0.54%,+0.11%,+0.64%,-0.43%,+2.03%,-2.72%,+0.00%,+2.15%,+0.11%,-0.11%
3363.TWO,-1.87%,+1.91%,+0.00%,-0.94%,+0.95%,-2.62%,+5.00%,-0.92%,-1.29%,+0.75%
6121.TWO,+0.41%,+2.15%,+2.00%,+2.94%,-2.38%,+1.46%,+1.44%,-1.90%,+2.42%,+0.94%
6549.TWO,+0.90%,+3.56%,+1.18%,-1.27%,-2.26%,-1.10%,+1.31%,-2.39%,+1.44%,-3.63%
6229.TWO,+0.10%,+0.00%,+2.00%,-0.98%,+0.00%,+1.49%,+3.41%,+0.00%,+1.89%,-1.39%
4950.TWO,+0.56%,-5.03%,+0.00%,+0.00%,+2.94%,+0.00%,+0.00%,-0.29%,-2.58%,-10.00%
6523.TWO,+0.36%,+0.00%,+3.35%,+0.00%,+0.00%,+0.00%,+0.00%,+0.00%,+3.24%,-3.23%
3276.TWO,+1.46%,+1.83%,+0.77%,+0.25%,+1.14%,-4.40%,+4.73%,+0.13%,+0.13%,-0.25%
3162.TWO,+0.57%,-0.38%,+3.81%,-2.75%,-1.32%,+2.49%,-1.49%,+1.14%,+0.75%,-0.74%
3491.TWO,+3.46%,+0.48%,+2.38%,-1.39%,-0.16%,+2.99%,+1.07%,-0.76%,+1.98%,+0.00%
5864.TWO,-0.81%,+3.28%,-2.38%,+0.00%,+0.00%,+0.00%,+0.00%,+0.81%,+0.00%,+0.00%
5016.TWO,+0.00%,+1.03%,+0.61%,-1.83%,+0.00%,+0.62%,-0.62%,-1.04%,+0.00%,+2.09%
6603.TWO,+0.00%,+0.30%,-0.30%,+0.51%,-0.91%,+0.00%,+1.02%,-0.10%,-1.21%,+0.82%
3483.TWO,+0.00%,-1.13%,-1.91%,-0.39%,+0.00%,+1.56%,+0.38%,+9.96%,+0.00%,+0.00%
6417.TWO,+0.41%,+1.09%,+3.77%,-0.78%,-2.09%,-3.74%,+2.50%,-0.54%,+0.82%,+10.00%
6208.TWO,+0.98%,+0.48%,+0.96%,-0.48%,-0.48%,+5.77%,+0.91%,-0.45%,+5.43%,+0.43%
6274.TWO,+0.42%,+2.32%,+0.62%,-2.05%,+0.00%,+0.21%,+2.51%,+0.20%,+0.00%,+4.47%
6539.TWO,+4.81%,+2.04%,-1.50%,+1.52%,+0.00%,+0.00%,+1.00%,+0.00%,+5.94%,-2.10%
8183.TWO,-0.60%,+1.41%,+1.39%,-0.39%,-0.98%,-0.20%,+0.60%,+1.58%,+0.97%,+0.00%
8277.TWO,+0.00%,-0.79%,+1.59%,+0.00%,+1.41%,+1.69%,-1.52%,+0.92%,+2.29%,+0.00%
5392.TWO,-1.48%,+0.86%,+0.11%,+1.49%,-1.78%,+3.52%,+0.93%,-1.02%,-0.21%,-0.72%
4105.TWO,-0.43%,+1.31%,-1.72%,+0.44%,-0.44%,-1.32%,+3.11%,+1.72%,+2.97%,-3.29%
5262.TWO,-4.30%,+0.40%,-0.53%,+6.62%,-0.62%,+1.00%,-1.24%,+1.25%,-0.25%,-1.99%
6227.TWO,-0.29%,+0.88%,+0.58%,+0.00%,+0.00%,+0.29%,+9.86%,+9.76%,+6.25%,+8.60%
3228.TWO,+0.25%,-3.80%,+2.89%,-2.30%,-0.52%,+0.00%,+0.00%,+0.26%,+0.26%,+2.36%
6020.TWO,+0.80%,+3.17%,+2.31%,-1.50%,-2.29%,-0.39%,+1.18%,+0.78%,+1.54%,-1.52%
6270.TWO,+0.20%,+0.00%,+0.40%,-0.60%,-0.60%,-0.71%,+1.43%,+0.20%,+0.40%,-0.20%
8927.TWO,-1.82%,-1.13%,-0.21%,-0.52%,-0.21%,+0.00%,+1.05%,-1.46%,+7.82%,+2.45%
8440.TWO,+1.70%,-2.00%,+0.00%,+0.00%,+0.00%,+0.00%,+3.83%,+0.00%,+0.00%,+0.00%
6021.TWO,+0.55%,+3.90%,+5.43%,-0.99%,-1.90%,-0.82%,+2.77%,-0.50%,+1.01%,-0.50%
3272.TWO,+0.40%,+2.20%,+2.94%,-1.14%,-2.50%,+3.55%,+2.29%,+1.12%,+0.18%,-0.18%
4745.TWO,-0.77%,+1.74%,+0.57%,-0.57%,-1.33%,+4.25%,+5.74%,+3.33%,+0.00%,-1.69%
5381.TWO,+5.79%,-0.78%,+1.57%,-0.78%,+0.00%,-6.25%,+5.83%,-6.30%,-1.68%,+1.71%
8121.TWO,+0.70%,+1.05%,-0.34%,-1.04%,-1.40%,+0.35%,+3.18%,+0.34%,+0.68%,+2.37%
3630.TWO,+1.79%,+1.40%,+3.81%,-2.33%,-0.34%,+1.03%,+3.05%,-1.32%,+1.33%,+0.99%
8040.TWO,+1.41%,+2.08%,+2.72%,-2.65%,+0.95%,+3.64%,+5.07%,+2.60%,+1.81%,+0.47%
8067.TWO,+0.00%,+0.85%,+0.00%,-2.54%,+0.00%,+0.00%,+3.70%,+0.00%,-2.73%,-3.02%
3349.TWO,+0.74%,+0.00%,+7.33%,+4.16%,-0.07%,+13.11%,+14.20%,-0.51%,+1.28%,-1.76%
3666.TWO,+1.98%,+8.14%,+3.58%,+7.09%,+0.97%,-0.96%,+2.42%,-0.63%,-2.54%,+3.91%
5245.TWO,+2.87%,-0.40%,-0.80%,-0.81%,+0.00%,+9.76%,+2.59%,+4.69%,+0.34%,+9.97%
6237.TWO,+5.59%,+1.47%,-0.58%,-1.75%,-2.37%,-1.06%,+1.38%,+0.76%,+3.01%,+1.31%
3689.TWO,+1.37%,+3.21%,+0.82%,-1.79%,-1.65%,+8.24%,-1.09%,+0.94%,+4.04%,+0.45%
3354.TWO,+0.68%,+1.24%,-0.78%,+0.00%,-2.13%,+0.80%,-3.87%,-0.24%,+0.24%,+1.42%
8092.TWO,-1.60%,+1.90%,+1.60%,-1.44%,+0.00%,+1.07%,+0.13%,+0.00%,+2.24%,-1.42%
2066.TWO,+0.10%,+0.50%,+1.99%,+0.00%,-0.98%,+0.99%,-0.98%,+0.49%,+3.43%,+0.47%
5905.TWO,+0.38%,+1.25%,+1.49%,+1.46%,+3.00%,-1.52%,+0.71%,+2.24%,+0.12%,-0.46%
1569.TWO,-0.43%,+1.96%,+0.00%,-0.21%,-1.82%,+2.07%,-0.64%,+0.75%,-1.39%,-0.22%
6233.TWO,+0.85%,+0.84%,+1.26%,+0.41%,+0.41%,-0.82%,+2.07%,+0.81%,+1.61%,+0.00%
6465.TWO,+4.62%,+3.31%,-3.07%,-1.10%,+9.89%,+6.34%,-2.26%,-0.49%,-2.08%,+7.63%
4804.TWO,+3.18%,+2.64%,+1.72%,-2.95%,+0.00%,+5.65%,+0.41%,-2.87%,-0.42%,+0.42%
3176.TWO,-0.87%,+2.34%,+12.14%,-1.53%,+1.29%,-2.17%,+0.52%,+0.13%,+2.46%,-1.77%
6559.TWO,-5.31%,+0.75%,-7.23%,+2.60%,+1.27%,-3.48%,+2.31%,-3.80%,+2.63%,-0.10%
3178.TWO,+5.20%,-2.59%,-2.42%,-0.94%,+0.95%,+2.97%,+0.00%,-2.40%,-2.96%,+0.05%
8043.TWO,+1.40%,+0.00%,+1.04%,+0.00%,+0.68%,+0.34%,+0.00%,+0.34%,+0.68%,+0.00%
3374.TWO,+10.00%,-1.89%,+4.90%,+0.00%,+0.00%,-4.17%,+1.04%,+3.10%,-0.50%,+3.19%
8086.TWO,+0.54%,+5.23%,+2.17%,-1.50%,-5.06%,-1.20%,+1.89%,-2.38%,+1.63%,+1.07%
8147.TWO,-0.25%,+3.13%,+1.09%,+0.96%,+2.14%,-1.28%,+2.72%,+1.03%,+1.02%,+0.68%
3580.TWO,-1.01%,-1.02%,+1.96%,+0.00%,+0.10%,+0.00%,-0.20%,-1.62%,+1.34%,+0.20%
6292.TWO,+0.56%,+0.19%,-0.37%,-0.19%,+2.23%,+0.55%,+1.45%,+0.54%,+0.36%,-0.18%
3264.TWO,+2.38%,+0.00%,-0.93%,+0.47%,+0.23%,-0.93%,+1.65%,+2.31%,+0.00%,+0.91%
8358.TWO,+0.00%,+0.00%,+1.14%,-0.56%,+2.26%,-0.77%,+1.34%,+1.32%,+0.33%,+1.41%
5902.TWO,+0.91%,+2.10%,+2.45%,+0.96%,+1.90%,-1.40%,+1.42%,-4.65%,-1.95%,-0.50%
4303.TWO,+0.00%,+0.39%,-1.16%,+1.17%,-0.77%,-0.78%,+0.00%,+1.96%,+0.00%,+1.54%
6568.TWO,+1.02%,-1.01%,-6.63%,-0.55%,+0.66%,+2.07%,+4.28%,+1.02%,-5.57%,+2.47%
6174.TWO,-1.09%,-0.37%,-0.74%,-1.12%,-1.51%,+0.38%,+1.91%,+5.24%,-2.14%,+1.45%
5364.TWO,-10.00%,-2.49%,-11.63%,+0.00%,+0.00%,+10.00%,+0.00%,-4.31%,+6.62%,-1.52%
3623.TWO,-0.35%,-2.44%,-3.76%,+1.12%,+0.55%,+2.01%,+2.15%,+0.70%,+2.26%,+0.34%
8929.TWO,+0.90%,-0.67%,+0.68%,+0.45%,+1.34%,-1.76%,+0.67%,-0.67%,+0.90%,-0.89%
5483.TWO,-0.59%,+0.60%,-0.12%,-2.02%,-1.58%,-1.23%,+2.74%,+0.73%,+1.08%,+2.74%
3066.TWO,+0.00%,+0.00%,-0.13%,+0.00%,+0.13%,+0.00%,+0.00%,-1.25%,+1.27%,-0.50%
3624.TWO,+1.06%,+0.21%,-0.42%,-0.42%,-1.27%,+1.07%,+0.42%,+0.00%,+2.54%,+6.80%
3085.TWO,+3.15%,+0.00%,-0.68%,-5.64%,+0.54%,+6.85%,+2.19%,-0.99%,+3.17%,-0.97%
8099.TWO,+0.00%,+0.90%,-0.30%,+0.60%,+0.00%,+0.00%,+1.48%,+0.87%,+1.16%,+1.14%
3073.TWO,+9.92%,+9.96%,-12.36%,+6.03%,-1.73%,-3.93%,-2.15%,+2.75%,+0.00%,+0.53%
8924.TWO,-3.11%,+0.53%,+1.06%,+0.53%,-2.62%,-1.34%,+2.18%,-1.33%,+0.00%,+1.08%
1259.TWO,-0.99%,-1.15%,+1.16%,+1.15%,+0.00%,+1.42%,+0.56%,-0.14%,+0.14%,-1.25%
6498.TWO,-6.46%,+4.85%,+2.10%,-0.41%,+0.00%,+0.00%,+0.55%,+0.00%,+0.00%,+0.00%
8087.TWO,+0.00%,-6.97%,-1.45%,+6.00%,+0.00%,-3.40%,+3.65%,-2.14%,+0.13%,+0.00%
2736.TWO,+0.00%,+1.86%,+0.85%,-0.97%,-0.49%,+0.00%,+2.20%,+0.84%,+0.83%,-1.88%
5520.TWO,+0.00%,+0.00%,+1.76%,+0.00%,+0.19%,+0.00%,+0.00%,+0.00%,-2.12%,+1.57%
4979.TWO,+1.38%,+0.82%,-0.27%,-0.41%,+0.00%,-2.44%,+1.53%,+0.82%,+5.30%,+1.16%
4553.TWO,+0.40%,+1.43%,-1.92%,+0.66%,+0.14%,+3.39%,-3.31%,-0.26%,+5.71%,+2.41%
4971.TWO,+2.47%,-1.20%,-1.22%,-0.41%,-0.83%,+10.00%,-0.38%,+1.52%,+3.75%,+2.17%
6425.TWO,-0.63%,-2.37%,-2.43%,+0.28%,-0.88%,+0.00%,+0.00%,+0.00%,-0.36%,-2.65%
5498.TWO,-0.58%,+0.71%,+0.70%,+0.93%,-0.11%,-1.04%,+0.93%,-0.92%,+0.00%,-0.70%
1785.TWO,+0.00%,+0.56%,-0.55%,+0.00%,+0.28%,+1.94%,+0.54%,+0.00%,+0.00%,+2.16%
3152.TWO,+0.00%,+1.59%,+2.60%,-2.54%,-2.08%,+2.13%,-1.56%,-0.53%,+1.33%,-1.31%
4502.TWO,-0.33%,+0.00%,+0.00%,+3.33%,-1.13%,-0.49%,-1.64%,+1.33%,-5.59%,+4.18%
4170.TWO,-2.26%,+9.80%,+1.46%,-1.44%,-1.07%,-3.29%,+2.61%,+6.18%,+11.03%,-3.24%
6432.TWO,+2.77%,+1.08%,+0.89%,+0.53%,-0.35%,+6.50%,+5.12%,-0.47%,+0.47%,+1.73%
當年度平均,+0.57%,+0.93%,+0.88%,+0.04%,-0.44%,+0.59%,+1.34%,+0.29%,+0.90%,+0.28%
