股票代號,前第5天,前第4天,前第3天,前第2天,前第1天,後第1天,後第2天,後第3+天,後第4天,後第5天
6153.TW,+1.25%,+0.99%,+0.73%,+0.49%,+1.93%,+1.93%,+5.69%,-2.24%,-2.06%,+0.23%
8261.TW,+0.73%,-0.72%,+0.73%,-0.84%,-0.36%,-0.36%,+0.12%,+1.09%,-1.80%,+0.00%
6205.TW,-0.79%,+0.40%,+0.00%,-1.32%,+1.07%,+1.07%,+1.19%,-0.52%,+1.31%,-0.78%
1789.TW,-0.36%,+1.27%,+0.90%,+1.78%,+2.62%,+2.62%,+0.00%,-2.39%,-1.05%,-0.71%
911608.TW,+0.00%,-2.26%,+2.02%,+1.27%,-0.86%,-0.86%,-0.58%,+0.00%,-2.03%,+9.79%
3044.TW,+1.38%,-0.91%,+0.23%,+3.20%,+0.22%,+0.22%,-2.65%,-0.45%,+0.68%,+1.59%
3011.TW,+1.32%,-0.65%,-0.16%,+0.49%,-0.16%,-0.16%,+1.15%,+0.65%,-1.61%,+3.28%
00876.TW,-0.18%,+0.76%,+1.91%,-0.31%,+0.13%,+0.13%,+0.82%,+0.05%,+1.05%,-0.68%
00676R.TW,-0.84%,-1.27%,-0.43%,+0.00%,+0.43%,+0.43%,-0.43%,-1.29%,+0.00%,+0.00%
4961.TW,+6.97%,+0.00%,+1.53%,+1.32%,+0.74%,+0.74%,-2.40%,-3.03%,-0.98%,+0.59%
2012.TW,-0.21%,+0.83%,+0.41%,-0.20%,+1.84%,+1.84%,-1.21%,-1.02%,-3.29%,+0.00%
8114.TW,-0.82%,+0.41%,+3.72%,-0.40%,+0.80%,+0.80%,+0.40%,+0.79%,-0.39%,-1.57%
8028.TW,+1.34%,-0.76%,+1.90%,+9.91%,-0.68%,-0.68%,+1.20%,+4.57%,-1.13%,+9.66%
6443.TW,-0.54%,+1.63%,-0.71%,+3.05%,-1.91%,-1.91%,-1.42%,+0.72%,-1.61%,-0.91%
2748.TW,+0.82%,-0.27%,+4.37%,-2.75%,-2.02%,-2.02%,-1.37%,-0.28%,-2.37%,+0.86%
6525.TW,+0.43%,-0.57%,+1.15%,-1.98%,+0.72%,+0.72%,-0.43%,+1.15%,+0.85%,+1.27%
1802.TW,+0.00%,+0.29%,+0.58%,-0.29%,+0.29%,+0.29%,-1.16%,+0.29%,+3.22%,-2.55%
9938.TW,-1.03%,-0.59%,+0.90%,+0.30%,-0.88%,-0.88%,-1.79%,-0.30%,-0.15%,-1.22%
00635U.TW,-0.32%,+0.43%,+1.47%,-0.53%,+2.44%,+2.44%,-0.80%,-0.17%,-1.85%,-1.53%
2408.TW,+0.62%,-0.31%,-0.93%,-1.88%,+0.80%,+0.80%,+0.32%,+1.73%,-0.62%,+0.31%
2504.TW,-2.04%,+0.00%,+6.59%,+3.40%,-0.80%,-0.80%,-4.62%,-4.32%,-1.43%,+4.91%
5546.TW,+0.62%,+2.63%,+0.15%,-0.15%,+2.26%,+2.26%,-2.21%,-0.45%,-1.21%,-0.31%
2395.TW,-0.71%,+1.57%,+0.70%,-1.82%,+0.43%,+0.43%,-0.71%,+2.29%,+0.98%,-1.52%
3050.TW,-2.47%,-3.68%,+8.83%,-1.32%,-4.89%,-4.89%,-0.93%,+1.89%,-2.31%,-1.18%
6591.TW,+1.07%,-0.18%,+3.18%,+4.11%,-0.99%,-0.99%,+0.33%,-0.83%,+0.67%,+1.00%
6176.TW,+0.25%,-1.26%,+2.04%,+1.00%,-1.73%,-1.73%,+0.76%,+1.00%,-2.23%,-0.25%
00757.TW,+0.63%,+0.69%,+1.00%,-0.43%,+0.37%,+0.37%,+0.99%,+0.67%,+0.61%,-2.18%
2101.TW,-0.90%,+0.91%,+4.14%,+1.04%,-0.85%,-0.85%,+0.00%,+1.21%,-5.28%,+1.26%
00945B.TW,-0.13%,-0.33%,-0.13%,+0.27%,+0.07%,+0.07%,+0.13%,+0.00%,-0.13%,-0.13%
1612.TW,+0.39%,+1.18%,+1.04%,+0.51%,+1.02%,+1.02%,+1.89%,-3.47%,-3.21%,+1.99%
00685L.TW,+1.30%,+1.75%,+1.39%,-0.26%,-0.07%,-0.07%,-0.20%,+2.69%,+0.32%,-0.26%
6446.TW,+8.45%,+1.88%,+9.92%,+5.28%,+2.33%,+2.33%,+2.87%,-5.47%,+2.58%,+1.68%
2374.TW,+0.11%,+9.99%,+9.96%,+2.31%,+2.95%,+2.95%,+3.71%,+0.33%,-6.65%,+3.47%
1443.TW,-1.54%,+0.31%,+1.25%,-2.01%,-0.16%,-0.16%,+0.63%,-0.78%,-2.53%,+1.78%
2025.TW,+0.00%,+1.35%,+0.89%,-1.76%,+6.73%,+6.73%,-2.10%,-1.72%,+0.00%,+1.31%
6141.TW,-0.58%,-3.24%,+1.22%,+0.00%,-0.90%,-0.90%,+0.61%,+1.81%,-1.48%,+1.20%
5243.TW,-0.35%,+0.18%,-0.35%,-0.18%,+0.35%,+0.35%,+1.23%,+0.35%,-1.21%,+0.00%
2303.TW,-0.57%,-0.58%,+0.58%,+1.34%,+0.57%,+0.57%,+1.51%,+2.04%,+1.82%,-2.50%
4968.TW,+2.82%,-0.82%,+9.14%,-3.30%,-0.79%,-0.79%,-1.59%,+1.34%,-0.27%,+2.93%
2417.TW,+0.94%,-1.59%,+9.99%,-1.84%,-3.63%,-3.63%,+5.71%,+6.38%,-3.23%,+1.67%
2402.TW,+0.61%,-0.76%,+0.30%,+1.37%,+1.65%,+1.65%,+0.74%,-0.88%,-0.88%,+2.08%
2351.TW,+0.00%,+5.02%,+1.30%,+1.72%,-2.53%,-2.53%,+2.60%,-1.27%,+0.00%,+0.43%
2420.TW,-0.69%,+0.00%,+1.57%,-1.03%,+2.08%,+2.08%,-0.34%,+9.88%,+4.96%,+1.33%
911622.TW,-0.20%,-0.79%,+0.99%,-0.78%,+0.00%,+0.00%,+0.79%,+0.78%,-1.17%,+2.36%
8222.TW,+3.42%,+0.77%,-1.20%,+1.55%,-2.61%,-2.61%,-1.01%,-0.68%,+1.14%,-0.22%
6658.TW,-0.56%,-0.80%,+0.80%,-0.58%,-3.64%,-3.64%,+0.61%,-0.12%,-0.24%,+0.24%
2497.TW,+1.29%,-1.09%,+0.18%,+0.18%,+1.28%,+1.28%,+0.90%,+0.00%,-1.25%,+1.81%
2059.TW,+0.00%,+2.40%,+0.78%,-0.78%,-2.73%,-2.73%,+2.81%,+0.39%,+0.00%,-0.78%
3030.TW,+0.40%,+9.88%,+1.44%,-5.32%,+9.74%,+9.74%,+6.14%,+3.86%,+2.48%,+3.02%
1786.TW,-0.41%,+0.20%,+0.71%,+3.64%,-1.95%,-1.95%,-1.00%,-0.30%,-1.11%,-0.51%
9802.TW,-0.39%,+1.95%,-1.53%,-1.16%,+0.39%,+0.39%,-1.17%,+0.79%,-1.18%,-2.38%
00918.TW,+0.95%,-0.49%,+1.27%,+0.28%,+0.24%,+0.24%,-0.44%,+1.38%,-0.36%,+0.64%
3022.TW,+0.97%,+0.96%,-0.36%,-0.24%,-0.84%,-0.84%,+0.72%,-0.12%,-1.20%,+1.21%
5906.TW,+0.15%,+2.94%,+4.80%,-0.86%,-9.10%,-9.10%,-0.48%,-1.76%,-0.98%,+0.99%
00641R.TW,+0.00%,-0.61%,+0.15%,-0.31%,-1.08%,-1.08%,+0.16%,+0.94%,-0.77%,+0.62%
00912.TW,+0.57%,+1.14%,+0.73%,+0.06%,+0.06%,+0.06%,-0.61%,+1.29%,+0.33%,-0.28%
2412.TW,-0.79%,+0.00%,+0.00%,+0.40%,+0.40%,+0.40%,+0.00%,+0.40%,+0.00%,+0.00%
2428.TW,+0.00%,-0.30%,+0.30%,-0.90%,-0.60%,-0.60%,+0.61%,+0.91%,-1.50%,+1.52%
4536.TW,+2.45%,+0.48%,-0.71%,-0.72%,+0.00%,+0.00%,-0.48%,-0.24%,-0.97%,-0.74%
2901.TW,-1.24%,+0.90%,+0.00%,-0.18%,-0.18%,-0.18%,-0.53%,-1.08%,-0.72%,-1.09%
3231.TW,+0.45%,+3.14%,-2.61%,+0.00%,-0.89%,-0.89%,+1.35%,+2.22%,-0.87%,+0.88%
2464.TW,+2.91%,+2.93%,-0.20%,+0.98%,-1.17%,-1.17%,+9.84%,+9.86%,-4.24%,+5.62%
2884.TW,-1.41%,+0.36%,+1.07%,+2.47%,+1.38%,+1.38%,-1.87%,-1.21%,+0.53%,-1.22%
2007.TW,+0.89%,+0.88%,+2.18%,+0.85%,+9.75%,+9.75%,+0.00%,-1.93%,-5.51%,-2.08%
6116.TW,+0.00%,+0.50%,+0.99%,-0.49%,+0.49%,+0.49%,-0.98%,+1.98%,-1.46%,+0.49%
2453.TW,+0.17%,+1.88%,+4.19%,-0.64%,-2.43%,-2.43%,+1.33%,+10.00%,+0.30%,+0.00%
9958.TW,+5.30%,-3.22%,+1.04%,+3.91%,-0.79%,-0.79%,+9.98%,+6.90%,-2.04%,+3.81%
006208.TW,+0.79%,+1.40%,+0.62%,-0.31%,-0.15%,-0.15%,-0.05%,+1.95%,+0.70%,-0.30%
00930.TW,+0.40%,-0.20%,+0.99%,+0.05%,+0.54%,+0.54%,-0.05%,+1.51%,-0.39%,-0.29%
3055.TW,-3.98%,+10.00%,+0.00%,+1.69%,-4.21%,-4.21%,-0.53%,+2.01%,+9.99%,+9.92%
2722.TW,+0.33%,+0.50%,+4.13%,-0.95%,-1.60%,-1.60%,-4.56%,-0.85%,-2.93%,+1.77%
2885.TW,-1.72%,+1.27%,+2.35%,+0.15%,-0.92%,-0.92%,-0.93%,+4.06%,-0.60%,-1.96%
4119.TW,-0.65%,+0.33%,+1.09%,+1.51%,-0.53%,-0.53%,-1.39%,+0.33%,-1.19%,+0.66%
2929.TW,+0.64%,-1.26%,+1.71%,+0.63%,+0.52%,+0.52%,-0.31%,-0.62%,-2.30%,+0.64%
6645.TW,+0.93%,-0.79%,+0.79%,+3.01%,-1.53%,-1.53%,-1.29%,-0.26%,-1.84%,+0.27%
00881.TW,+1.06%,+0.64%,+0.72%,-0.27%,-0.22%,-0.22%,-0.05%,+1.85%,+1.15%,-0.09%
1717.TW,-0.79%,-0.48%,+1.77%,+0.00%,+0.32%,+0.32%,-1.42%,+0.64%,-2.07%,+0.00%
4763.TW,-0.62%,+3.86%,+0.00%,+3.24%,-2.56%,-2.56%,-0.48%,-0.12%,-3.00%,+0.74%
2535.TW,-3.11%,+0.94%,+3.18%,-1.45%,+0.37%,+0.37%,-1.10%,-1.48%,-3.01%,+0.78%
2013.TW,-0.84%,+0.34%,+0.17%,+0.17%,+0.84%,+0.84%,-1.00%,-0.68%,-1.36%,+0.00%
1714.TW,-1.93%,+1.24%,+0.31%,+1.12%,-0.20%,-0.20%,-2.32%,+0.41%,-0.62%,-0.83%
2352.TW,-0.75%,-1.63%,-0.38%,-1.02%,+0.65%,+0.65%,+2.44%,+0.75%,-1.99%,+0.51%
1568.TW,-1.28%,+2.11%,-0.48%,+0.32%,+0.16%,+0.16%,+0.95%,-0.47%,-0.95%,+1.44%
2020.TW,+2.13%,+2.46%,-1.92%,-1.22%,+1.24%,+1.24%,-0.98%,-0.25%,-1.73%,+0.88%
00927.TW,+0.97%,+0.43%,+1.38%,-0.16%,+0.26%,+0.26%,+0.16%,+1.57%,+0.41%,-0.26%
3029.TW,+1.66%,+0.00%,+0.14%,+0.14%,-0.27%,-0.27%,+0.00%,+0.95%,-1.89%,+0.55%
4958.TW,-1.23%,-1.66%,+0.42%,-0.42%,+0.84%,+0.84%,-2.51%,-0.43%,+2.16%,+1.27%
3447.TW,+0.00%,+0.00%,+0.84%,+0.17%,+1.32%,+1.32%,-0.16%,+0.33%,-0.82%,-0.66%
3583.TW,+1.41%,-1.08%,+3.91%,+1.65%,-2.81%,-2.81%,+1.83%,-0.15%,+0.00%,+5.09%
00940.TW,+1.04%,-0.72%,+1.04%,-0.41%,+0.93%,+0.93%,-0.51%,+0.92%,-0.31%,-0.10%
3706.TW,+7.02%,-1.25%,-1.27%,-1.92%,-0.22%,-0.22%,+4.69%,+3.23%,-3.03%,+0.73%
3054.TW,+0.25%,+0.00%,+0.25%,-0.99%,+1.00%,+1.00%,+1.97%,-1.69%,-1.23%,+0.25%
2031.TW,+0.16%,+0.66%,-0.81%,+0.66%,-1.14%,-1.14%,+0.00%,+0.17%,-1.81%,+0.67%
6285.TW,-0.34%,+0.68%,+5.41%,-0.64%,+0.65%,+0.65%,+0.64%,+0.32%,+0.00%,+1.59%
00642U.TW,+1.37%,-0.68%,+0.40%,+0.51%,+0.73%,+0.73%,-0.95%,-0.85%,-1.25%,-0.29%
6994.TW,+0.00%,+1.34%,+0.00%,+0.00%,+0.00%,+0.00%,-1.76%,+2.69%,-2.18%,+0.45%
3576.TW,-0.88%,+3.11%,+0.86%,+5.98%,-1.21%,-1.21%,-0.82%,+0.41%,-2.05%,-0.42%
8112.TW,+0.00%,+3.12%,+2.30%,+0.83%,-0.12%,-0.12%,-0.82%,-1.30%,-2.76%,-0.12%
00633L.TW,-1.43%,-0.53%,+1.12%,-0.11%,+3.48%,+3.48%,-0.40%,+0.00%,-2.11%,-1.49%
1535.TW,-0.56%,-0.84%,-0.99%,+0.28%,+0.28%,+0.28%,-0.28%,+0.43%,-1.55%,+0.72%
00885.TW,+0.25%,+0.00%,+1.00%,+0.66%,+0.90%,+0.90%,-0.49%,-0.24%,-1.06%,+0.00%
4306.TW,-0.26%,+0.00%,+0.51%,+1.79%,+0.50%,+0.50%,-2.00%,-0.51%,-2.05%,+0.26%
8105.TW,+0.39%,+0.78%,+0.78%,+0.77%,-0.38%,-0.38%,-0.77%,+1.93%,-2.27%,+0.78%
1721.TW,-1.28%,-1.62%,-0.99%,-0.33%,-0.33%,-0.33%,-1.34%,+1.36%,-2.01%,+1.37%
1434.TW,+0.21%,+0.21%,+1.06%,+0.00%,+0.42%,+0.42%,-1.25%,+0.00%,-1.90%,+0.00%
6902.TW,+0.32%,-2.25%,-0.99%,+1.99%,-1.63%,-1.63%,+0.00%,+0.66%,+1.32%,+0.00%
2461.TW,-2.73%,+0.00%,+0.00%,+0.00%,-0.60%,-0.60%,+0.00%,+0.00%,-0.40%,+0.20%
8131.TW,+0.26%,+0.66%,+0.52%,+0.00%,+0.39%,+0.39%,-0.26%,+1.17%,-0.64%,-0.13%
00637L.TW,-1.51%,-0.49%,+1.12%,-0.14%,+3.33%,+3.33%,-0.27%,+0.07%,-2.29%,-1.52%
7631.TW,-1.38%,+2.79%,-0.45%,-0.91%,+0.46%,+0.46%,-0.46%,+0.00%,-0.92%,+0.00%
00664R.TW,-0.70%,-1.17%,-0.24%,-0.24%,+0.00%,+0.00%,+0.24%,-1.43%,+0.00%,+0.00%
2434.TW,+0.15%,+0.30%,+0.15%,+0.15%,-0.15%,-0.15%,+0.15%,+0.44%,-1.62%,+0.30%
8488.TW,-0.31%,-0.31%,+3.13%,-2.74%,+0.94%,+0.94%,+0.31%,-0.62%,-2.48%,-0.96%
00733.TW,+0.09%,+0.52%,+1.13%,-0.34%,+0.43%,+0.43%,+0.09%,+0.26%,-0.68%,+0.00%
1533.TW,+0.00%,+2.90%,+0.73%,-0.62%,+0.63%,+0.63%,-0.62%,+0.21%,-1.67%,+1.38%
4952.TW,-0.57%,+0.19%,+9.94%,+4.70%,+9.97%,+9.97%,+2.72%,-6.18%,-2.82%,+2.26%
1219.TW,+0.00%,+0.26%,+0.26%,+0.00%,+0.26%,+0.26%,-0.52%,+0.00%,-0.79%,-0.26%
00929.TW,+0.65%,+0.00%,+0.84%,-0.20%,+0.44%,+0.44%,-0.30%,+1.24%,+0.15%,+0.20%
8249.TW,+0.51%,+0.00%,+0.00%,+0.68%,+0.00%,+0.00%,-0.34%,+0.00%,-0.17%,-0.34%
5288.TW,-0.26%,+1.80%,+0.25%,+5.56%,-1.91%,-1.91%,+1.46%,+1.44%,-0.47%,-0.48%
2034.TW,-0.20%,+0.20%,+0.39%,+0.59%,+1.75%,+1.75%,-0.76%,-0.58%,-1.55%,-0.39%
2483.TW,+0.63%,-0.21%,+0.41%,+0.21%,+0.21%,+0.21%,+0.00%,+2.67%,+6.41%,-3.20%
3380.TW,+1.08%,-0.91%,+1.08%,+0.15%,+0.46%,+0.46%,-0.30%,+0.76%,-2.11%,+6.31%
1795.TW,+1.43%,-0.71%,+2.14%,+4.88%,-3.16%,-3.16%,-1.72%,+0.17%,-2.09%,-0.36%
2406.TW,+1.33%,-5.26%,-1.39%,+6.81%,-1.76%,-1.76%,-0.45%,+6.52%,-4.64%,-1.99%
1316.TW,-0.26%,-0.26%,+1.06%,-0.52%,-1.58%,-1.58%,-1.34%,+0.27%,-2.17%,-0.28%
1515.TW,-1.15%,-1.80%,+0.65%,-0.75%,-1.83%,-1.83%,-0.66%,+1.10%,-3.06%,+0.34%
00934.TW,+0.38%,-0.16%,+1.71%,+0.16%,-0.21%,-0.21%,-0.26%,+1.21%,-0.37%,-0.10%
00674R.TW,+0.38%,-0.57%,-1.33%,+0.38%,-2.30%,-2.30%,+0.88%,+0.10%,+1.65%,+1.53%
6657.TW,-0.37%,+0.19%,+0.00%,+2.78%,-1.08%,-1.08%,-0.18%,+0.36%,-1.27%,-1.10%
6799.TW,-0.36%,+2.16%,-0.35%,+0.35%,-2.11%,-2.11%,+0.36%,+2.87%,-2.09%,+0.71%
6689.TW,+3.21%,-1.82%,+1.42%,+0.97%,-0.64%,-0.64%,-1.07%,+0.65%,-2.48%,-0.33%
2427.TW,-4.01%,-1.27%,+1.65%,-0.54%,-0.36%,-0.36%,+0.73%,+0.18%,-2.35%,-0.19%
1536.TW,+0.57%,+0.19%,-0.38%,+0.94%,+0.19%,+0.19%,+2.99%,+0.72%,-0.90%,+0.00%
2528.TW,-3.45%,-1.89%,+1.07%,+2.86%,+0.41%,+0.41%,-1.33%,+0.83%,-1.65%,-1.15%
1463.TW,+0.00%,-0.76%,+1.78%,-0.50%,+0.25%,+0.25%,-1.25%,-0.25%,-0.76%,+0.26%
3665.TW,+1.09%,+0.22%,-0.43%,+3.66%,+0.21%,+0.21%,+7.47%,+0.39%,+2.31%,-0.94%
3714.TW,-0.12%,+0.47%,+3.14%,-1.24%,+2.97%,+2.97%,+1.55%,+0.66%,-0.98%,-2.52%
6698.TW,+1.39%,-0.31%,+0.46%,+0.46%,+1.06%,+1.06%,-0.15%,+0.15%,-1.35%,+9.89%
5880.TW,-0.94%,+0.19%,+1.14%,-0.37%,+1.13%,+1.13%,-0.37%,-0.75%,-0.75%,-0.76%
2243.TW,+1.09%,+9.75%,+9.87%,+9.88%,+3.27%,+3.27%,-5.28%,-1.95%,-2.84%,+0.29%
2349.TW,-0.78%,+0.79%,+9.92%,+3.92%,-2.63%,-2.63%,+1.17%,-0.23%,-2.79%,+0.72%
2401.TW,+5.58%,-0.99%,+0.83%,-0.33%,+2.66%,+2.66%,-0.32%,+1.14%,-1.61%,+2.12%
8104.TW,+0.00%,+1.52%,+9.88%,+0.82%,-0.27%,-0.27%,-1.08%,-2.05%,-4.06%,-1.17%
6906.TW,-0.76%,-1.53%,+7.78%,+3.97%,+2.78%,+2.78%,-2.70%,-0.69%,+0.35%,+9.76%
3563.TW,+1.15%,-1.13%,+1.53%,+1.38%,-1.86%,-1.86%,+0.76%,+0.50%,-8.73%,+3.69%
2910.TW,+0.37%,-0.18%,+0.73%,+2.72%,+1.24%,+1.24%,-0.35%,-0.35%,-0.70%,-1.06%
2254.TW,+3.75%,-5.32%,+1.57%,-1.44%,+1.46%,+1.46%,+0.44%,-0.99%,+1.22%,+0.00%
2369.TW,+0.47%,+0.71%,+0.23%,+0.00%,+0.00%,+0.00%,+0.47%,+3.26%,-0.90%,+0.45%
2250.TW,+9.98%,-1.39%,+0.47%,-1.87%,-3.33%,-3.33%,+9.85%,+9.87%,-5.31%,+9.91%
1773.TW,+0.00%,+0.59%,+0.29%,-2.35%,+0.00%,+0.00%,-2.10%,-0.31%,-2.46%,+0.00%
6931.TW,+0.00%,-0.48%,-1.46%,+1.48%,+0.00%,+0.00%,-0.97%,-1.96%,-0.10%,+1.10%
4956.TW,+1.46%,-1.68%,+0.24%,+6.10%,-2.76%,-2.76%,+2.36%,+3.93%,-3.11%,+0.00%
5876.TW,-2.03%,+0.76%,+1.41%,-1.71%,+3.04%,+3.04%,-0.53%,+1.16%,-0.73%,-2.21%
4977.TW,+1.44%,-1.85%,+2.32%,+9.92%,-2.84%,-2.84%,-1.33%,+1.61%,-1.46%,+1.21%
00632R.TW,-0.53%,-1.32%,-0.54%,+0.00%,+0.27%,+0.27%,+0.00%,-1.61%,+0.27%,-0.27%
3704.TW,+2.29%,+0.50%,+0.00%,-0.12%,+2.23%,+2.23%,+2.18%,+1.54%,-1.99%,-1.07%
8213.TW,-2.11%,-0.76%,+0.13%,-0.76%,+0.13%,+0.13%,-0.90%,+1.29%,-0.77%,+0.90%
2845.TW,-0.96%,+0.65%,+0.96%,-0.63%,+1.60%,+1.60%,-0.94%,+0.63%,-0.63%,+0.00%
3266.TW,-2.13%,-0.22%,+1.96%,+3.63%,+2.47%,+2.47%,-2.01%,+0.00%,-3.49%,-1.28%
2812.TW,-0.83%,+0.00%,+0.28%,+0.84%,+0.83%,+0.83%,-0.27%,+1.65%,-1.89%,+0.83%
1324.TW,-1.37%,+0.00%,-0.35%,+1.39%,+1.03%,+1.03%,-1.36%,-0.34%,-3.11%,+0.71%
00932.TW,+0.51%,+0.56%,+0.51%,-0.40%,-0.11%,-0.11%,-0.17%,+1.15%,-0.51%,+0.11%
2867.TW,-1.67%,+1.19%,+9.88%,+9.91%,+0.28%,+0.28%,-0.14%,-2.77%,-1.99%,+2.33%
4906.TW,+0.74%,-0.59%,+0.59%,-0.15%,+4.11%,+4.11%,-0.85%,+0.57%,-1.13%,+1.00%
1712.TW,+0.72%,-0.24%,+0.72%,-1.43%,-0.72%,-0.72%,-0.85%,+0.25%,-1.47%,+0.50%
1203.TW,-3.06%,+2.54%,+2.18%,-0.97%,+0.20%,+0.20%,+0.20%,-1.37%,-0.59%,+0.00%
2002.TW,+0.60%,-1.00%,+1.62%,-0.40%,+0.80%,+0.80%,-1.39%,-1.20%,-1.83%,-0.62%
2478.TW,+1.22%,+0.40%,+0.00%,-1.00%,+0.50%,+0.50%,-0.30%,+0.60%,-1.80%,+5.09%
4560.TW,-0.53%,+0.13%,-0.40%,+0.00%,-0.27%,-0.27%,+0.81%,-0.27%,+0.00%,-0.27%
4532.TW,+3.02%,-1.72%,-0.35%,+2.99%,+0.17%,+0.17%,-2.39%,+0.17%,+5.41%,-1.99%
6582.TW,+1.38%,+0.19%,-0.19%,-0.78%,+0.98%,+0.98%,-1.75%,-0.40%,+0.20%,-0.40%
6668.TW,-0.15%,-0.58%,-0.88%,+0.15%,-2.51%,-2.51%,+3.19%,-1.18%,-4.76%,-1.72%
9136.TW,-0.64%,+0.65%,-0.32%,+1.29%,+2.23%,+2.23%,-0.47%,-0.16%,-0.47%,+1.42%
2897.TW,-0.47%,+0.95%,-0.47%,+0.47%,+1.89%,+1.89%,-1.39%,+0.47%,-1.87%,+0.00%
3557.TW,-0.77%,-2.70%,+1.72%,-0.26%,-1.17%,-1.17%,-0.53%,+1.06%,-4.33%,-0.82%
9939.TW,-0.29%,-2.91%,-1.80%,-2.13%,+1.25%,+1.25%,-2.15%,+0.63%,+0.00%,+0.00%
3592.TW,-0.61%,+1.35%,-0.36%,+0.12%,-0.73%,-0.73%,-1.22%,+0.62%,-0.62%,-0.37%
1718.TW,-0.37%,+0.25%,+1.12%,+0.62%,-0.12%,-0.12%,-2.33%,+0.00%,-2.13%,-0.13%
6491.TW,+2.40%,-1.17%,+0.59%,-0.79%,+0.59%,+0.59%,+0.59%,-1.96%,-4.09%,-1.04%
2484.TW,-0.16%,-0.63%,+0.16%,+0.47%,+0.31%,+0.31%,-0.47%,+0.47%,-0.93%,+0.47%
2520.TW,-3.70%,-0.91%,+4.06%,+3.55%,+0.68%,+0.68%,-1.70%,-1.56%,-5.27%,-0.56%
6166.TW,+7.45%,-0.59%,+0.00%,+0.74%,-0.15%,-0.15%,+5.31%,+1.82%,-1.24%,+3.06%
2102.TW,-1.21%,-0.74%,+1.48%,+2.19%,-2.62%,-2.62%,-1.96%,+0.00%,-1.50%,+1.52%
1338.TW,+0.29%,-0.15%,-0.15%,+0.59%,+0.00%,+0.00%,+0.29%,-0.58%,-0.73%,-0.30%
3023.TW,-1.05%,+0.70%,+0.35%,-1.05%,-0.53%,-0.53%,-0.53%,+1.78%,+0.52%,+1.22%
2106.TW,-1.15%,+1.89%,+1.14%,-1.13%,-1.43%,-1.43%,-2.03%,+3.70%,-2.57%,-0.44%
00738U.TW,+1.58%,+0.23%,+3.30%,+0.29%,+8.45%,+8.45%,-1.72%,+0.69%,-4.16%,-0.18%
6672.TW,-0.24%,+0.00%,+0.83%,+0.71%,-1.29%,-1.29%,+0.83%,+0.94%,-1.87%,+0.12%
3694.TW,+1.38%,+1.25%,+4.14%,+4.52%,-3.91%,-3.91%,+5.78%,+4.05%,-0.39%,+2.73%
2312.TW,+0.00%,+4.23%,+0.63%,+1.24%,+0.61%,+0.61%,+1.83%,+0.30%,-1.79%,+0.00%
2208.TW,+1.92%,+1.08%,-0.27%,+0.00%,-0.53%,-0.53%,-1.88%,-0.27%,-0.27%,-0.82%
2028.TW,+6.87%,+1.79%,+0.00%,+0.00%,+1.05%,+1.05%,-0.87%,-2.98%,-2.71%,-0.93%
1909.TW,-0.98%,+0.00%,-0.33%,+1.65%,-0.32%,-0.32%,-1.63%,-1.66%,-2.36%,-0.69%
2348.TW,-9.50%,-4.00%,+9.64%,+0.24%,-2.61%,-2.61%,-0.97%,+0.98%,-3.16%,-1.76%
2104.TW,-0.28%,+0.84%,-0.28%,+0.00%,-0.28%,-0.28%,-1.94%,+0.57%,-0.56%,-1.42%
2880.TW,-0.38%,-0.19%,+0.00%,-0.19%,-0.38%,-0.38%,-1.35%,+0.20%,-0.39%,-0.39%
8476.TW,+97.98%,-51.28%,+99.30%,+1.05%,-49.74%,-49.74%,+100.35%,+1.38%,+1.87%,-2.17%
1339.TW,-1.25%,+1.69%,+0.69%,+1.23%,+0.95%,+0.95%,-1.48%,-0.41%,-2.33%,+0.98%
6806.TW,+1.17%,-3.86%,-2.81%,+0.00%,+0.83%,+0.83%,+0.41%,+4.90%,-3.89%,+1.62%
1605.TW,-0.69%,+0.14%,+0.98%,-0.14%,+7.76%,+7.76%,-1.03%,-1.82%,-1.72%,-0.40%
00648R.TW,+0.17%,-1.04%,-1.05%,+0.35%,-0.18%,-0.18%,+0.00%,-0.53%,+0.00%,+1.24%
3006.TW,+0.00%,-1.22%,+2.69%,-0.98%,-0.44%,-0.44%,+0.11%,+1.88%,-1.30%,+3.52%
1442.TW,-1.78%,+3.27%,+5.62%,+2.00%,-3.59%,-3.59%,-1.69%,+0.52%,-2.40%,-0.35%
3376.TW,+1.39%,-0.82%,-1.94%,+6.50%,+3.45%,+3.45%,-1.79%,+7.57%,-2.18%,-1.24%
1303.TW,+0.71%,+0.00%,+1.06%,-1.57%,+1.24%,+1.24%,-2.62%,-2.15%,-1.47%,-1.12%
00715L.TW,+2.07%,-1.41%,+0.12%,+1.18%,+1.48%,+1.48%,-1.58%,-1.97%,-2.39%,-0.26%
3021.TW,-1.86%,-2.73%,+1.51%,+0.00%,+0.00%,+0.00%,+0.64%,+3.59%,-3.67%,+1.27%
2633.TW,-0.33%,-0.16%,+0.33%,-0.16%,+0.49%,+0.49%,-1.31%,+0.83%,-0.99%,-0.17%
1441.TW,-0.37%,-0.37%,+0.00%,+0.00%,+0.37%,+0.37%,+0.37%,-0.37%,+1.49%,+0.00%
2543.TW,-1.39%,+0.20%,+9.84%,-0.18%,-3.11%,-3.11%,+3.40%,-1.28%,-3.15%,+7.84%
1762.TW,-0.86%,-0.43%,-0.43%,+1.96%,+1.50%,+1.50%,-1.37%,+1.92%,-1.88%,+0.00%
2388.TW,+2.68%,-1.30%,+0.88%,+0.87%,+0.43%,+0.43%,+0.43%,+0.86%,-2.55%,+0.00%
1256.TW,-4.14%,+2.79%,+1.98%,+3.15%,+0.47%,+0.47%,+0.23%,+3.03%,-1.36%,+0.23%
3673.TW,+0.55%,-0.41%,+1.36%,-0.13%,+1.75%,+1.75%,-0.66%,+2.13%,-3.00%,-0.27%
1516.TW,+6.91%,-1.00%,-0.25%,+0.00%,+1.51%,+1.51%,+4.71%,+9.95%,+9.91%,+1.18%
3413.TW,-2.25%,+0.00%,+2.79%,-1.92%,-0.81%,-0.81%,-1.48%,-0.33%,+1.67%,+1.64%
00693U.TW,+0.00%,-0.20%,-0.08%,+0.82%,-0.04%,-0.04%,+1.55%,-0.20%,+0.08%,-0.20%
2201.TW,-1.24%,-0.28%,+0.56%,-1.11%,+0.42%,+0.42%,-1.12%,+0.57%,-0.56%,+0.57%
1323.TW,+0.16%,-0.16%,+0.32%,+0.00%,+0.16%,+0.16%,-0.16%,-0.16%,-0.16%,+0.00%
1733.TW,+0.57%,-0.28%,+0.85%,-1.60%,+2.07%,+2.07%,-1.59%,-1.18%,-3.73%,+0.15%
00662.TW,-0.53%,+0.53%,+1.18%,+0.13%,+0.13%,+0.13%,+0.65%,+0.26%,+0.64%,-1.21%
8046.TW,-0.26%,+0.53%,+1.31%,-1.81%,-1.58%,-1.58%,-1.87%,+2.45%,+0.53%,-1.59%
1445.TW,-0.87%,+0.44%,-0.22%,+0.66%,+0.00%,+0.00%,+0.22%,-0.44%,-1.53%,-0.22%
1229.TW,-0.59%,+0.30%,+1.19%,-0.44%,+0.29%,+0.29%,+0.15%,-0.29%,-0.73%,-0.74%
2419.TW,+0.98%,-0.65%,+0.49%,+3.08%,-1.26%,-1.26%,+1.11%,+0.47%,-1.25%,+1.59%
2392.TW,-0.19%,+0.19%,+0.78%,+3.27%,+8.94%,+8.94%,+3.76%,+9.88%,+9.90%,-1.50%
3045.TW,-0.95%,+0.48%,+0.48%,+0.47%,+0.00%,+0.00%,-0.47%,+1.42%,+0.00%,-0.47%
6515.TW,+0.36%,+0.71%,+0.47%,+1.52%,-0.92%,-0.92%,+1.16%,+2.29%,-1.35%,+2.84%
00634R.TW,+0.67%,-0.22%,-0.44%,+0.45%,-1.77%,-1.77%,+0.00%,+0.00%,+0.90%,+0.89%
3715.TW,-0.16%,-0.48%,+1.62%,+1.44%,-1.57%,-1.57%,-0.16%,+1.12%,-3.16%,+3.10%
6958.TW,-0.49%,+5.94%,+4.56%,-2.91%,+0.46%,+0.46%,-0.46%,+0.58%,+1.03%,+0.00%
4164.TW,+0.19%,+0.19%,-0.57%,+0.38%,+1.91%,+1.91%,-1.50%,+0.00%,-0.19%,-0.19%
2024.TW,+1.66%,+1.64%,+1.15%,+0.00%,+2.50%,+2.50%,-0.67%,+1.34%,-0.88%,+0.89%
6415.TW,+0.24%,-0.85%,+9.76%,-1.56%,-5.19%,-5.19%,-0.24%,+4.77%,+8.88%,-0.31%
6573.TW,+0.00%,+0.00%,+1.57%,-0.39%,+1.56%,+1.56%,+9.96%,+9.76%,-4.76%,-2.67%
2207.TW,+0.32%,+0.32%,+1.44%,-1.27%,+0.48%,+0.48%,-1.91%,-0.16%,-1.30%,-0.17%
910322.TW,+3.08%,-0.50%,+2.75%,-0.24%,+0.00%,+0.00%,-2.20%,+0.00%,-2.74%,-1.03%
3321.TW,-0.28%,-2.25%,+1.44%,-1.42%,+0.58%,+0.58%,+9.46%,+0.52%,-1.04%,+1.58%
2211.TW,+4.30%,+0.69%,+6.48%,-5.13%,-6.76%,-6.76%,-2.90%,+1.12%,+0.74%,+1.83%
4439.TW,+0.00%,+0.00%,+0.48%,+0.00%,+0.00%,+0.00%,+0.95%,+0.47%,+0.47%,+0.00%
2542.TW,-1.84%,-1.77%,+2.47%,+0.33%,-1.09%,-1.09%,-1.33%,+1.46%,-1.66%,-0.34%
6431.TW,+0.00%,+1.18%,+0.39%,-0.39%,-0.39%,-0.39%,+0.39%,+0.78%,-0.39%,+0.00%
7721.TW,-0.68%,-0.68%,-0.68%,+0.69%,-0.55%,-0.55%,-1.79%,-2.10%,-0.43%,-0.14%
6625.TW,-0.10%,+0.00%,+0.52%,+0.00%,+0.31%,+0.31%,-0.73%,+0.21%,-1.77%,+0.43%
9917.TW,-0.39%,+0.00%,+0.39%,+0.39%,+0.39%,+0.39%,+0.00%,+0.39%,-1.92%,+0.78%
6807.TW,-1.88%,+4.78%,+0.91%,+0.00%,+0.18%,+0.18%,-1.26%,+0.18%,-0.73%,+4.04%
8271.TW,-1.07%,-0.62%,-0.31%,+1.71%,+0.15%,+0.15%,+1.68%,-0.60%,-1.36%,+1.38%
4540.TW,-1.36%,+0.31%,+0.76%,+0.45%,+0.00%,+0.00%,+0.15%,+3.30%,+4.36%,-0.14%
3056.TW,-2.53%,+0.46%,+3.03%,+0.00%,+0.00%,+0.00%,+0.44%,+0.15%,-3.51%,+0.30%
3669.TW,-0.77%,-0.97%,+1.37%,-0.19%,-0.58%,-0.58%,+1.56%,+0.77%,-1.90%,+0.00%
1309.TW,+0.32%,+0.00%,+0.32%,+3.49%,-0.61%,-0.61%,-1.85%,+0.31%,-2.82%,-0.97%
00904.TW,+1.46%,+0.78%,+1.31%,-0.24%,+0.06%,+0.06%,-0.06%,+1.71%,+1.04%,-0.11%
6756.TW,+2.91%,+0.26%,+1.28%,-1.27%,+0.26%,+0.26%,-1.02%,+1.55%,-2.29%,+0.00%
6919.TW,-0.26%,-0.26%,+0.53%,-0.79%,+1.19%,+1.19%,+7.73%,+2.80%,-1.18%,-1.08%
2360.TW,-1.37%,-0.60%,+2.59%,+2.92%,+0.00%,+0.00%,+0.19%,+0.75%,+4.87%,+0.54%
00708L.TW,-0.67%,+0.84%,+2.54%,-0.73%,+4.91%,+4.91%,-1.89%,-0.22%,-3.56%,-3.21%
8016.TW,+0.19%,+0.76%,+0.56%,-2.05%,-2.29%,-2.29%,+1.17%,+2.89%,-2.25%,+0.00%
3094.TW,+2.44%,-0.79%,+0.16%,+2.71%,-1.55%,-1.55%,-0.32%,+1.58%,-2.49%,+1.44%
5484.TW,+1.17%,+0.39%,-0.77%,-0.78%,+1.56%,+1.56%,+0.38%,-1.72%,-0.78%,-0.59%
1454.TW,+0.31%,+0.63%,+3.12%,+0.00%,+0.91%,+0.91%,+0.90%,-2.37%,+0.00%,+1.22%
00941.TW,-0.54%,-0.13%,+1.89%,-0.33%,+0.40%,+0.40%,+1.32%,-0.20%,+0.59%,-1.11%
3014.TW,+1.82%,-0.30%,+0.30%,-1.19%,-1.81%,-1.81%,+3.68%,+2.07%,-2.03%,+0.89%
3406.TW,+7.84%,+5.02%,+2.14%,+1.15%,+1.89%,+1.89%,-0.93%,-3.18%,+2.90%,-1.31%
6794.TW,+0.48%,+0.00%,-0.36%,-1.67%,+0.48%,+0.48%,-10.96%,+15.70%,-2.92%,-0.60%
2383.TW,-0.85%,+2.94%,+3.09%,+3.34%,-3.57%,-3.57%,-1.74%,+1.53%,-0.12%,+0.00%
6235.TW,-2.02%,-0.23%,-0.57%,-1.73%,-1.18%,-1.18%,+1.19%,+1.18%,-2.32%,+8.56%
3149.TW,+0.21%,-0.64%,+2.35%,+0.62%,-3.11%,-3.11%,+0.00%,+2.04%,+2.00%,-1.76%
2023.TW,+1.30%,+0.64%,+2.55%,+0.62%,+0.31%,+0.31%,-1.85%,-0.94%,-2.85%,+0.33%
3454.TW,+0.38%,+1.52%,+1.49%,+1.10%,+1.45%,+1.45%,+0.72%,-1.42%,-1.08%,+1.46%
3543.TW,-0.64%,+0.86%,-0.43%,+0.86%,+0.42%,+0.42%,+0.21%,-0.21%,-0.63%,-0.21%
2345.TW,+3.52%,-0.11%,+5.32%,+1.01%,+0.90%,+0.90%,-0.79%,+1.20%,+0.79%,+0.39%
3018.TW,+0.71%,-0.35%,+6.41%,+6.35%,+0.63%,+0.63%,-0.31%,-0.94%,-5.06%,+0.67%
6526.TW,+1.67%,-0.45%,+1.35%,+0.44%,+1.62%,+1.62%,+0.29%,+9.96%,-0.26%,+0.66%
6641.TW,-1.52%,+1.19%,-1.06%,-0.24%,+0.48%,+0.48%,-0.24%,-0.48%,-1.19%,+1.45%
1776.TW,-2.15%,+0.82%,-0.54%,+1.64%,-0.27%,-0.27%,-0.81%,+0.27%,-0.27%,-0.54%
3686.TW,-0.27%,-1.87%,+1.91%,+9.89%,-2.68%,-2.68%,+0.75%,+1.24%,-2.94%,-0.25%
6933.TW,+0.61%,-1.98%,+4.52%,-0.75%,-0.15%,-0.15%,+8.27%,-2.64%,+0.43%,-0.85%
2415.TW,-1.58%,-2.50%,+0.91%,-0.54%,+0.36%,+0.36%,+0.00%,+0.18%,-2.54%,-0.19%
1806.TW,-2.76%,+0.95%,+2.82%,+0.46%,+1.82%,+1.82%,-2.23%,+0.46%,-2.27%,+0.47%
006203.TW,+0.65%,+1.86%,+0.44%,-0.56%,-0.44%,-0.44%,+0.25%,+1.64%,+0.99%,+0.00%
1337.TW,-1.45%,-1.33%,+1.22%,+0.80%,+1.99%,+1.99%,-0.78%,-0.79%,-1.58%,-0.27%
6155.TW,+0.74%,+0.00%,-1.10%,+0.37%,-0.19%,-0.19%,+0.37%,-0.56%,+0.00%,+0.56%
8103.TW,+0.44%,+0.55%,-0.33%,-0.22%,-0.99%,-0.99%,+0.67%,+0.22%,-1.33%,+0.34%
2883.TW,-0.35%,+1.06%,+1.05%,+0.00%,+0.00%,+0.00%,-1.74%,+0.35%,-1.41%,+0.00%
9937.TW,+0.00%,+0.74%,+0.59%,-1.91%,+1.35%,+1.35%,+0.00%,-0.15%,-0.15%,+0.15%
6781.TW,+1.24%,+1.37%,-2.41%,-1.23%,-1.25%,-1.25%,+0.95%,-0.31%,-0.47%,+2.37%
2308.TW,-0.16%,+0.95%,+0.31%,+0.78%,-1.40%,-1.40%,+0.16%,+2.83%,+0.61%,-0.46%
2324.TW,+2.33%,-2.14%,+2.46%,-0.93%,-0.94%,-0.94%,+0.00%,+9.66%,-5.33%,+0.92%
6108.TW,+0.50%,+3.47%,-0.96%,-0.24%,-0.73%,-0.73%,+1.46%,-1.44%,-0.49%,+2.70%
4148.TW,+3.85%,+0.59%,+0.00%,-1.17%,+2.16%,+2.16%,-1.73%,-0.20%,+0.20%,-1.17%
1907.TW,-0.98%,+0.66%,+0.66%,+0.16%,-0.49%,-0.49%,-1.14%,-0.33%,-0.66%,-0.33%
2375.TW,+0.15%,+1.54%,-0.15%,-0.30%,+0.91%,+0.91%,-0.60%,+0.61%,-1.21%,+3.67%
6805.TW,+5.66%,-3.91%,-3.92%,-0.47%,+6.77%,+6.77%,-0.88%,+5.65%,+2.39%,-0.96%
2905.TW,+1.92%,+0.31%,+2.19%,+1.53%,+2.11%,+2.11%,-0.59%,-1.78%,-3.02%,-0.93%
8201.TW,+0.56%,-0.55%,-0.28%,+0.00%,+0.56%,+0.56%,-0.56%,+3.07%,-2.44%,-0.28%
5292.TW,+2.70%,+3.29%,+0.32%,+0.32%,-0.95%,-0.95%,+4.79%,-2.44%,-0.63%,+1.57%
3605.TW,-8.57%,+0.97%,+4.82%,-0.23%,+7.49%,+7.49%,+0.21%,+0.96%,+2.65%,+7.33%
2474.TW,+0.22%,+1.52%,-0.43%,-5.38%,-0.68%,-0.68%,+1.60%,+3.83%,-1.08%,-1.10%
3013.TW,+1.41%,-0.88%,+1.28%,+2.39%,+1.23%,+1.23%,+9.96%,-1.55%,-0.45%,+1.80%
8473.TW,-0.24%,+2.14%,+3.03%,-1.24%,-2.75%,-2.75%,-0.59%,+0.47%,-5.19%,-0.87%
6598.TW,-0.50%,+1.01%,-0.50%,+5.78%,-0.71%,-0.71%,-1.20%,+0.97%,-1.44%,+1.46%
5284.TW,+3.19%,-2.70%,-1.19%,-0.40%,-0.40%,-0.40%,-0.81%,+0.82%,-1.62%,+0.82%
1467.TW,-1.66%,+0.00%,+0.84%,+1.26%,-1.24%,-1.24%,-1.26%,+0.00%,-1.69%,-0.43%
2387.TW,+0.00%,+0.16%,+0.48%,+0.16%,-0.16%,-0.16%,-0.96%,+0.65%,-2.40%,+0.33%
2609.TW,+7.06%,+0.14%,+3.78%,-4.18%,+2.11%,+2.11%,-1.52%,+0.84%,-0.97%,+3.09%
3057.TW,+7.35%,-1.90%,+2.71%,-1.13%,-1.53%,-1.53%,+0.39%,+6.18%,-2.18%,+3.72%
00713.TW,+0.44%,-0.09%,+1.14%,-0.61%,-0.52%,-0.52%,-0.09%,+0.96%,-0.17%,-0.09%
4764.TW,+0.00%,-0.15%,-0.30%,+0.74%,+0.88%,+0.88%,+0.87%,+0.43%,-0.14%,+0.72%
6472.TW,+0.28%,+2.54%,+1.79%,+7.96%,-1.62%,-1.62%,-2.54%,-0.39%,+0.52%,-2.08%
6863.TW,+7.94%,+3.68%,+2.60%,-0.92%,+2.56%,+2.56%,-2.49%,-3.02%,+1.68%,+1.42%
2365.TW,+0.00%,+9.93%,+2.26%,-5.08%,-1.40%,-1.40%,+9.91%,+9.87%,+9.96%,+6.22%
2425.TW,-1.45%,-0.93%,+0.00%,+0.00%,+0.13%,+0.13%,+0.67%,+1.34%,-1.06%,-0.53%
6128.TW,-0.13%,-1.92%,+0.00%,+1.83%,+1.41%,+1.41%,-1.01%,+0.64%,-2.03%,+0.13%
3008.TW,+2.68%,-1.74%,+2.21%,+0.65%,-0.43%,-0.43%,-4.10%,+0.45%,-1.79%,-0.91%
2313.TW,+0.28%,-0.14%,+7.31%,-0.39%,+2.24%,+2.24%,+2.70%,-0.25%,-1.76%,-2.69%
2390.TW,-1.52%,-0.38%,+1.16%,+0.76%,-0.38%,-0.38%,-0.38%,+3.82%,-4.41%,+0.77%
01004T.TW,-0.08%,+0.16%,-0.08%,+0.00%,-0.23%,-0.23%,+0.00%,+0.08%,+0.16%,-0.31%
2723.TW,-0.96%,-0.11%,+0.43%,-0.75%,-0.65%,-0.65%,-0.33%,-0.33%,-0.99%,+0.33%
1589.TW,+2.03%,+1.88%,+1.41%,+0.11%,+0.32%,+0.32%,+0.11%,-2.45%,-2.18%,+0.89%
1435.TW,+0.00%,+0.41%,+4.08%,-3.04%,+0.81%,+0.81%,+0.00%,-0.40%,-3.32%,+0.52%
3048.TW,+0.20%,-0.20%,+0.61%,+0.41%,+0.00%,+0.00%,+1.62%,-0.20%,-1.00%,+1.41%
4440.TW,+0.39%,+0.39%,-0.19%,+0.00%,+0.19%,+0.19%,+0.00%,+0.00%,-0.19%,+0.39%
9945.TW,-2.85%,+9.14%,+0.75%,-0.64%,-2.79%,-2.79%,-2.10%,+0.79%,-3.24%,+0.92%
9904.TW,+2.82%,+0.26%,+1.43%,-3.47%,-3.32%,-3.32%,+4.68%,+0.39%,-1.57%,-1.46%
4949.TW,-2.93%,-0.50%,+0.51%,-0.84%,-1.52%,-1.52%,+3.78%,-1.16%,+0.17%,-2.01%
6282.TW,+0.40%,-0.67%,+0.67%,+0.27%,+0.40%,+0.40%,+1.06%,-0.66%,-1.59%,-2.02%
1312.TW,-1.39%,+4.95%,-0.34%,-0.68%,-1.70%,-1.70%,+0.35%,-0.69%,-2.43%,+1.42%
3049.TW,+0.24%,-0.49%,+1.59%,+0.72%,+2.03%,+2.03%,-2.23%,+3.12%,-2.56%,+0.60%
1537.TW,-0.71%,+1.78%,+0.00%,-0.70%,+3.52%,+3.52%,-1.70%,+0.69%,-1.72%,+0.70%
7732.TW,+0.00%,-0.22%,-0.90%,+0.34%,+2.38%,+2.38%,+1.33%,-1.31%,-0.88%,+0.00%
2515.TW,-0.62%,-0.63%,+1.26%,+1.56%,-1.23%,-1.23%,-2.80%,+0.00%,-1.92%,+1.95%
4566.TW,+0.39%,+1.54%,+0.95%,-0.56%,+0.00%,+0.00%,-0.19%,+0.57%,+5.65%,-0.89%
1723.TW,-0.88%,+0.44%,+0.00%,-0.88%,+1.34%,+1.34%,+1.76%,+0.00%,-2.16%,-0.88%
00851.TW,-0.05%,+0.43%,+1.80%,+0.49%,+0.44%,+0.44%,+0.67%,-0.14%,+1.08%,-1.20%
2727.TW,-0.42%,-0.64%,-0.21%,+1.07%,-0.64%,-0.64%,-1.50%,-0.65%,-1.09%,+0.66%
00654R.TW,-1.27%,-0.14%,-0.72%,-0.87%,-0.29%,-0.29%,+0.29%,-0.44%,-0.29%,-1.03%
2465.TW,+2.61%,+2.54%,+1.24%,-0.82%,-2.06%,-2.06%,+4.20%,+5.24%,-3.07%,-3.16%
6531.TW,+2.16%,-0.85%,+0.85%,-1.98%,+1.44%,+1.44%,-2.13%,+0.58%,-2.31%,-0.15%
2457.TW,+1.43%,-0.40%,-0.10%,+0.51%,-0.40%,-0.40%,+1.82%,+0.20%,+0.20%,-0.79%
8926.TW,+1.74%,-0.96%,-0.43%,+0.32%,+1.19%,+1.19%,-0.64%,+1.39%,-1.48%,-0.86%
3028.TW,-0.56%,+0.14%,+0.70%,+0.42%,+0.00%,+0.00%,+0.28%,-0.41%,-1.25%,+0.70%
5515.TW,-1.70%,+2.81%,+1.68%,+1.45%,+0.20%,+0.20%,-0.20%,-2.65%,-2.93%,-0.86%
3481.TW,+0.00%,+0.74%,+0.74%,-2.19%,+0.37%,+0.37%,-0.74%,+4.87%,-0.71%,+1.08%
6916.TW,+0.00%,-0.77%,-0.39%,-0.19%,+0.58%,+0.58%,-0.77%,+0.00%,-0.58%,+0.78%
2409.TW,+0.00%,+2.25%,+2.48%,-2.69%,+0.55%,+0.55%,-1.65%,+2.79%,-2.17%,+1.11%
2033.TW,-0.62%,-0.31%,+0.31%,+0.31%,+3.70%,+3.70%,-1.49%,-0.91%,-1.83%,-0.31%
0050.TW,+0.67%,+1.37%,+0.48%,-0.12%,-0.03%,-0.03%,-0.12%,+1.80%,+0.76%,-0.41%
9955.TW,-0.67%,+1.18%,+3.18%,+0.16%,+9.87%,+9.87%,+9.87%,+0.94%,-6.77%,-1.99%
4526.TW,-1.20%,-0.97%,-1.47%,+0.00%,+0.25%,+0.25%,+2.72%,+6.27%,-1.59%,+0.23%
3090.TW,+0.15%,-0.45%,+1.81%,+0.15%,+1.48%,+1.48%,-0.73%,+1.62%,-1.16%,+2.49%
8374.TW,+0.00%,+0.66%,+0.33%,+0.16%,+0.33%,+0.33%,+0.65%,+9.89%,+9.88%,+9.93%
6719.TW,+1.33%,-0.37%,+1.69%,+0.00%,-0.92%,-0.92%,+5.22%,+2.30%,+0.00%,+3.99%
1410.TW,+0.00%,-0.13%,+0.13%,+0.00%,+0.00%,+0.00%,-0.13%,+0.00%,-0.92%,-0.40%
2301.TW,-1.43%,+0.97%,-3.83%,-0.50%,+0.50%,+0.50%,+1.00%,+1.97%,+8.21%,+2.23%
2382.TW,+5.10%,-0.52%,-3.48%,+3.25%,-1.40%,-1.40%,+0.00%,+1.24%,-0.53%,+0.88%
1711.TW,-0.99%,-1.24%,-0.25%,+0.00%,-1.77%,-1.77%,-0.51%,+0.52%,-1.03%,+0.00%
1102.TW,-0.44%,+0.00%,+0.33%,-2.51%,+1.91%,+1.91%,-1.87%,-1.57%,+0.11%,+0.11%
2032.TW,-0.29%,+1.73%,+0.57%,+0.56%,+3.93%,+3.93%,-1.62%,-2.20%,-3.37%,+0.29%
TXF.TW,+0.62%,+0.62%,+1.07%,-0.16%,-0.16%,-0.16%,-0.12%,+1.44%,+0.10%,-0.18%
6191.TW,+4.53%,-1.22%,-0.55%,-1.79%,+0.14%,+0.14%,+2.52%,+2.60%,+1.33%,-3.95%
8422.TW,-1.31%,-0.53%,+0.53%,+0.00%,+1.32%,+1.32%,-0.26%,+0.00%,-1.31%,-0.27%
3701.TW,+3.51%,-1.02%,-1.37%,-0.35%,-1.39%,-1.39%,+3.00%,-1.54%,-2.61%,+0.72%
4562.TW,-1.53%,+7.07%,-3.38%,-3.17%,-0.69%,-0.69%,+9.88%,+1.58%,-6.83%,+5.83%
5258.TW,+1.65%,-0.81%,+0.82%,-1.21%,-0.82%,-0.82%,+1.24%,+4.49%,-0.39%,+0.00%
3530.TW,+2.04%,+2.32%,+4.42%,-1.87%,-0.40%,-0.40%,-0.60%,+2.43%,+3.47%,-1.44%
1449.TW,-0.27%,-2.45%,+2.79%,+1.36%,+0.00%,+0.00%,-1.07%,-0.27%,-2.72%,-0.28%
3092.TW,-1.34%,-1.50%,+0.76%,+0.76%,+1.50%,+1.50%,-0.44%,+0.30%,-1.93%,-0.91%
1726.TW,-0.50%,+1.25%,+2.47%,+0.12%,+0.24%,+0.24%,-0.96%,+0.73%,-0.72%,-0.85%
2618.TW,+0.00%,-1.10%,+2.78%,+1.08%,-2.67%,-2.67%,-1.79%,-1.40%,-0.14%,+0.85%
8045.TW,-3.44%,+1.58%,-0.78%,-0.78%,-1.58%,-1.58%,-2.41%,-0.41%,-4.55%,-3.03%
2489.TW,-0.62%,-0.31%,+9.75%,+3.44%,+0.28%,+0.28%,+4.42%,-5.03%,-1.95%,+9.94%
3312.TW,-0.22%,+3.16%,-1.69%,+3.23%,-1.04%,-1.04%,+1.16%,+2.39%,-0.41%,+2.24%
2838.TW,-0.64%,+0.96%,+0.64%,-0.32%,+0.95%,+0.95%,-1.26%,+0.32%,-0.32%,+0.00%
3501.TW,+0.00%,+1.20%,+1.19%,-1.47%,+1.49%,+1.49%,+0.74%,+0.29%,-2.18%,+0.00%
8039.TW,-1.91%,+0.19%,+1.36%,-0.96%,+1.36%,+1.36%,-0.38%,+3.45%,-2.23%,-0.57%
8478.TW,+0.69%,-0.96%,+0.97%,+0.68%,+4.89%,+4.89%,-2.98%,+1.34%,-1.45%,+1.20%
6164.TW,+2.46%,+0.34%,+1.37%,+1.01%,-1.00%,-1.00%,+1.35%,+1.33%,-1.32%,-0.33%
3550.TW,+1.66%,-0.65%,+0.98%,-1.95%,+0.33%,+0.33%,+0.00%,-0.66%,-1.66%,+1.01%
6416.TW,+2.13%,-1.25%,+0.84%,+0.42%,-2.08%,-2.08%,+1.70%,+0.84%,+0.41%,+1.65%
3432.TW,+0.78%,-0.77%,+0.00%,+1.55%,-2.55%,-2.55%,+1.31%,+0.78%,-1.03%,-0.26%
1514.TW,-1.63%,-1.24%,-3.78%,+3.06%,-2.12%,-2.12%,-3.03%,-1.79%,-2.27%,+2.79%
6209.TW,+0.40%,+0.20%,+1.19%,+2.94%,+1.14%,+1.14%,+9.96%,+9.91%,-1.09%,+0.63%
4912.TW,-1.25%,-1.27%,+0.43%,+1.28%,+7.98%,+7.98%,+0.39%,+5.43%,-2.57%,-2.26%
3015.TW,+1.16%,-0.49%,+0.00%,+1.32%,-0.82%,-0.82%,+0.33%,+2.79%,-1.12%,+0.32%
00894.TW,+1.50%,+0.79%,+1.37%,+0.00%,-0.52%,-0.52%,-0.42%,+1.63%,+0.93%,+0.56%
3703.TW,-0.74%,-0.15%,+1.04%,+4.87%,+4.64%,+4.64%,-3.23%,-2.78%,-2.43%,+0.29%
1735.TW,+0.86%,-0.57%,+0.29%,+0.00%,+0.86%,+0.86%,+0.00%,-0.57%,+0.00%,+0.28%
1522.TW,-0.31%,+0.00%,-1.10%,-2.69%,-0.98%,-0.98%,+4.11%,-2.05%,-4.67%,+1.01%
00712.TW,+0.10%,+1.13%,+0.40%,-0.20%,+0.30%,+0.30%,-0.70%,-0.10%,-1.22%,-2.47%
00924.TW,-0.05%,+0.05%,+1.16%,-0.14%,+0.29%,+0.29%,+0.62%,+0.43%,+0.47%,-0.98%
6504.TW,+2.59%,-1.06%,+0.27%,-0.94%,-0.41%,-0.41%,-0.14%,+0.14%,-0.68%,-0.14%
6955.TW,-0.63%,+0.00%,+0.63%,-0.63%,-0.32%,-0.32%,+0.32%,+0.32%,-0.95%,+0.64%
6776.TW,+0.00%,-0.16%,+0.32%,+0.00%,+0.32%,+0.32%,-0.63%,+0.80%,-0.79%,+0.64%
6196.TW,+0.00%,+0.32%,+0.97%,+0.64%,-1.91%,-1.91%,+0.65%,+0.65%,-1.28%,+1.62%
3002.TW,+1.72%,+2.70%,+1.32%,-1.62%,+0.99%,+0.99%,+0.98%,+1.29%,-0.64%,+1.29%
4989.TW,-0.39%,+0.59%,+1.95%,-0.77%,+1.74%,+1.74%,+2.47%,+0.74%,-2.57%,-1.13%
6405.TW,-0.65%,-0.44%,+0.22%,+0.22%,+0.22%,+0.22%,+0.22%,+4.37%,-2.09%,+0.64%
2423.TW,-1.88%,-1.43%,+0.97%,-0.72%,+0.24%,+0.24%,+1.81%,-0.24%,-0.83%,+1.80%
00673R.TW,-1.46%,+0.40%,-0.54%,-0.27%,-0.81%,-0.81%,+0.82%,+1.08%,+1.07%,+0.26%
1616.TW,-2.94%,+2.83%,-1.57%,-1.00%,+2.42%,+2.42%,+0.59%,-1.96%,-4.79%,+4.19%
6671.TW,-0.11%,+0.11%,+0.00%,+0.11%,+0.00%,+0.00%,-0.22%,+0.22%,+0.22%,+0.66%
3593.TW,+0.87%,+0.87%,-0.43%,+0.00%,+0.86%,+0.86%,-0.43%,+0.43%,-1.71%,+0.00%
2546.TW,-2.42%,-2.59%,+1.49%,+1.57%,+0.00%,+0.00%,-0.93%,+0.42%,-4.46%,+0.43%
1220.TW,+0.00%,-1.54%,-1.56%,+0.63%,+1.89%,+1.89%,-1.24%,-0.31%,-3.77%,+1.63%
1307.TW,-1.03%,+0.60%,-0.15%,-0.59%,+0.15%,+0.15%,-1.79%,-1.36%,-1.84%,-0.78%
4960.TW,-1.02%,-1.38%,+2.80%,+1.36%,+1.01%,+1.01%,-1.66%,+1.35%,-2.67%,-2.40%
3437.TW,+0.38%,-1.13%,+0.00%,+0.00%,+0.00%,+0.00%,-0.57%,+2.11%,-2.63%,+0.39%
00911.TW,+0.07%,+1.23%,+2.28%,-0.29%,-0.11%,-0.11%,+1.77%,+0.14%,+3.05%,-1.93%
6024.TW,-0.49%,+0.33%,-1.46%,+0.82%,-0.49%,-0.49%,-2.30%,+0.67%,-1.67%,-0.34%
2637.TW,+0.14%,-3.38%,+5.04%,-5.60%,+0.00%,+0.00%,-0.99%,+4.56%,-2.18%,-0.14%
00683L.TW,-0.17%,-0.52%,-1.48%,+0.75%,-0.31%,-0.31%,+0.48%,-0.13%,+0.57%,+0.52%
1513.TW,-0.30%,+0.60%,+0.60%,+0.89%,-0.59%,-0.59%,-1.18%,-1.49%,-1.82%,+0.93%
1455.TW,-1.08%,+0.36%,+8.66%,-2.33%,-0.68%,-0.68%,+0.34%,-0.68%,-1.03%,-0.35%
3038.TW,+0.78%,-0.16%,+0.00%,+0.16%,+0.31%,+0.31%,+0.16%,+1.24%,-1.53%,+0.16%
8996.TW,+1.18%,-0.47%,+2.34%,+1.26%,-3.50%,-3.50%,+2.11%,+0.69%,+8.88%,+3.56%
8011.TW,+0.00%,-1.81%,+1.61%,+0.45%,-0.90%,-0.90%,+0.46%,+1.81%,-2.45%,+5.25%
2485.TW,-2.44%,+0.00%,+1.50%,+0.00%,+0.49%,+0.49%,+0.49%,+0.73%,-1.21%,+0.98%
2945.TW,+0.00%,+0.22%,+0.88%,-0.88%,+0.00%,+0.00%,-0.44%,-0.44%,-0.45%,-0.89%
3708.TW,+4.39%,-1.29%,-2.62%,-1.35%,-3.07%,-3.07%,+0.00%,+1.76%,-5.88%,+2.57%
1466.TW,-0.76%,-0.38%,-1.15%,-0.39%,+0.39%,+0.39%,+1.56%,-1.15%,-0.78%,-1.17%
00631L.TW,+1.35%,+2.10%,+1.30%,-0.37%,-0.05%,-0.05%,-0.38%,+2.94%,+0.39%,-0.27%
2108.TW,-0.75%,-0.30%,+2.11%,+0.00%,+1.18%,+1.18%,-0.58%,-0.44%,+0.15%,+0.44%
1409.TW,-2.06%,+0.00%,+1.51%,+0.30%,+0.89%,+0.89%,-1.76%,-0.60%,-1.50%,+0.00%
4588.TW,+1.03%,+0.10%,+2.45%,-1.19%,-1.21%,-1.21%,+1.73%,-0.80%,-2.73%,+0.62%
2049.TW,-0.85%,-0.64%,+2.38%,+0.63%,-1.05%,-1.05%,-1.91%,+2.16%,-2.75%,-2.17%
1582.TW,-1.74%,-0.62%,-1.57%,+0.64%,-1.06%,-1.06%,+1.28%,+0.74%,-1.67%,-0.43%
8438.TW,+0.59%,+0.29%,+8.16%,-2.96%,+10.00%,+10.00%,+7.70%,-1.17%,-2.61%,-3.17%
1560.TW,+0.41%,-1.83%,+0.21%,+2.27%,+1.01%,+1.01%,+4.60%,+0.38%,+0.19%,+2.09%
9105.TW,+0.00%,+3.38%,+0.27%,+3.80%,-1.05%,-1.05%,-0.53%,+0.53%,-2.12%,+10.00%
2353.TW,+2.41%,-1.74%,-0.52%,+0.73%,+0.21%,+0.21%,+0.00%,+9.84%,+0.57%,+7.88%
8467.TW,-1.39%,+0.28%,-0.28%,-1.13%,-1.43%,-1.43%,+2.61%,+3.39%,-2.73%,+3.65%
1736.TW,+2.04%,+1.45%,+7.35%,-3.98%,-1.06%,-1.06%,+0.32%,-1.07%,-2.38%,-3.11%
4564.TW,-1.06%,-0.43%,+1.51%,+1.49%,+0.21%,+0.21%,+1.46%,-1.85%,-0.63%,+0.42%
2331.TW,+2.58%,+5.67%,-0.15%,-2.39%,-0.92%,-0.92%,-0.77%,+4.67%,-8.02%,+0.81%
9910.TW,-0.93%,-0.31%,-0.94%,+0.63%,+0.00%,+0.00%,-1.89%,+1.29%,+0.00%,-1.90%
5471.TW,+0.00%,+0.79%,+0.98%,+0.00%,+0.78%,+0.78%,+0.39%,+2.12%,-1.88%,+0.00%
00909.TW,+0.00%,+0.98%,+4.06%,-1.16%,+1.84%,+1.84%,+4.96%,-1.24%,-0.44%,-2.42%
2540.TW,-1.83%,+0.93%,+4.62%,-0.29%,-3.83%,-3.83%,-1.53%,-1.25%,-6.62%,+2.70%
2498.TW,+0.60%,+0.83%,+1.53%,-0.12%,+0.46%,+0.46%,-1.61%,+1.87%,-2.30%,-1.06%
00753L.TW,+0.68%,+0.00%,+2.46%,+1.31%,+2.70%,+2.70%,-3.99%,-0.44%,-4.62%,-1.96%
6861.TW,+0.99%,+0.70%,+0.69%,+1.79%,+0.54%,+0.54%,+0.27%,-0.94%,-1.89%,+0.55%
8110.TW,-0.57%,+7.41%,+0.53%,-2.37%,-0.27%,-0.27%,+9.76%,-2.47%,-2.53%,-1.82%
2481.TW,+1.26%,+0.71%,+0.35%,+0.53%,-1.05%,-1.05%,-0.53%,+0.71%,-2.11%,+0.18%
4722.TW,-0.71%,-0.12%,+1.78%,-1.63%,-0.71%,-0.71%,+0.84%,+0.24%,-2.13%,-0.24%
2477.TW,-0.23%,+0.70%,+1.38%,+0.00%,+0.23%,+0.23%,-1.36%,+0.46%,-0.69%,-0.46%
4438.TW,+0.00%,+1.84%,+0.45%,+0.45%,+0.45%,+0.45%,+0.00%,+0.00%,+0.00%,-0.89%
1414.TW,-1.52%,+1.28%,-0.25%,+1.02%,+0.75%,+0.75%,-1.00%,+0.50%,-2.51%,+0.26%
2393.TW,+1.60%,+0.00%,-1.43%,-0.29%,-0.29%,-0.29%,+2.49%,+0.00%,+0.00%,+0.29%
6269.TW,-1.29%,-1.00%,+0.81%,+0.50%,-2.30%,-2.30%,-0.10%,+0.41%,+0.82%,+0.71%
6937.TW,-0.50%,-0.76%,-1.02%,+0.77%,-1.28%,-1.28%,+0.00%,+1.81%,-1.78%,+0.26%
2305.TW,+1.12%,-2.00%,+0.68%,+0.00%,+0.67%,+0.67%,+0.22%,+1.11%,-2.20%,+1.35%
1611.TW,-1.96%,+0.00%,+0.29%,+0.57%,+1.70%,+1.70%,-0.84%,-1.12%,-2.27%,+0.87%
2913.TW,-1.62%,-0.71%,+2.38%,+0.00%,-1.16%,-1.16%,-0.70%,+0.47%,-2.12%,+0.72%
1457.TW,+1.35%,-3.10%,-1.37%,+4.87%,-1.33%,-1.33%,+0.00%,-0.45%,-2.93%,+0.00%
6230.TW,+4.59%,+1.69%,-3.49%,+9.98%,+4.54%,+4.54%,+9.88%,+0.27%,-1.49%,-1.66%
2413.TW,+0.84%,+0.63%,+0.62%,+0.41%,+2.05%,+2.05%,+1.61%,-1.19%,-1.40%,+1.22%
3535.TW,-0.21%,+6.90%,+0.20%,-0.78%,+6.10%,+6.10%,-0.93%,+6.74%,+0.53%,+2.44%
00908.TW,-0.16%,+0.16%,+0.40%,+0.40%,-0.08%,-0.08%,+0.08%,-0.08%,-0.80%,-1.37%
2103.TW,+0.41%,+0.20%,+0.20%,-0.20%,+0.61%,+0.61%,-1.61%,+0.61%,-2.24%,-0.63%
2317.TW,+1.47%,-0.87%,+0.59%,-0.87%,-1.47%,-1.47%,-0.90%,+1.81%,+2.37%,+1.73%
2488.TW,+0.00%,-0.53%,+0.75%,+1.27%,+0.00%,+0.00%,+0.10%,+0.42%,-1.77%,+0.11%
5534.TW,-4.40%,+1.67%,+1.65%,+4.05%,+5.06%,+5.06%,-5.56%,-3.14%,-6.48%,-0.87%
8163.TW,+0.74%,-2.34%,+0.75%,-0.30%,-0.30%,-0.30%,-0.15%,+1.65%,-1.03%,+0.00%
6743.TW,-4.75%,+0.18%,+3.02%,-2.07%,-1.76%,-1.76%,+0.36%,+0.89%,-1.59%,-0.90%
2431.TW,+0.00%,+0.00%,+1.65%,+2.44%,-1.19%,-1.19%,+0.80%,+1.59%,+0.00%,+0.00%
9921.TW,+0.22%,+0.44%,-3.30%,-0.45%,+1.60%,+1.60%,-0.67%,+1.81%,-2.22%,-0.45%
2451.TW,+0.00%,+1.48%,+4.85%,+0.93%,+2.29%,+2.29%,+0.45%,-0.45%,-1.35%,+1.82%
2010.TW,+0.24%,+0.00%,+0.00%,+0.71%,+0.47%,+0.47%,-0.71%,+0.24%,-3.55%,-0.98%
00770.TW,-0.16%,+0.47%,+2.08%,-0.09%,+0.09%,+0.09%,+0.96%,+0.09%,+1.36%,-1.30%
2516.TW,-1.69%,+0.00%,-0.43%,+0.00%,-0.86%,-0.86%,-0.87%,+3.07%,-2.98%,-0.44%
2302.TW,+0.58%,+1.15%,-0.28%,+4.56%,-1.91%,-1.91%,+0.00%,+0.00%,+10.00%,-2.27%
3025.TW,+1.84%,+0.90%,-1.20%,+0.76%,-1.05%,-1.05%,+1.67%,+0.15%,-1.49%,+1.66%
1432.TW,-0.55%,-0.28%,+0.56%,+0.28%,-0.55%,-0.55%,+0.00%,+0.56%,-1.10%,+0.00%
3661.TW,+7.54%,+5.35%,-1.75%,-0.18%,+1.61%,+1.61%,-3.34%,+0.00%,-1.09%,+3.68%
3033.TW,-0.71%,+0.71%,+2.84%,+5.93%,+0.26%,+0.26%,+1.82%,-2.30%,-2.87%,+6.45%
00646.TW,-0.38%,-0.28%,+0.95%,+0.28%,+0.28%,+0.28%,+0.00%,+0.19%,+0.00%,-1.03%
6592.TW,-1.32%,-0.89%,-0.45%,+0.00%,+1.81%,+1.81%,-1.78%,-0.45%,-4.09%,-0.47%
2314.TW,+1.16%,-1.15%,+0.50%,+0.83%,+4.11%,+4.11%,+0.00%,+6.31%,-3.26%,+1.69%
6451.TW,+2.82%,+5.49%,-4.69%,+2.73%,-3.19%,-3.19%,-0.82%,+4.16%,-3.99%,+0.83%
3308.TW,-0.60%,-1.60%,-0.41%,+2.24%,+0.00%,+0.00%,+0.20%,+4.58%,-2.48%,-1.17%
00700.TW,+0.22%,-0.66%,+1.63%,+0.87%,+1.44%,+1.44%,-1.49%,-0.29%,-2.82%,-1.19%
6224.TW,+0.37%,+0.56%,+0.00%,+1.11%,+0.18%,+0.18%,-0.55%,-0.37%,-1.66%,+0.00%
2038.TW,+2.00%,+0.98%,+0.49%,+0.97%,+5.50%,+5.50%,+1.36%,-3.58%,-4.87%,-0.49%
3712.TW,+1.38%,-0.68%,-1.71%,+2.21%,+2.28%,+2.28%,+1.00%,+1.87%,+0.65%,+0.86%
4137.TW,-2.94%,+2.42%,-0.30%,+0.30%,+0.30%,+0.30%,-1.18%,+0.00%,-0.90%,-0.30%
2739.TW,-1.86%,+2.05%,+9.89%,-3.52%,-4.81%,-4.81%,-1.53%,-0.78%,-7.52%,+1.69%
5225.TW,+2.68%,+1.74%,+0.00%,+1.28%,+0.42%,+0.42%,+5.46%,-2.79%,-0.41%,+1.65%
1438.TW,+0.00%,-0.38%,+3.45%,+0.00%,+0.56%,+0.56%,-0.37%,-0.74%,-3.35%,+2.89%
4927.TW,+1.47%,-0.60%,+0.97%,-0.24%,-0.12%,-0.12%,-1.57%,+2.58%,-3.23%,+0.74%
2511.TW,-2.02%,+0.00%,+1.65%,+0.81%,-0.40%,-0.40%,-1.61%,-1.64%,-2.50%,-1.28%
00830.TW,-0.16%,+1.62%,+2.25%,+0.02%,-0.20%,-0.20%,+1.94%,+0.00%,+2.90%,-2.25%
8150.TW,+1.28%,+0.00%,+0.46%,-1.03%,+1.50%,+1.50%,+1.82%,+2.46%,-3.06%,-0.45%
6438.TW,+0.41%,-1.63%,+4.13%,-0.79%,-1.60%,-1.60%,+0.41%,+0.00%,-3.64%,+0.42%
2359.TW,+9.57%,+9.61%,-4.38%,+10.00%,+4.55%,+4.55%,+9.78%,+9.90%,-2.10%,+5.21%
2891.TW,-1.23%,+2.36%,+1.63%,+1.60%,+1.18%,+1.18%,-2.08%,+0.40%,+0.26%,-2.50%
6706.TW,+2.71%,-1.32%,+9.92%,+9.90%,+8.06%,+8.06%,+0.00%,+9.80%,+1.73%,-0.39%
2455.TW,+1.82%,+2.50%,+1.05%,-0.69%,-2.43%,-2.43%,+0.36%,+4.96%,-2.03%,-1.03%
2492.TW,+0.44%,-3.04%,+1.79%,-1.32%,-1.34%,-1.34%,-0.45%,+2.73%,-3.10%,+1.37%
2347.TW,-0.70%,+1.41%,+0.12%,-1.73%,-1.29%,-1.29%,-0.83%,-2.40%,+1.72%,+0.85%
2332.TW,+0.55%,-2.19%,+1.68%,+0.55%,+0.27%,+0.27%,+0.27%,+0.82%,-1.62%,+0.82%
6789.TW,+1.97%,+2.51%,+2.08%,-0.92%,-1.87%,-1.87%,-1.14%,+7.31%,-1.08%,+0.72%
2404.TW,+1.83%,+0.97%,-0.68%,-2.62%,-1.98%,-1.98%,+1.59%,+2.70%,-1.52%,-0.28%
1722.TW,-0.78%,-0.31%,+1.10%,-0.62%,-0.47%,-0.47%,-0.31%,-0.16%,-0.47%,+0.16%
4916.TW,+1.35%,-1.16%,+0.00%,+1.01%,+0.50%,+0.50%,+0.00%,+0.50%,+0.17%,-0.66%
1418.TW,-1.86%,-0.47%,-4.29%,-0.66%,+1.34%,+1.34%,-1.15%,+0.83%,+0.00%,-0.83%
00663L.TW,+1.28%,+2.15%,+0.95%,+0.00%,-0.08%,-0.08%,-0.46%,+3.00%,+0.30%,-0.25%
2923.TW,-1.10%,+9.87%,+10.00%,-2.62%,-0.16%,-0.16%,-8.40%,+6.06%,+0.65%,-2.11%
1453.TW,-0.65%,-0.87%,+9.91%,+9.82%,-2.01%,-2.01%,+1.68%,+0.73%,-4.36%,+1.14%
1538.TW,+0.30%,-6.91%,+1.29%,+1.27%,+0.31%,+0.31%,-6.27%,+0.33%,-1.33%,+0.00%
2466.TW,+1.78%,+0.27%,+1.21%,-0.80%,+1.20%,+1.20%,+0.26%,-0.66%,-1.19%,-0.67%
2612.TW,-1.50%,-1.52%,+1.44%,-4.16%,+0.95%,+0.95%,-0.63%,+0.42%,-2.52%,+1.40%
2367.TW,+10.00%,+6.06%,+2.71%,+6.82%,-1.04%,-1.04%,+3.03%,-2.43%,+0.13%,-2.35%
2426.TW,+0.29%,+0.29%,+1.44%,+1.14%,+1.97%,+1.97%,-0.28%,+0.00%,-1.38%,+0.28%
3031.TW,-1.17%,-1.42%,+1.20%,-0.71%,+5.00%,+5.00%,-2.04%,+0.69%,-1.15%,+0.00%
3189.TW,+0.00%,-0.10%,-1.25%,+1.06%,-0.10%,-0.10%,-1.47%,+0.85%,-0.42%,+0.00%
2206.TW,+0.39%,+0.39%,+0.38%,+2.93%,-1.12%,-1.12%,-0.88%,-1.77%,-2.06%,+2.76%
2030.TW,+0.00%,+0.54%,+0.00%,+0.00%,+4.04%,+4.04%,-0.78%,-1.83%,-1.60%,-0.81%
2881.TW,-0.42%,+3.65%,+0.14%,+0.95%,-1.07%,-1.07%,-1.22%,+0.82%,-1.36%,+1.10%
6928.TW,-0.97%,-2.94%,-13.64%,+10.53%,-4.34%,-4.34%,+1.55%,-3.81%,-4.76%,+9.99%
3443.TW,+2.62%,+2.92%,+0.71%,+0.70%,+2.10%,+2.10%,-1.71%,+0.70%,-1.04%,+2.45%
2329.TW,+1.20%,+0.34%,+0.85%,+1.51%,-0.33%,-0.33%,+1.66%,-0.82%,-1.64%,-0.67%
2316.TW,-0.45%,+0.90%,+3.02%,-2.07%,+3.66%,+3.66%,+0.00%,-1.93%,-1.20%,-0.77%
2834.TW,-0.88%,+0.59%,+0.59%,+0.00%,+0.00%,+0.00%,-0.87%,+0.59%,-0.88%,-0.29%
2022.TW,-0.41%,+1.24%,+0.00%,+0.41%,+3.66%,+3.66%,+0.39%,-2.73%,-3.21%,-1.24%
00660.TW,+0.00%,-0.03%,+0.22%,-0.92%,+0.55%,+0.55%,+0.05%,-0.41%,+0.25%,-1.07%
1310.TW,+0.37%,+2.94%,+0.00%,+1.07%,-1.06%,-1.06%,-1.79%,+1.45%,-2.15%,+1.10%
00703.TW,+0.25%,-0.06%,+1.04%,+0.97%,+1.44%,+1.44%,-1.36%,-0.48%,-2.59%,-1.49%
4551.TW,-0.90%,+2.42%,+0.00%,+0.99%,+0.98%,+0.98%,+1.93%,+6.64%,+1.33%,+0.00%
5608.TW,+3.04%,-1.36%,+1.15%,-2.96%,-1.88%,-1.88%,-1.67%,+2.92%,-2.60%,+0.73%
5203.TW,+0.11%,+0.33%,-0.33%,+0.11%,+1.09%,+1.09%,+0.97%,+1.60%,-1.47%,+1.81%
00865B.TW,-0.11%,-0.57%,-0.51%,+0.54%,+0.16%,+0.16%,+0.16%,-0.04%,-0.24%,+0.07%
4904.TW,-0.24%,-0.60%,+1.45%,-1.07%,+0.60%,+0.60%,-0.24%,+0.60%,+0.36%,-0.36%
6695.TW,+4.24%,+1.55%,-1.15%,-1.93%,-0.39%,-0.39%,-1.68%,+2.51%,-2.94%,-0.40%
1305.TW,+0.83%,+0.55%,-0.27%,+0.82%,+0.82%,+0.82%,-0.81%,+0.54%,-1.35%,+0.27%
00900.TW,+0.50%,-0.31%,+1.76%,+0.50%,-0.06%,-0.06%,-0.86%,+0.87%,-0.12%,+0.43%
3532.TW,+0.31%,-2.14%,+1.56%,+0.62%,-0.31%,-0.31%,-1.53%,+2.18%,+0.30%,-0.30%
1314.TW,+0.48%,-1.90%,+0.97%,+0.00%,-0.48%,-0.48%,-2.40%,+0.00%,-1.48%,+0.50%
1304.TW,-0.62%,+0.93%,+0.62%,+0.92%,-0.30%,-0.30%,-1.83%,+0.31%,-1.86%,-0.63%
00923.TW,+0.90%,+0.94%,+0.68%,-0.10%,+0.19%,+0.19%,-0.15%,+1.70%,+0.72%,-0.19%
6873.TW,+0.00%,+0.00%,-1.18%,-2.98%,+0.31%,+0.31%,+2.75%,+0.60%,-1.78%,-1.20%
9906.TW,-6.67%,-0.73%,+1.83%,+2.40%,+0.35%,+0.35%,-1.52%,+0.00%,-0.95%,-0.96%
1227.TW,+1.51%,+0.00%,+0.87%,+1.48%,+2.30%,+2.30%,+0.36%,+1.18%,-2.22%,-0.48%
2340.TW,+0.67%,+0.80%,+0.92%,+0.79%,-0.52%,-0.52%,-0.65%,+0.66%,+2.48%,+3.18%
3027.TW,+0.23%,-0.47%,-1.05%,-0.12%,+0.59%,+0.59%,+1.88%,-0.81%,-3.26%,+1.08%
3138.TW,-1.15%,-1.16%,+1.18%,+0.00%,+0.78%,+0.78%,+7.31%,-3.23%,-0.74%,-0.37%
3017.TW,+3.04%,-0.16%,+1.09%,+1.38%,-3.33%,-3.33%,+1.88%,+1.54%,+7.27%,-0.28%
3037.TW,-1.61%,-0.54%,+0.27%,+0.27%,-1.63%,-1.63%,+0.83%,+0.27%,+4.66%,-1.05%
4106.TW,-0.36%,-0.18%,+0.00%,+0.54%,+0.89%,+0.89%,+0.35%,-0.18%,-1.41%,+0.18%
3060.TW,+0.00%,+5.18%,+9.85%,-2.84%,-1.54%,-1.54%,+10.00%,-0.14%,+0.57%,+2.40%
1503.TW,+0.19%,-0.58%,-0.77%,-0.19%,-2.14%,-2.14%,-0.80%,-2.81%,-2.48%,+1.06%
4155.TW,-1.36%,+0.39%,+2.55%,-0.38%,-0.19%,-0.19%,+0.96%,+0.19%,-2.67%,+0.00%
2883B.TW,+0.00%,-0.13%,+0.00%,+0.66%,+0.00%,+0.00%,+0.00%,+0.13%,-0.13%,-0.13%
8482.TW,+0.00%,-0.32%,+5.02%,-3.08%,+1.75%,+1.75%,-0.16%,+0.00%,-2.82%,+0.00%
2607.TW,+0.88%,-1.31%,+1.18%,-1.02%,-1.92%,-1.92%,-1.66%,+0.00%,-1.84%,+0.62%
4755.TW,+0.00%,-1.37%,+1.39%,-1.71%,-1.39%,-1.39%,+0.00%,+0.35%,-1.06%,-0.36%
5469.TW,+2.17%,+3.53%,-3.24%,-2.82%,+1.09%,+1.09%,+3.05%,+1.05%,-1.55%,-0.35%
3305.TW,+1.70%,+0.15%,+4.70%,-0.58%,+3.50%,+3.50%,+0.85%,+1.68%,-1.37%,+0.97%
6214.TW,+2.04%,-0.40%,+1.20%,-0.79%,-1.20%,-1.20%,-0.40%,+0.41%,-1.21%,-0.82%
00640L.TW,+0.18%,+0.62%,+0.00%,+0.61%,+1.66%,+1.66%,+0.09%,-1.46%,+0.70%,-0.60%
6552.TW,-0.61%,+1.43%,+0.20%,+1.61%,-5.53%,-5.53%,+1.15%,+0.00%,-8.89%,+2.61%
1216.TW,+0.13%,+1.02%,+0.88%,-0.75%,-1.64%,-1.64%,+1.67%,+1.39%,+0.62%,-2.10%
2887.TW,-0.53%,+0.00%,+0.53%,+0.53%,+0.53%,+0.53%,-0.79%,+0.27%,-1.06%,-0.53%
1471.TW,+0.67%,-0.67%,+1.34%,-0.99%,-0.67%,-0.67%,+1.01%,+1.67%,-1.97%,-0.67%
2493.TW,+0.33%,+0.88%,+0.98%,+0.65%,+0.64%,+0.64%,-1.70%,+0.54%,-1.40%,-0.11%
1590.TW,+0.00%,+0.43%,-1.69%,+2.16%,+1.69%,+1.69%,-5.81%,+0.00%,-1.32%,-1.34%
00916.TW,-0.14%,+0.19%,+0.28%,+0.05%,+0.55%,+0.55%,-0.05%,+0.23%,+0.00%,-1.19%
00638R.TW,+0.53%,-0.11%,-1.06%,+0.32%,-1.70%,-1.70%,+0.54%,-0.32%,+1.19%,+0.75%
00919.TW,+0.68%,-0.52%,+1.44%,-0.32%,+0.56%,+0.56%,-0.36%,+0.87%,+0.08%,+0.20%
1710.TW,-1.40%,-0.28%,+0.28%,+1.14%,+0.28%,+0.28%,-1.40%,+0.57%,-2.26%,+0.58%
6213.TW,+0.96%,-0.48%,+2.39%,-0.93%,-1.89%,-1.89%,+1.44%,+5.69%,-1.79%,+3.65%
9103.TW,+0.15%,+1.46%,-1.44%,+0.73%,+2.03%,+2.03%,-0.43%,-0.14%,-0.71%,+0.72%
1452.TW,-1.44%,+0.00%,-0.29%,-0.29%,+0.88%,+0.88%,-0.58%,+0.29%,-1.17%,-0.59%
2337.TW,+1.29%,-1.09%,+0.37%,+0.37%,+1.47%,+1.47%,-1.08%,-0.73%,-1.84%,-0.75%
6796.TW,+0.25%,-1.12%,+0.50%,+1.87%,+0.12%,+0.12%,+0.37%,-1.95%,+0.00%,-0.50%
6133.TW,+0.74%,+2.55%,+1.07%,+2.11%,-1.03%,-1.03%,+2.09%,+0.34%,-2.72%,+2.80%
4569.TW,+2.08%,+9.69%,-4.19%,+3.88%,-3.27%,-3.27%,+0.00%,-0.48%,-0.97%,-0.49%
3036.TW,+1.65%,+0.81%,-1.20%,-0.41%,-0.82%,-0.82%,-1.23%,-1.67%,-0.42%,+0.43%
3518.TW,+0.19%,+0.00%,+2.07%,-0.37%,-0.18%,-0.18%,+0.93%,+0.55%,-1.46%,+10.00%
2495.TW,+2.00%,+2.62%,+1.70%,-1.05%,+0.42%,+0.42%,+3.79%,+3.04%,-0.79%,+1.39%
1341.TW,+0.73%,-0.44%,+2.04%,-0.71%,+0.72%,+0.72%,+0.29%,-0.14%,-0.43%,+0.57%
6225.TW,-1.18%,-5.36%,+5.66%,+0.00%,+0.00%,+0.00%,-0.30%,+1.49%,-0.29%,+0.00%
1444.TW,-0.51%,+0.92%,+2.54%,-0.99%,-0.40%,-0.40%,-1.81%,+1.12%,-1.52%,-0.21%
0056.TW,+0.56%,+0.10%,+0.76%,-0.23%,+0.38%,+0.38%,-0.40%,+1.37%,-0.07%,+0.22%
8463.TW,-4.75%,+0.69%,+7.85%,-0.16%,-3.33%,-3.33%,-2.30%,-0.84%,-3.38%,+0.35%
2364.TW,+5.35%,-1.73%,+0.00%,+2.82%,-1.37%,-1.37%,+1.51%,+0.00%,-1.71%,+1.97%
00882.TW,-0.66%,-1.09%,+2.37%,+0.66%,+1.81%,+1.81%,-0.65%,+1.06%,-2.89%,-0.58%
2377.TW,+2.43%,+0.30%,+0.89%,+0.00%,-1.17%,-1.17%,-0.59%,+4.78%,+6.27%,+0.27%
4583.TW,+0.93%,+0.00%,+6.45%,-1.90%,-1.59%,-1.59%,+0.72%,+0.18%,+3.55%,-1.03%
1236.TW,+0.00%,+0.63%,+0.41%,-0.41%,+0.00%,+0.00%,+0.41%,-0.41%,+0.00%,+0.21%
00910.TW,+0.12%,+1.72%,+0.87%,+1.33%,+0.85%,+0.85%,+1.07%,-0.95%,-1.69%,-1.55%
2397.TW,+0.31%,+0.76%,+0.30%,-0.30%,+0.61%,+0.61%,-0.90%,+1.52%,+0.00%,+1.95%
00678.TW,+0.86%,+0.00%,+0.53%,+0.46%,-0.14%,-0.14%,+0.78%,-0.18%,+0.74%,-1.29%
1608.TW,-0.55%,+5.00%,+1.98%,-1.43%,+3.82%,+3.82%,+3.17%,-2.95%,-5.95%,+0.13%
2006.TW,-0.28%,-0.43%,-1.00%,-0.58%,+1.30%,+1.30%,+0.29%,+0.00%,-1.43%,+0.72%
6715.TW,+0.31%,+0.62%,+1.86%,+1.52%,-2.40%,-2.40%,+0.92%,+0.00%,-1.22%,+1.54%
00946.TW,+1.01%,+0.10%,+0.70%,-0.40%,+0.10%,+0.10%,+0.00%,+1.30%,+0.59%,+0.00%
3034.TW,-0.68%,-0.69%,+2.07%,+2.03%,+1.49%,+1.49%,-0.98%,+1.32%,+1.63%,-2.24%
3588.TW,+0.71%,-0.24%,-0.94%,+0.36%,-1.19%,-1.19%,+0.60%,+0.00%,-1.91%,+0.37%
4994.TW,+1.91%,-1.12%,+0.00%,+1.52%,+0.75%,+0.75%,-1.85%,-7.17%,+0.41%,-0.40%
2603.TW,+4.62%,-5.35%,+6.63%,-3.00%,+0.95%,+0.95%,-2.12%,+0.48%,+0.00%,+5.02%
3528.TW,-0.70%,+0.20%,-0.60%,-0.51%,+0.92%,+0.92%,-1.21%,-0.10%,-0.20%,+1.44%
6854.TW,+0.25%,-1.01%,+0.51%,-0.13%,+2.29%,+2.29%,+0.00%,-0.37%,-0.87%,+0.00%
1459.TW,+4.11%,-1.32%,-0.89%,+0.90%,+0.00%,+0.00%,+0.89%,+0.44%,-3.95%,-3.20%
3016.TW,+2.02%,-0.50%,+1.00%,+0.82%,+1.47%,+1.47%,-1.45%,+0.65%,-3.73%,-1.01%
00852L.TW,-0.45%,+0.45%,+1.87%,-0.52%,+0.92%,+0.92%,-0.91%,+0.24%,-0.96%,-3.11%
6533.TW,+2.22%,-0.26%,+0.77%,-0.51%,-0.26%,-0.26%,-1.15%,+1.55%,-2.17%,+1.56%
9919.TW,-0.68%,-0.23%,+0.00%,+0.23%,-0.69%,-0.69%,+1.38%,-0.23%,+0.00%,+0.46%
1326.TW,-0.35%,+0.00%,+1.06%,-0.70%,+1.06%,+1.06%,-1.57%,-0.18%,-2.49%,-1.09%
1583.TW,+0.00%,+0.68%,+0.00%,+0.14%,-0.27%,-0.27%,+0.00%,+1.23%,-1.75%,-0.96%
00669R.TW,+0.14%,-0.56%,-1.13%,+0.43%,-0.43%,-0.43%,+0.57%,-0.29%,+0.57%,+1.56%
4919.TW,+0.41%,+1.63%,-0.40%,-1.20%,+1.22%,+1.22%,+2.01%,+0.79%,-1.56%,-1.19%
6142.TW,-0.42%,+0.11%,+4.21%,-0.61%,-0.20%,-0.20%,+0.61%,+1.72%,-0.80%,+0.20%
2321.TW,-0.90%,-3.93%,+0.00%,+0.31%,-3.76%,-3.76%,+0.65%,+3.24%,+2.19%,-1.84%
2327.TW,-0.31%,-0.63%,+2.38%,-0.78%,-0.94%,-0.94%,-0.63%,+0.95%,+0.31%,+2.04%
1473.TW,+2.42%,-0.37%,-0.37%,+0.88%,-1.36%,-1.36%,+0.13%,-1.26%,-0.13%,-2.04%
6278.TW,+1.72%,+0.00%,+0.84%,+0.42%,-2.92%,-2.92%,+0.00%,-0.43%,-1.29%,-0.44%
3005.TW,+0.94%,-0.93%,-0.94%,-1.42%,+3.37%,+3.37%,+8.37%,+0.00%,-1.72%,-1.31%
2009.TW,+1.40%,+2.56%,+3.01%,-1.01%,+9.98%,+9.98%,+10.00%,+0.67%,-9.70%,-1.11%
2610.TW,-1.52%,+0.44%,+4.84%,-0.21%,-3.15%,-3.15%,-1.08%,-2.19%,-1.12%,+1.59%
2836.TW,-0.85%,+0.43%,+0.43%,+0.00%,+0.00%,+0.00%,-0.85%,+0.00%,-0.43%,+0.43%
2611.TW,+0.00%,+3.66%,+3.03%,+1.79%,-2.72%,-2.72%,-2.14%,+2.36%,-0.99%,+2.49%
2379.TW,+1.71%,-0.93%,+3.01%,-3.11%,+0.19%,+0.19%,-0.38%,+1.51%,+0.37%,-2.04%
1760.TW,+0.74%,+0.31%,+0.73%,+1.87%,-0.51%,-0.51%,-0.51%,-0.31%,-1.86%,+0.32%
4552.TW,-0.66%,-1.33%,-1.01%,+0.51%,-0.17%,-0.17%,-0.17%,+0.51%,-1.02%,+0.17%
3533.TW,+2.33%,-1.30%,+5.28%,-0.31%,-1.26%,-1.26%,+4.14%,+2.14%,+0.30%,+2.69%
6120.TW,-0.64%,+0.00%,+1.29%,-0.96%,-0.64%,-0.64%,-0.65%,+2.28%,-2.23%,+0.98%
2882.TW,-1.45%,+4.24%,-0.35%,+0.00%,-0.71%,-0.71%,-1.07%,+1.08%,-2.14%,+0.18%
6456.TW,+0.00%,+3.99%,+2.30%,-2.70%,+2.31%,+2.31%,-0.15%,+1.06%,-0.60%,-1.20%
4737.TW,-1.42%,+0.14%,-0.43%,-0.43%,+0.15%,+0.15%,+0.29%,-0.72%,-1.02%,+0.15%
5434.TW,-0.19%,+0.19%,+1.35%,+2.85%,-1.85%,-1.85%,+0.75%,+0.75%,-1.67%,+2.07%
3059.TW,+0.90%,+1.27%,+9.89%,-4.67%,-1.31%,-1.31%,+1.69%,+3.21%,-1.85%,-0.47%
9924.TW,-0.52%,-0.70%,+0.53%,+0.18%,-0.70%,-0.70%,-0.88%,-0.36%,-1.07%,+1.08%
4938.TW,+1.61%,-0.50%,+1.00%,+1.97%,+0.97%,+0.97%,+0.00%,+2.39%,-0.47%,-0.47%
8499.TW,-0.43%,+2.18%,+0.85%,+1.27%,+0.84%,+0.84%,-0.41%,-0.83%,+2.10%,+2.88%
00898.TW,+1.85%,-0.42%,+1.83%,+0.00%,-0.55%,-0.55%,+0.56%,-0.69%,+0.70%,-1.80%
1470.TW,+1.81%,+1.27%,+0.75%,-1.24%,+1.76%,+1.76%,-0.50%,+0.00%,-1.00%,-0.50%
3338.TW,+0.99%,-1.95%,+3.13%,+1.38%,+9.93%,+9.93%,+8.42%,-4.68%,+2.40%,+4.21%
3702.TW,-2.31%,-1.69%,-1.14%,+1.27%,+7.31%,+7.31%,-5.96%,-1.02%,+0.57%,-0.91%
6136.TW,-0.66%,+0.00%,+0.00%,+0.44%,+1.32%,+1.32%,+0.00%,+0.22%,-0.86%,+0.22%
2548.TW,-3.73%,-1.29%,+6.54%,+2.15%,+1.50%,+1.50%,-4.44%,-1.86%,-2.84%,+1.95%
00922.TW,+0.92%,+0.86%,+0.75%,-0.15%,+0.00%,+0.00%,-0.35%,+1.61%,+0.79%,-0.34%
6835.TW,-4.48%,-1.62%,+0.55%,+0.00%,-3.28%,-3.28%,+0.00%,-0.19%,-4.53%,-0.20%
00651R.TW,+0.00%,+0.36%,-2.15%,-0.12%,-1.22%,-1.22%,+2.10%,+0.00%,+1.93%,+1.30%
2615.TW,-2.43%,+3.07%,+1.99%,-2.64%,+1.14%,+1.14%,-2.82%,+3.49%,-0.14%,+5.34%
4807.TW,+1.66%,-2.45%,+0.56%,-1.39%,+0.56%,+0.56%,+0.00%,+0.28%,-1.40%,-0.28%
2606.TW,+0.83%,-3.62%,+4.10%,-5.09%,+0.17%,+0.17%,-1.04%,+1.75%,-2.06%,+0.88%
5519.TW,+0.48%,-1.07%,+2.53%,+3.29%,-3.53%,-3.53%,-1.30%,-0.72%,-2.89%,-1.24%
1308.TW,+0.00%,+0.81%,+0.54%,+0.27%,+1.06%,+1.06%,-1.58%,+0.00%,-1.60%,-0.82%
6768.TW,+0.76%,+2.04%,+3.90%,-2.94%,+0.21%,+0.21%,-2.19%,-1.92%,+1.74%,+2.99%
3596.TW,-0.96%,+0.96%,+0.00%,-0.32%,+0.64%,+0.64%,+2.86%,+1.85%,-1.52%,+0.62%
6550.TW,+0.85%,+0.28%,-1.12%,+0.43%,+1.13%,+1.13%,-1.68%,-0.85%,-2.29%,+0.29%
6753.TW,+9.72%,-7.38%,+1.20%,-1.18%,-3.59%,-3.59%,-2.48%,-1.27%,+0.86%,-0.85%
6168.TW,+0.85%,+1.06%,+0.21%,-1.04%,+0.00%,+0.00%,+0.42%,+1.05%,-1.87%,+1.27%
4770.TW,-0.26%,+1.15%,-2.15%,+1.29%,-0.51%,-0.51%,+0.00%,+0.26%,-0.26%,-1.03%
2468.TW,+0.93%,-0.74%,+1.49%,-0.18%,-0.55%,-0.55%,-0.74%,+1.30%,-1.10%,-0.37%
2851.TW,-1.23%,+1.43%,+0.35%,-1.05%,+0.00%,+0.00%,-1.06%,+0.72%,-2.49%,-0.18%
3041.TW,-1.45%,+1.47%,+0.24%,+0.96%,-0.48%,-0.48%,+1.44%,+1.18%,-3.04%,+1.69%
2472.TW,+0.77%,-0.64%,+0.51%,-0.38%,-1.41%,-1.41%,+0.26%,+0.26%,-1.29%,+2.62%
6949.TW,-1.01%,+0.68%,+1.01%,-1.33%,+2.03%,+2.03%,-1.99%,-0.68%,-2.38%,-2.09%
6426.TW,-1.53%,-1.24%,+0.78%,+0.78%,+0.00%,+0.00%,+0.15%,+1.08%,-0.31%,+2.45%
6112.TW,-0.84%,+0.85%,-2.01%,+0.17%,+0.51%,+0.51%,-0.85%,+1.89%,-1.52%,+1.03%
2601.TW,-1.56%,-0.61%,+1.72%,-0.84%,-0.85%,-0.85%,-1.35%,+1.61%,-1.71%,+1.24%
6005.TW,+1.42%,+2.61%,+3.12%,+0.19%,-2.65%,-2.65%,-1.36%,+0.00%,-1.77%,+1.00%
2258.TW,-1.03%,+1.04%,+1.14%,-1.13%,+0.00%,+0.00%,-0.80%,+0.11%,-0.34%,+0.81%
3051.TW,-0.75%,+0.60%,+5.23%,-0.43%,-2.57%,-2.57%,+0.00%,-0.73%,-2.36%,-0.15%
00902.TW,+0.20%,+0.50%,+0.79%,-1.28%,+0.40%,+0.40%,-0.50%,+0.00%,-0.20%,-1.00%
2449.TW,-0.12%,-0.94%,+2.72%,+2.30%,+0.11%,+0.11%,+1.69%,-0.22%,-2.22%,+0.23%
2702.TW,+0.51%,+0.25%,+2.01%,-1.47%,+0.00%,+0.00%,-1.00%,-1.26%,-1.53%,+0.00%
2616.TW,+0.19%,-0.19%,+0.00%,+0.00%,+0.00%,+0.00%,-0.37%,-0.37%,-1.31%,-0.76%
00917.TW,-0.36%,+0.41%,+0.82%,+0.25%,+0.46%,+0.46%,-0.65%,+0.35%,-0.25%,-1.16%
3167.TW,+0.54%,+0.36%,+0.72%,-0.54%,+0.00%,+0.00%,+1.44%,-0.88%,-3.75%,-0.74%
6579.TW,+3.53%,+2.48%,+1.21%,-1.19%,+2.11%,+2.11%,+9.76%,-1.89%,-2.75%,+0.28%
00896.TW,+0.46%,+0.46%,+0.52%,-0.34%,+0.17%,+0.17%,-0.11%,+0.80%,+0.06%,+0.17%
2892.TW,-1.44%,+0.73%,+0.54%,+1.08%,+3.03%,+3.03%,-1.90%,+0.53%,+1.58%,-2.59%
2889.TW,-1.60%,+0.98%,+0.97%,+0.32%,+1.59%,+1.59%,-1.57%,-0.64%,-0.64%,-0.32%
2014.TW,+0.00%,+0.22%,+1.10%,-0.22%,+2.18%,+2.18%,-0.64%,-1.50%,-2.61%,+0.22%
2438.TW,-1.38%,+0.93%,+1.62%,-0.91%,+0.46%,+0.46%,+0.00%,+2.05%,-0.45%,-0.22%
2231.TW,+0.47%,+0.47%,+0.93%,+1.38%,-1.36%,-1.36%,+0.46%,+2.28%,+3.13%,-0.43%
2354.TW,+1.33%,-1.31%,+1.66%,+0.16%,+1.47%,+1.47%,+4.35%,-1.85%,+2.67%,-0.46%
8442.TW,-0.41%,+0.00%,-0.83%,+1.26%,+0.00%,+0.00%,-1.24%,-0.42%,-1.26%,+0.85%
00666R.TW,+0.29%,+0.07%,-2.13%,-0.07%,-1.02%,-1.02%,+1.62%,-0.07%,+2.32%,+1.20%
6541.TW,-3.10%,+1.42%,+0.12%,-9.92%,-4.27%,-4.27%,+7.04%,-1.39%,-2.31%,-0.26%
1904.TW,-0.34%,-0.17%,+0.35%,+0.17%,+0.34%,+0.34%,-0.86%,+0.00%,-0.17%,-0.52%
1512.TW,+0.00%,+0.00%,+0.00%,-1.40%,+0.20%,+0.20%,-1.01%,+1.12%,-0.20%,-0.10%
00939.TW,+0.98%,-0.28%,+0.83%,-0.07%,+0.76%,+0.76%,-0.75%,+0.83%,-0.07%,+0.27%
3062.TW,+0.65%,-1.08%,+1.31%,+0.43%,+0.22%,+0.22%,+0.86%,-1.06%,-1.72%,+4.60%
4571.TW,+0.48%,+6.16%,+0.89%,-5.31%,+1.87%,+1.87%,-2.75%,+6.13%,-6.67%,+1.90%
9929.TW,-0.97%,+1.96%,+1.92%,-1.26%,+0.32%,+0.32%,-0.32%,-1.27%,-0.32%,+0.32%
3043.TW,-0.34%,+1.01%,+10.00%,+2.42%,-3.25%,-3.25%,-3.52%,+1.27%,-2.97%,+1.61%
3416.TW,+0.34%,-0.68%,+0.68%,+0.00%,+1.36%,+1.36%,-0.34%,+0.00%,+0.34%,+4.03%
2115.TW,-0.91%,+0.61%,-0.30%,+0.76%,+1.52%,+1.52%,-1.19%,-0.60%,-1.98%,+0.47%
4142.TW,+1.46%,-0.36%,+0.72%,+1.25%,-0.35%,-0.35%,+0.89%,-0.70%,-1.06%,-0.36%
5388.TW,-0.43%,+0.43%,+0.87%,-0.86%,+2.16%,+2.16%,+1.69%,+2.50%,-2.44%,+2.08%
1541.TW,+0.00%,-0.62%,+0.31%,-0.31%,+0.93%,+0.93%,+0.00%,-1.23%,-0.78%,-0.79%
2530.TW,-4.94%,-0.32%,+2.71%,+0.95%,+0.73%,+0.73%,-1.87%,-0.64%,-1.49%,+2.16%
3419.TW,-0.92%,+0.00%,-0.93%,+0.93%,-0.62%,-0.62%,+3.73%,-0.60%,-0.90%,+1.52%
5222.TW,+0.92%,-0.30%,-0.30%,+0.92%,-1.82%,-1.82%,-0.62%,+0.31%,+0.00%,+0.31%
1528.TW,+1.21%,-1.99%,-0.41%,+2.45%,+0.40%,+0.40%,+0.40%,+0.00%,-1.98%,+1.21%
8072.TW,+0.37%,+0.37%,+0.37%,+0.55%,+0.00%,+0.00%,+0.18%,+2.01%,+3.05%,-1.39%
6666.TW,+0.30%,+0.30%,-0.15%,-0.15%,+0.00%,+0.00%,+0.15%,-1.50%,-2.90%,-1.88%
2344.TW,+0.59%,-0.39%,+0.39%,-0.98%,+0.59%,+0.59%,-0.20%,+1.57%,-0.58%,+0.58%
1460.TW,-0.61%,-0.49%,+4.47%,+0.83%,-2.36%,-2.36%,-1.45%,+0.00%,-1.47%,+0.37%
00735.TW,+0.49%,+0.98%,+0.83%,-0.28%,+0.14%,+0.14%,-0.31%,+1.51%,+0.93%,-0.64%
2105.TW,-0.58%,+1.36%,+1.92%,+0.38%,+0.00%,+0.00%,+1.12%,+9.81%,-1.35%,+0.34%
2460.TW,-0.47%,+1.59%,+7.03%,+0.00%,+6.42%,+6.42%,-0.14%,-1.37%,-2.79%,+2.15%
4999.TW,-0.15%,+0.00%,+0.00%,+0.44%,+0.73%,+0.73%,+0.43%,+0.14%,-0.57%,+0.14%
3035.TW,+2.57%,-2.33%,+2.20%,-0.54%,+1.26%,+1.26%,-1.25%,+0.18%,-1.80%,+1.10%
2357.TW,+9.87%,-2.73%,+3.61%,+0.00%,-1.94%,-1.94%,-3.36%,+6.75%,-0.38%,-0.19%
00686R.TW,-1.17%,-0.79%,-0.79%,+0.00%,+0.40%,+0.40%,+0.00%,-1.59%,+0.40%,-0.40%
2801.TW,-0.81%,+0.27%,+0.54%,-0.81%,+1.09%,+1.09%,-0.81%,+0.54%,-1.08%,+0.27%
3040.TW,+0.00%,-0.49%,+0.00%,-0.33%,+0.82%,+0.82%,-0.33%,+0.33%,-0.33%,+0.65%
2491.TW,-1.36%,+1.72%,+2.37%,+4.30%,-0.32%,-0.32%,+7.64%,+0.30%,-6.19%,+1.26%
2439.TW,+2.04%,+1.20%,-1.58%,-1.20%,-1.63%,-1.63%,+0.41%,+1.23%,-2.03%,+1.24%
2371.TW,-2.76%,-0.33%,-0.84%,+1.35%,-0.67%,-0.67%,-1.34%,-1.53%,-4.48%,+0.00%
00903.TW,+0.08%,+0.53%,+1.12%,+0.07%,+0.00%,+0.00%,+0.59%,-0.29%,+0.44%,-1.69%
2614.TW,+0.26%,+0.51%,+1.01%,+0.25%,+0.00%,+0.00%,-1.00%,-0.51%,+0.25%,-0.76%
2204.TW,-1.49%,+1.89%,-2.96%,-1.91%,-5.45%,-5.45%,-2.06%,+2.10%,-1.65%,+3.77%
5871.TW,-2.55%,+0.00%,+0.00%,-0.33%,+2.30%,+2.30%,-0.64%,-0.32%,-2.59%,+0.00%
1110.TW,+1.00%,+0.74%,+0.00%,-0.74%,+1.99%,+1.99%,-3.89%,-1.27%,+0.26%,+0.00%
2429.TW,+0.00%,+1.04%,+9.30%,-5.91%,+0.50%,+0.50%,+1.50%,-0.49%,-0.74%,-0.25%
1809.TW,-1.49%,+0.22%,+0.22%,-0.65%,+0.43%,+0.43%,+9.94%,+4.91%,+9.93%,-2.90%
2342.TW,+2.88%,-1.24%,-0.79%,+0.00%,+0.63%,+0.63%,-0.32%,+0.63%,-1.10%,+1.11%
1609.TW,-1.13%,-0.57%,+0.00%,+1.92%,+0.75%,+0.75%,-1.12%,-0.57%,-4.75%,-1.20%
1440.TW,-0.87%,-0.87%,+3.53%,-0.57%,+0.57%,+0.57%,-1.42%,-0.58%,-1.45%,+0.59%
5269.TW,+7.65%,-2.28%,+1.30%,-0.77%,-1.03%,-1.03%,-2.35%,+0.00%,+1.60%,+3.16%
2069.TW,-0.60%,+0.60%,-0.30%,-0.30%,+1.50%,+1.50%,-0.59%,-0.59%,-1.79%,-0.30%
5285.TW,-0.15%,+1.37%,-0.15%,+0.15%,+0.00%,+0.00%,+1.05%,+0.00%,-1.64%,+3.48%
6243.TW,+1.22%,+2.58%,-0.17%,+1.51%,-0.99%,-0.99%,+1.00%,-0.66%,+1.33%,-0.99%
3229.TW,+0.66%,+0.65%,+0.32%,-0.32%,-0.65%,-0.65%,+0.00%,+1.30%,-0.64%,-0.65%
9941.TW,-0.69%,-0.35%,-1.74%,+0.00%,+0.71%,+0.71%,-0.35%,+1.06%,-1.39%,+0.00%
1301.TW,-0.44%,-0.44%,+0.44%,-0.15%,-0.29%,-0.29%,-1.03%,+0.15%,-0.74%,-1.04%
6202.TW,+0.69%,+0.51%,+1.37%,+0.17%,+1.18%,+1.18%,+0.17%,+1.16%,+0.33%,-0.65%
912000.TW,+0.00%,+2.31%,+9.77%,+4.45%,-4.26%,-4.26%,-1.37%,+2.78%,-3.04%,+9.76%
4766.TW,-2.15%,+1.37%,+1.76%,+2.39%,+2.34%,+2.34%,-3.43%,-3.15%,+0.27%,-3.25%
1101.TW,-1.04%,-0.15%,+0.90%,+0.89%,-0.15%,-0.15%,-1.48%,+3.00%,-1.02%,+0.15%
3504.TW,-0.72%,+1.09%,+0.72%,+0.00%,+0.89%,+0.89%,+0.35%,+1.06%,-0.35%,+0.00%
2903.TW,-0.44%,+3.80%,-6.90%,-1.97%,-0.31%,-0.31%,-0.46%,-0.93%,+0.00%,+1.73%
5521.TW,-1.51%,+0.77%,+0.00%,+0.76%,-0.38%,-0.38%,-1.52%,+0.00%,-3.85%,+0.00%
6669.TW,+3.56%,+5.06%,+2.70%,-1.13%,-1.52%,-1.52%,-1.16%,+1.17%,+5.59%,+0.00%
2421.TW,+1.79%,-1.32%,+0.44%,+0.88%,+0.00%,+0.00%,+0.44%,+0.87%,-1.73%,-1.32%
1525.TW,+0.57%,+0.71%,+0.42%,-0.85%,+0.43%,+0.43%,+0.14%,-0.56%,-0.43%,+9.99%
6239.TW,+0.30%,+0.60%,+0.90%,+0.60%,+0.89%,+0.89%,+1.76%,+0.29%,-1.44%,+0.87%
9907.TW,-0.33%,+0.67%,+1.32%,-0.65%,+1.64%,+1.64%,-1.62%,+0.66%,-1.96%,-0.67%
6830.TW,+0.79%,-0.39%,+0.79%,+0.78%,-2.33%,-2.33%,-0.40%,+0.00%,-0.40%,+1.60%
00891.TW,+1.31%,+0.96%,+1.12%,-0.28%,+0.28%,+0.28%,-0.23%,+1.08%,+0.84%,-0.06%
3010.TW,-0.38%,-5.30%,+0.40%,+0.40%,+5.56%,+5.56%,-3.38%,-0.78%,-3.14%,+2.43%
2886.TW,-1.34%,+0.86%,-0.12%,+0.12%,-0.12%,-0.12%,-0.49%,-0.12%,-1.11%,-0.25%
2376.TW,+2.24%,-2.81%,+1.13%,+2.54%,+0.78%,+0.78%,+1.54%,-0.45%,-3.50%,+0.63%
5706.TW,+0.51%,+1.27%,+2.38%,-2.08%,-3.63%,-3.63%,-0.65%,-0.26%,-5.63%,+2.77%
1419.TW,+0.11%,+1.38%,+2.94%,+0.20%,-1.53%,-1.53%,-0.83%,+0.31%,-1.97%,+0.00%
6412.TW,+2.30%,-1.29%,-0.65%,-1.31%,+1.00%,+1.00%,+0.00%,+0.99%,+0.98%,+0.97%
4720.TW,-0.27%,-0.82%,+5.49%,-1.30%,+1.85%,+1.85%,-1.55%,-1.58%,-1.60%,+0.54%
3019.TW,+0.16%,+0.94%,+0.16%,+0.46%,-0.46%,-0.46%,+1.39%,+1.98%,-2.25%,+0.46%
3545.TW,-0.36%,+0.24%,+2.79%,-0.24%,-1.30%,-1.30%,-0.60%,+1.33%,+0.12%,+6.89%
6655.TW,+1.26%,+1.65%,+0.41%,-1.21%,+4.10%,+4.10%,+0.00%,+0.00%,-0.79%,+1.59%
6283.TW,-1.03%,+0.30%,+0.30%,+0.00%,-2.50%,-2.50%,+3.32%,-1.61%,-1.78%,-1.82%
2458.TW,+0.98%,+0.65%,+2.56%,-0.62%,-1.89%,-1.89%,-0.64%,+8.39%,+0.60%,-1.18%
1597.TW,+0.77%,+0.61%,+0.00%,+0.30%,-1.06%,-1.06%,-0.76%,+1.85%,-1.96%,-0.31%
2432.TW,-0.89%,-2.45%,+4.75%,-2.52%,+0.13%,+0.13%,-1.42%,+3.40%,-2.66%,-0.91%
00665L.TW,+0.00%,-1.05%,+3.45%,+0.64%,+2.55%,+2.55%,-3.48%,+0.00%,-5.02%,-2.44%
2328.TW,+0.00%,-1.97%,+0.29%,+0.29%,-0.43%,-0.43%,+1.29%,+0.43%,-0.56%,-0.14%
9926.TW,+0.00%,+1.85%,+0.72%,+0.18%,-0.18%,-0.18%,+0.00%,-0.36%,-1.99%,-0.18%
6691.TW,-0.94%,+0.68%,+2.83%,-0.66%,+0.26%,+0.26%,-0.53%,-0.13%,-1.33%,-0.81%
1439.TW,-1.39%,-1.06%,+1.42%,-0.88%,+3.36%,+3.36%,-2.57%,-0.88%,-3.01%,+0.18%
4915.TW,+0.63%,-2.40%,+1.71%,-2.84%,+1.08%,+1.08%,+0.21%,+2.88%,-2.59%,+1.06%
0052.TW,+1.04%,+1.32%,+0.15%,-0.12%,-0.31%,-0.31%,+0.28%,+2.35%,+1.30%,-0.45%
00670L.TW,+0.00%,+1.27%,+3.32%,-0.74%,+0.31%,+0.31%,+0.83%,+0.65%,+1.33%,-2.50%
6901.TW,+0.26%,+0.51%,+2.53%,-0.37%,+0.50%,+0.50%,-0.74%,-1.12%,-1.01%,-1.14%
2241.TW,+2.01%,+2.07%,+9.94%,-4.24%,-0.96%,-0.96%,+4.47%,-1.68%,-6.06%,-1.21%
1447.TW,-0.81%,+3.03%,+4.19%,+0.98%,-0.75%,-0.75%,-0.33%,-0.22%,-1.74%,+0.11%
1213.TW,+1.57%,+1.55%,-1.66%,-0.70%,-2.55%,-2.55%,+1.16%,+0.00%,-0.72%,-0.43%
5234.TW,+2.29%,+2.88%,+0.00%,-1.24%,-1.57%,-1.57%,-0.32%,+0.00%,+0.32%,+9.90%
00653L.TW,+1.64%,+0.27%,+0.18%,+2.05%,+0.87%,+0.87%,-0.78%,+0.87%,+0.78%,+2.15%
3515.TW,+2.07%,-0.45%,+2.04%,-0.67%,-0.67%,-0.67%,+0.00%,+1.57%,-1.77%,+0.90%
1805.TW,+0.76%,-0.25%,+1.01%,+2.24%,-0.24%,-0.24%,-1.22%,-1.98%,-5.56%,+0.80%
2634.TW,+5.63%,-1.07%,+0.00%,+3.05%,-0.70%,-0.70%,-1.93%,-2.33%,+3.11%,-0.71%
00936.TW,+0.06%,+0.17%,+0.61%,-0.33%,+0.17%,+0.17%,-0.39%,+0.61%,-0.88%,-0.11%
6834.TW,-3.15%,-0.90%,-2.73%,+6.74%,+10.00%,+10.00%,+3.99%,+1.07%,-3.79%,-0.32%
2363.TW,+6.46%,-0.17%,-0.84%,+3.92%,+0.00%,+0.00%,-1.31%,+2.49%,-3.73%,+4.88%
2911.TW,+0.00%,+0.30%,+0.74%,+8.77%,-2.02%,-2.02%,-2.61%,-0.70%,-0.57%,-0.14%
6117.TW,-2.75%,+0.00%,+1.13%,+3.02%,-1.09%,-1.09%,+9.89%,+10.00%,+10.00%,-1.65%
3645.TW,+0.00%,-0.83%,+0.95%,-1.06%,-1.08%,-1.08%,+1.21%,+2.86%,-2.32%,-0.48%
2414.TW,-0.41%,+0.69%,+0.14%,-0.41%,+0.00%,+0.00%,-0.41%,+0.55%,-0.27%,+0.14%
2705.TW,+0.00%,-0.50%,+4.23%,-0.48%,-1.44%,-1.44%,-1.70%,-0.25%,-3.72%,-0.52%
2355.TW,+4.12%,+1.05%,+0.46%,+0.80%,-0.80%,-0.80%,+1.95%,-0.79%,-1.36%,+0.11%
1465.TW,+0.64%,+0.32%,+0.32%,+0.32%,-0.32%,-0.32%,-0.32%,+0.63%,-0.63%,+0.32%
1598.TW,+5.78%,+0.00%,+1.06%,-0.30%,-3.16%,-3.16%,+0.00%,-0.93%,-2.20%,+0.48%
00893.TW,+0.10%,+0.83%,+1.07%,-0.14%,+0.53%,+0.53%,+0.00%,+0.77%,+1.05%,-1.32%
2480.TW,+0.00%,+0.40%,+0.79%,+0.39%,+0.39%,+0.39%,+0.00%,-0.78%,-0.78%,+0.00%
2233.TW,+0.00%,-0.37%,-0.74%,+0.75%,-0.74%,-0.74%,+0.00%,+0.37%,-1.12%,+0.00%
2527.TW,-3.20%,+4.37%,+5.10%,+6.14%,-3.45%,-3.45%,-1.47%,+0.00%,-3.52%,+0.00%
4108.TW,+1.03%,+0.00%,+0.25%,+1.27%,-0.75%,-0.75%,+0.50%,-0.50%,-1.51%,+0.77%
2330.TW,+0.73%,+1.70%,+0.24%,-0.71%,+0.00%,+0.00%,+0.72%,+2.73%,+1.27%,-0.91%
2385.TW,-2.54%,+0.26%,-0.26%,-1.31%,+1.32%,+1.32%,-0.78%,+2.11%,-1.55%,-0.26%
1529.TW,-1.03%,+3.28%,-1.45%,+0.00%,-1.03%,-1.03%,+0.15%,+0.00%,-1.78%,-1.05%
1413.TW,-0.20%,-0.70%,+3.34%,+1.96%,-2.40%,-2.40%,+0.49%,+0.00%,-2.35%,-0.50%
3004.TW,+6.31%,-2.97%,+0.00%,+1.31%,-2.16%,-2.16%,+2.20%,-2.59%,-3.54%,+0.92%
3296.TW,-0.42%,-1.48%,+1.50%,+0.63%,-1.47%,-1.47%,+0.21%,+5.11%,-3.64%,-1.89%
910861.TW,+1.14%,-0.16%,+1.78%,+2.38%,+2.17%,+2.17%,+0.76%,+2.41%,-0.15%,+0.29%
6442.TW,-1.74%,+4.14%,+2.27%,-1.11%,+1.40%,+1.40%,+0.28%,-1.66%,-5.06%,+0.59%
8162.TW,+1.05%,-0.39%,+3.00%,-1.77%,+1.55%,+1.55%,+0.13%,-1.65%,-1.03%,+0.78%
8081.TW,+1.76%,+1.21%,+2.05%,-0.17%,-0.84%,-0.84%,+0.34%,+0.34%,+3.87%,-0.49%
1727.TW,-0.68%,-0.17%,+0.69%,-0.85%,+0.00%,+0.00%,-0.69%,+0.87%,-1.37%,+0.52%
4943.TW,+0.25%,+2.21%,+0.24%,+1.91%,-0.47%,-0.47%,+0.71%,-0.23%,-0.94%,-0.95%
1587.TW,+1.27%,+9.87%,+9.99%,+0.52%,-1.94%,-1.94%,+4.61%,-3.77%,-1.44%,+1.06%
2017.TW,-1.92%,+0.33%,+0.65%,-0.65%,+0.00%,+0.00%,-0.33%,-2.29%,-2.68%,+0.00%
2645.TW,+2.69%,-0.87%,+1.32%,+0.87%,-3.02%,-3.02%,-0.44%,-0.45%,-1.79%,+0.91%
6534.TW,+1.89%,-2.73%,+1.91%,-0.55%,-0.11%,-0.11%,-1.11%,+0.00%,-1.12%,+0.11%
2912.TW,-0.55%,+0.37%,+0.73%,-0.36%,+0.54%,+0.54%,-0.36%,-0.54%,-0.73%,-0.55%
6197.TW,+2.68%,-1.63%,-5.32%,-1.05%,-0.35%,-0.35%,+0.71%,+9.89%,-0.96%,+2.92%
9110.TW,-9.92%,-3.52%,+0.16%,-0.47%,+2.07%,+2.07%,+0.00%,+0.47%,+0.31%,-0.15%
9914.TW,+4.97%,-0.82%,-2.07%,+0.00%,+1.48%,+1.48%,-1.67%,-0.64%,-1.07%,-0.86%
3024.TW,-1.02%,+4.10%,+3.45%,-0.71%,+0.24%,+0.24%,+0.00%,+0.00%,-3.35%,+1.24%
2605.TW,+4.26%,-3.23%,+3.69%,-2.71%,+0.52%,+0.52%,-2.60%,+3.02%,-3.28%,+2.14%
2712.TW,-0.32%,+0.00%,+1.46%,-0.64%,-0.97%,-0.97%,-0.98%,+0.33%,-1.80%,+0.17%
3652.TW,+0.70%,+0.35%,+0.17%,-0.17%,+1.38%,+1.38%,+1.70%,+0.34%,+9.85%,+0.91%
4935.TW,-3.90%,+0.62%,+2.33%,+1.37%,-1.20%,-1.20%,-0.45%,+0.15%,-3.80%,-1.58%
1436.TW,-6.12%,-4.35%,+4.17%,+0.00%,-0.73%,-0.73%,-2.20%,+1.50%,-3.32%,+1.15%
1215.TW,+0.00%,+0.95%,+0.00%,-0.47%,+0.00%,+0.00%,+0.00%,+0.47%,-0.94%,-0.47%
1708.TW,-0.71%,-0.29%,+1.44%,-1.99%,+0.87%,+0.87%,+1.29%,-0.43%,-1.71%,+0.15%
2915.TW,-2.01%,+7.33%,-1.50%,-1.94%,-2.83%,-2.83%,-1.31%,+0.15%,-3.24%,+1.83%
7730.TW,-3.07%,-0.45%,+0.00%,+5.00%,-4.33%,-4.33%,-0.45%,+0.91%,+0.00%,+0.90%
8210.TW,-2.69%,+2.76%,-1.51%,+3.41%,-2.97%,-2.97%,+2.38%,-0.66%,+0.33%,+3.33%
2613.TW,+10.00%,+2.15%,-2.91%,-3.50%,-2.94%,-2.94%,-1.96%,+9.98%,+9.90%,-4.95%
2547.TW,-0.93%,-0.93%,+1.89%,+1.39%,+2.28%,+2.28%,-2.68%,-1.83%,-1.87%,-0.48%
00656R.TW,+0.59%,-0.12%,-1.06%,+0.36%,-1.66%,-1.66%,+0.48%,-0.36%,+0.84%,+0.95%
2399.TW,+1.23%,+0.49%,+0.73%,+0.48%,-0.96%,-0.96%,+2.42%,+0.47%,-2.12%,+0.24%
1468.TW,+0.00%,-1.47%,+3.35%,-0.36%,+0.72%,+0.72%,-2.15%,+1.10%,-1.09%,+5.49%
2820.TW,-0.33%,+0.66%,+0.65%,+0.00%,+0.65%,+0.65%,-0.96%,+0.65%,-0.97%,-0.33%
3042.TW,+1.82%,-0.89%,-1.35%,-1.37%,+1.85%,+1.85%,+1.82%,+2.68%,+0.43%,+0.43%
1563.TW,-4.14%,-1.56%,+0.24%,-0.24%,-3.66%,-3.66%,+1.01%,+0.75%,-0.87%,+1.63%
4934.TW,-0.22%,+0.23%,+0.22%,+2.91%,-1.09%,-1.09%,-0.66%,+0.67%,-2.42%,-0.45%
2424.TW,+0.00%,+0.89%,-0.71%,+1.43%,-2.64%,-2.64%,+1.08%,-1.79%,-1.09%,+9.93%
6271.TW,+0.69%,+2.41%,+0.00%,+0.34%,-1.34%,-1.34%,+1.36%,+0.67%,+0.33%,+1.32%
2441.TW,-0.48%,+0.65%,+0.48%,+0.32%,-0.48%,-0.48%,-0.16%,+0.00%,-0.64%,-0.16%
8464.TW,+0.44%,+1.88%,+1.14%,-0.42%,+0.85%,+0.85%,-0.14%,+1.40%,+0.00%,+0.28%
2442.TW,-0.87%,+2.82%,+1.37%,+9.97%,+5.07%,+5.07%,-6.73%,+2.04%,-4.30%,+2.09%
3257.TW,-0.32%,-0.64%,+0.97%,+0.16%,+0.80%,+0.80%,-1.27%,-0.32%,-0.81%,+0.81%
5244.TW,-0.23%,-0.24%,+0.71%,+0.35%,+0.70%,+0.70%,+0.81%,-0.11%,-1.95%,-0.23%
00915.TW,+0.19%,+0.08%,+0.95%,+0.08%,-0.23%,-0.23%,-0.30%,+0.87%,+0.04%,-0.08%
8940.TW,-0.18%,-1.08%,+1.27%,+0.18%,-0.18%,-0.18%,-1.43%,-0.91%,-2.75%,+0.57%
8021.TW,-1.47%,+0.17%,+0.50%,-0.17%,-0.83%,-0.83%,+0.67%,+1.66%,-1.14%,+1.32%
00671R.TW,+0.00%,-0.74%,-1.73%,+0.25%,-0.25%,-0.25%,+0.00%,-0.75%,-0.76%,+1.28%
8070.TW,+2.11%,+1.86%,-4.36%,+4.35%,+6.30%,+6.30%,+1.53%,-1.88%,-5.57%,+4.07%
1905.TW,-0.44%,-0.22%,+0.88%,-0.22%,+1.10%,+1.10%,-1.52%,+0.22%,-1.76%,-0.45%
1456.TW,-1.93%,+0.00%,+0.49%,+1.47%,-1.21%,-1.21%,+0.00%,+0.24%,-7.32%,-1.05%
1402.TW,-1.01%,+0.29%,+2.47%,-1.42%,-0.72%,-0.72%,-0.15%,-1.45%,-0.74%,+0.00%
1313.TW,+0.38%,+1.12%,+0.74%,+0.00%,+0.00%,+0.00%,-1.84%,+0.00%,-1.50%,-0.38%
3450.TW,+0.60%,+1.94%,+6.58%,+4.25%,+3.95%,+3.95%,+0.13%,+0.88%,-0.25%,+9.92%
3003.TW,+0.00%,-0.63%,-0.63%,-0.89%,+2.57%,+2.57%,-1.63%,+0.89%,-0.13%,+2.02%
00688L.TW,+0.24%,+1.46%,+3.48%,-1.28%,-1.29%,-1.29%,-0.83%,+0.72%,+0.24%,-1.07%
4555.TW,-1.22%,+0.15%,-1.08%,-2.65%,+0.80%,+0.80%,-0.16%,-4.14%,-4.49%,-3.65%
2444.TW,-4.07%,-1.27%,+3.86%,-1.24%,-1.26%,-1.26%,+0.42%,+3.80%,+2.03%,-0.40%
2323.TW,-1.14%,-4.23%,+2.41%,-0.78%,+0.79%,+0.79%,-1.96%,-0.40%,-0.40%,-0.81%
2368.TW,+1.60%,+2.62%,+4.09%,+1.47%,+0.00%,+0.00%,-1.45%,+0.98%,-1.95%,+0.74%
1476.TW,+0.62%,+0.00%,-0.51%,-0.10%,-0.92%,-0.92%,-3.42%,+0.00%,+2.25%,+2.31%
3058.TW,+1.24%,+0.00%,+3.43%,-0.71%,+0.00%,+0.00%,+0.95%,+0.24%,-2.83%,-0.73%
9933.TW,-0.53%,-0.11%,+0.42%,+1.05%,+0.10%,+0.10%,-0.10%,+0.42%,-1.56%,-0.53%
6277.TW,-0.12%,+0.00%,+0.25%,+0.00%,+0.00%,+0.00%,+0.12%,-0.12%,+1.49%,+0.00%
5607.TW,-0.71%,-1.07%,+0.00%,+1.08%,-0.89%,-0.89%,-0.36%,+0.00%,-1.08%,+0.18%
6152.TW,+2.01%,-0.49%,+5.45%,+0.94%,-0.47%,-0.47%,+0.00%,+1.87%,-1.83%,+1.40%
2890.TW,-2.60%,+0.45%,+1.55%,+1.09%,+3.02%,+3.02%,-3.56%,-1.30%,+0.22%,+1.32%
2486.TW,+2.10%,-4.24%,-0.63%,+3.44%,+1.97%,+1.97%,+3.86%,-3.26%,+9.98%,-0.55%
2454.TW,+3.59%,+0.00%,+3.03%,-2.10%,+2.15%,+2.15%,-1.26%,+0.85%,+1.69%,-0.83%
00875.TW,+0.53%,+0.69%,+0.74%,+0.28%,-0.15%,-0.15%,-0.31%,-0.18%,+0.28%,-1.32%
6257.TW,+0.65%,+0.52%,+5.04%,-4.06%,+1.28%,+1.28%,+0.00%,+0.13%,-1.39%,+3.08%
6414.TW,-1.40%,-0.31%,-0.95%,-2.55%,-0.16%,-0.16%,+1.47%,+3.06%,+0.00%,+0.16%
4739.TW,+3.14%,-1.83%,+3.57%,-0.60%,-0.15%,-0.15%,+0.45%,+0.15%,-2.55%,+1.23%
1626.TW,+0.94%,+0.00%,-0.62%,+0.62%,+0.00%,+0.00%,-0.62%,+0.00%,-0.31%,+0.00%
2482.TW,+4.93%,-3.46%,+0.00%,+1.15%,+0.42%,+0.42%,+0.71%,-2.94%,-3.61%,+1.80%
6869.TW,+0.35%,+0.35%,-1.75%,+0.00%,+0.36%,+0.36%,+1.78%,+2.45%,-1.02%,+0.69%
3168.TW,+2.91%,-1.79%,-1.21%,-0.77%,-1.08%,-1.08%,-0.16%,+0.00%,-0.78%,+0.00%
00935.TW,+1.18%,+0.66%,+1.16%,-0.25%,+0.00%,+0.00%,-0.05%,+1.79%,+1.17%,+0.05%
2236.TW,-1.41%,-0.71%,+0.00%,-3.31%,+0.15%,+0.15%,+5.20%,+5.79%,-1.07%,+5.94%
1225.TW,-0.59%,+1.63%,+2.19%,+4.00%,+6.46%,+6.46%,+1.94%,+0.38%,-1.51%,-0.64%
2731.TW,+0.00%,+0.94%,+4.64%,-2.96%,-1.22%,-1.22%,-0.93%,-1.56%,-4.43%,+1.66%
2380.TW,+0.00%,+0.15%,-2.06%,-0.90%,+2.12%,+2.12%,-1.19%,+0.00%,-0.45%,+0.15%
6206.TW,-1.00%,+1.24%,-0.22%,+0.78%,+0.33%,+0.33%,+1.32%,+3.15%,-1.58%,-0.32%
2852.TW,-1.38%,+1.40%,+1.19%,-1.95%,+0.80%,+0.80%,-0.40%,-0.60%,-1.60%,-0.41%
3026.TW,-0.31%,-0.31%,+0.51%,-0.51%,+0.31%,+0.31%,+0.00%,-0.51%,+0.00%,+0.82%
3617.TW,+0.18%,+4.96%,-4.38%,+2.75%,-1.25%,-1.25%,+1.99%,+1.77%,-1.74%,-1.59%
4576.TW,-0.28%,-0.57%,+3.43%,-1.80%,-0.14%,-0.14%,+1.41%,+4.86%,-1.99%,-1.62%
00905.TW,+0.80%,+0.80%,+0.63%,-0.08%,-0.16%,-0.16%,+0.00%,+1.66%,+0.70%,+0.00%
2338.TW,-0.44%,+0.44%,+1.17%,+1.01%,+1.86%,+1.86%,+0.70%,-0.42%,-1.54%,+0.85%
2501.TW,-3.13%,+0.73%,+2.47%,+2.27%,-2.36%,-2.36%,-1.85%,-0.43%,-5.97%,+0.00%
2597.TW,-3.49%,+2.11%,+1.47%,+3.49%,+1.12%,+1.12%,-0.28%,-1.11%,-2.25%,+0.00%
5907.TW,-1.06%,+2.14%,+2.41%,-0.82%,-0.21%,-0.21%,-1.76%,-1.05%,+0.21%,-1.38%
6757.TW,-2.54%,-0.79%,+1.03%,+0.56%,-2.58%,-2.58%,-1.27%,+0.47%,-1.86%,+1.54%
6792.TW,-0.49%,-0.50%,+0.87%,-1.85%,+0.13%,+0.13%,+0.88%,+0.12%,-0.75%,+0.50%
6722.TW,-1.29%,+0.00%,+0.16%,+0.00%,-0.16%,-0.16%,-0.66%,+0.17%,-1.32%,-0.83%
9908.TW,-0.31%,+0.77%,+0.00%,-0.31%,+0.31%,+0.31%,-0.31%,-0.15%,-0.31%,+0.15%
2855.TW,-0.76%,+0.77%,+2.10%,+0.19%,-0.37%,-0.37%,-1.87%,+1.34%,-1.51%,+0.76%
3032.TW,+1.87%,-0.92%,-0.13%,+0.26%,-0.13%,-0.13%,+1.98%,+0.39%,-1.29%,+0.92%
1477.TW,+1.44%,-3.61%,-0.40%,+0.13%,-1.61%,-1.61%,-1.36%,+0.41%,+1.24%,+0.95%
6505.TW,-0.29%,+0.72%,+0.28%,-0.71%,+0.43%,+0.43%,-1.00%,+0.58%,-1.86%,-0.44%
2405.TW,+9.89%,+1.03%,-3.05%,-0.26%,-0.53%,-0.53%,+2.38%,+4.13%,-1.24%,+2.26%
00752.TW,+0.82%,-0.87%,+1.55%,+1.22%,+1.50%,+1.50%,-1.68%,-0.35%,-2.82%,-0.93%
00878.TW,+0.60%,+0.43%,+0.73%,-0.30%,+0.13%,+0.13%,-0.65%,+1.44%,-0.09%,-0.09%
6754.TW,-0.48%,-1.12%,+0.32%,+0.16%,+0.80%,+0.80%,-0.16%,-1.12%,-0.97%,+0.98%
6477.TW,-0.27%,+1.09%,+2.43%,+1.71%,-0.52%,-0.52%,-0.65%,+0.13%,-1.44%,-0.93%
6742.TW,-1.05%,+2.13%,+0.65%,-1.42%,+0.53%,+0.53%,+0.00%,+0.39%,-1.69%,-1.85%
1340.TW,+0.10%,+0.10%,+0.50%,-0.50%,+0.00%,+0.00%,+0.00%,+0.00%,-0.60%,+1.61%
6770.TW,+3.11%,-0.60%,+7.09%,-3.02%,-0.78%,-0.78%,+0.39%,+2.35%,+1.53%,-3.39%
00655L.TW,-1.45%,-0.37%,+1.27%,-0.28%,+3.54%,+3.54%,-0.43%,+0.16%,-2.24%,-1.73%
2630.TW,+9.89%,+0.81%,-2.06%,-0.12%,-2.22%,-2.22%,+1.79%,-2.59%,+3.62%,-2.44%
2939.TW,-1.55%,+0.39%,-0.39%,+2.16%,-0.96%,-0.96%,+0.19%,-0.39%,-0.78%,-0.39%
3135.TW,+1.01%,-1.29%,+0.29%,-0.29%,-0.58%,-0.58%,+0.44%,-0.14%,+0.00%,+0.00%
2356.TW,+3.87%,-7.63%,-2.75%,+0.94%,-0.19%,-0.19%,+2.06%,+2.20%,-3.05%,+1.85%
6139.TW,-2.61%,+2.46%,-1.31%,-1.77%,-2.93%,-2.93%,+2.78%,+2.48%,-5.29%,+1.40%
1906.TW,+0.31%,+0.61%,+0.61%,+0.00%,+1.20%,+1.20%,-1.79%,+0.00%,-0.91%,-0.61%
1519.TW,+2.27%,-1.56%,-2.12%,+0.27%,-1.35%,-1.35%,-0.14%,-5.48%,-1.01%,+3.07%
2239.TW,+0.17%,+0.34%,+0.17%,+0.17%,+0.34%,+0.34%,-1.51%,-0.34%,-1.19%,-1.38%
1235.TW,-0.48%,+0.72%,+1.07%,+0.59%,+0.82%,+0.82%,+0.70%,-0.23%,-0.12%,-0.23%
8466.TW,+0.36%,-0.18%,+0.54%,+3.39%,-1.73%,-1.73%,+0.00%,+0.35%,-0.88%,+1.41%
1504.TW,+0.74%,+0.00%,+0.18%,+2.39%,-1.79%,-1.79%,-2.19%,+0.19%,-2.23%,+1.90%
6192.TW,+0.93%,+1.39%,+0.46%,-1.82%,-0.93%,-0.93%,+0.47%,+1.40%,-2.29%,+0.00%
2436.TW,+0.83%,-0.66%,+0.17%,+0.33%,+0.33%,+0.33%,+0.00%,+1.65%,-1.14%,+0.00%
2027.TW,-0.14%,+0.27%,+1.08%,+1.34%,+5.53%,+5.53%,+0.00%,-1.87%,+0.13%,-2.80%
00650L.TW,+0.00%,-0.60%,+3.39%,-0.17%,+2.69%,+2.69%,-3.69%,-0.43%,-4.36%,-2.68%
2440.TW,+0.87%,+4.05%,+10.00%,+0.51%,-4.27%,-4.27%,-2.10%,+4.29%,-9.00%,-2.26%
9918.TW,+0.00%,+1.70%,+0.60%,-0.47%,+0.00%,+0.00%,+0.71%,+0.00%,-0.83%,-0.48%
3711.TW,+0.68%,+1.34%,-0.66%,+1.00%,+0.33%,+0.33%,+1.32%,+0.97%,+3.86%,-1.24%
8033.TW,+8.40%,-0.75%,-2.52%,+5.30%,-4.79%,-4.79%,-4.64%,-0.81%,+8.58%,-5.27%
4967.TW,+0.00%,+0.47%,-0.93%,-2.35%,+0.00%,+0.00%,+2.40%,+0.47%,-0.93%,+5.66%
00675L.TW,+1.28%,+1.92%,+1.36%,-0.23%,-0.12%,-0.12%,-0.29%,+2.81%,+0.17%,-0.11%
2467.TW,-0.82%,+9.96%,+9.81%,+9.97%,-10.00%,-10.00%,+2.43%,-2.71%,-3.83%,+0.36%
6782.TW,+1.50%,-2.32%,+0.22%,+0.22%,-0.43%,-0.43%,+4.32%,+2.28%,-4.45%,-1.06%
6215.TW,+4.84%,+5.87%,-3.37%,+5.12%,-0.19%,-0.19%,+0.98%,+0.58%,-5.87%,+1.53%
00711B.TW,+0.00%,-0.18%,+1.30%,+0.06%,-0.18%,-0.18%,+0.18%,+0.12%,-0.24%,-0.61%
3653.TW,+0.22%,-3.92%,+4.31%,+0.22%,+0.11%,+0.11%,+1.30%,-0.43%,+4.19%,+2.16%
6674.TW,+1.06%,-1.68%,+0.00%,-0.21%,+0.86%,+0.86%,-0.21%,+0.43%,+1.06%,-1.89%
8462.TW,+2.07%,+3.25%,+2.36%,-3.08%,-1.19%,-1.19%,-1.20%,+0.81%,-2.42%,+0.00%
00680L.TW,+0.49%,+1.45%,+3.22%,-1.27%,-1.17%,-1.17%,-0.83%,+0.84%,+0.12%,-1.07%
5538.TW,+2.97%,+0.80%,+3.18%,-0.15%,+2.16%,+2.16%,-1.96%,+0.46%,-1.38%,+0.00%
9931.TW,+0.14%,+0.14%,+0.27%,-0.27%,+1.49%,+1.49%,+0.40%,-1.20%,+0.13%,-0.27%
8101.TW,-2.01%,-4.39%,+1.22%,-4.53%,+1.27%,+1.27%,-1.56%,+0.00%,+3.17%,-1.54%
4557.TW,-0.42%,+0.42%,+1.69%,-0.41%,+0.42%,+0.42%,+2.49%,-0.81%,-0.41%,+0.82%
00696B.TWO,+0.06%,+0.19%,+1.22%,-0.16%,-0.57%,-0.57%,-0.16%,+0.32%,-0.06%,-0.29%
7595.TWO,+0.56%,-0.55%,+0.00%,-2.78%,-0.57%,-0.57%,-1.72%,+2.34%,+0.00%,+2.29%
3479.TWO,+0.88%,+0.00%,+0.87%,-0.43%,-0.87%,-0.87%,-1.75%,+0.00%,+0.44%,+0.00%
3171.TWO,+0.34%,+1.02%,+0.00%,-0.34%,+1.18%,+1.18%,-1.33%,-1.01%,-0.51%,+0.34%
4721.TWO,+4.31%,-0.80%,+1.88%,-0.26%,-0.40%,-0.40%,+1.72%,+0.78%,-2.72%,+0.00%
6638.TWO,-3.35%,-0.97%,-0.14%,-4.63%,+3.97%,+3.97%,+0.28%,-1.27%,+0.00%,+1.43%
6877.TWO,-2.30%,-0.52%,-1.31%,-0.40%,-0.80%,-0.80%,+0.40%,+4.69%,+4.23%,+1.23%
2758.TWO,+0.72%,-0.72%,+0.72%,-1.43%,+0.00%,+0.00%,+0.00%,+1.45%,-7.17%,-3.09%
7642.TWO,-0.50%,+1.51%,-1.09%,-0.40%,+0.40%,+0.40%,+0.10%,+2.50%,-1.95%,+0.00%
4442.TWO,+0.38%,+0.00%,+0.00%,+4.79%,+1.65%,+1.65%,+0.72%,+0.71%,-0.71%,+0.54%
3086.TWO,+3.23%,-1.56%,-0.79%,-0.80%,-2.42%,-2.42%,+0.41%,+1.65%,+2.02%,+2.38%
6811.TWO,+0.37%,-0.18%,-1.46%,+0.19%,-1.48%,-1.48%,+0.19%,+3.75%,-2.17%,+3.14%
4544.TWO,+0.00%,-2.12%,+0.24%,-0.72%,+0.00%,+0.00%,-0.73%,+0.00%,+3.90%,+0.00%
4510.TWO,+0.62%,-0.61%,+0.31%,+0.61%,+0.30%,+0.30%,-0.30%,+1.22%,-2.71%,-0.31%
6194.TWO,+0.82%,+1.36%,-0.67%,+0.67%,+1.47%,+1.47%,+0.13%,+0.53%,+0.65%,+0.52%
6124.TWO,+2.47%,-2.67%,+0.41%,+0.00%,-0.14%,-0.14%,+2.88%,+0.27%,-1.33%,+0.27%
4556.TWO,-0.69%,+0.14%,+0.69%,-0.68%,-0.69%,-0.69%,+0.42%,-0.55%,-4.17%,-1.02%
6624.TWO,-1.07%,+2.03%,+0.00%,-1.99%,+0.41%,+0.41%,-0.40%,+0.41%,-0.40%,+0.14%
3081.TWO,-0.41%,+4.55%,+0.40%,+0.79%,+1.95%,+1.95%,+1.92%,+3.76%,-3.99%,+2.26%
6485.TWO,+0.77%,-0.38%,+1.15%,-0.51%,+0.76%,+0.76%,-0.63%,+1.78%,-2.63%,+0.39%
6294.TWO,-4.67%,+1.96%,+2.88%,-1.40%,-1.90%,-1.90%,-1.45%,+0.98%,-0.49%,+0.49%
5403.TWO,-0.41%,+0.41%,+0.41%,+0.41%,+1.22%,+1.22%,-1.61%,+0.41%,-0.41%,+0.00%
6775.TWO,+0.90%,-0.53%,-1.25%,+1.27%,-0.54%,-0.54%,+0.18%,-0.36%,-0.54%,-1.27%
5455.TWO,-5.71%,-0.87%,+0.52%,+1.04%,+0.00%,+0.00%,+0.69%,-0.34%,-2.40%,+1.93%
6113.TWO,-0.31%,+1.56%,-0.46%,+3.25%,-1.05%,-1.05%,-0.45%,+0.00%,-6.69%,+0.81%
6912.TWO,+1.11%,+1.50%,+3.45%,-2.38%,+5.85%,+5.85%,+29.95%,+45.04%,+21.03%,-4.04%
3372.TWO,+1.98%,+0.00%,+0.00%,-0.28%,-0.28%,-0.28%,+2.51%,-0.54%,-3.01%,+0.85%
6158.TWO,+0.33%,-0.17%,+0.00%,-0.33%,+0.17%,+0.17%,+0.17%,+0.17%,-0.33%,+0.17%
8433.TWO,+4.67%,-2.43%,+0.00%,-0.50%,-0.80%,-0.80%,-1.11%,-1.73%,+0.83%,+0.72%
7743.TWO,+0.89%,-0.35%,+0.00%,-1.24%,-3.60%,-3.60%,-1.49%,+0.38%,+0.00%,+0.00%
3499.TWO,-0.25%,+3.01%,+0.97%,+0.48%,-0.72%,-0.72%,-0.97%,-0.24%,-1.71%,+9.95%
6223.TWO,+1.63%,-2.75%,+2.48%,+1.27%,-3.07%,-3.07%,+3.99%,+7.55%,-1.47%,+8.30%
6261.TWO,+0.93%,+0.13%,-0.79%,+0.27%,-0.26%,-0.26%,-0.66%,+0.00%,-2.14%,+1.23%
7583.TWO,-4.23%,+6.86%,-3.21%,-2.37%,-1.94%,-1.94%,+1.98%,-1.46%,+0.49%,+0.00%
3434.TWO,+0.71%,+0.53%,+0.52%,-0.17%,-0.17%,-0.17%,+0.87%,+0.69%,+3.95%,+0.99%
6913.TWO,+2.22%,+2.99%,-0.40%,-3.12%,-0.21%,-0.21%,-5.31%,+4.84%,+0.73%,+0.62%
00749B.TWO,-0.31%,-0.09%,+1.29%,+0.06%,-0.09%,-0.09%,-0.03%,+0.06%,-0.28%,-0.31%
6677.TWO,+0.76%,-0.98%,+0.22%,+1.09%,-1.30%,-1.30%,-2.08%,+0.67%,-0.89%,+1.90%
3219.TWO,+1.15%,+0.75%,+0.87%,-0.25%,-2.98%,-2.98%,-0.26%,-0.51%,+0.00%,-1.16%
4951.TWO,+1.56%,+1.92%,-0.63%,-1.52%,+0.13%,+0.13%,+0.90%,+0.76%,-2.02%,+0.52%
4537.TWO,+2.45%,-3.35%,-0.99%,+5.00%,+0.00%,+0.00%,-0.95%,+3.85%,+0.00%,+3.01%
4167.TWO,+0.66%,-2.83%,-2.24%,+4.35%,+0.66%,+0.66%,-2.18%,-0.89%,-0.90%,+0.23%
2743.TWO,+4.84%,+4.95%,+9.75%,+2.01%,-9.55%,-9.55%,+2.17%,-2.43%,-6.54%,+4.67%
6617.TWO,+2.15%,-0.79%,+0.00%,-1.33%,-0.27%,-0.27%,+0.81%,-1.34%,+1.08%,-0.27%
8354.TWO,-0.31%,+1.57%,+0.00%,-0.31%,+1.24%,+1.24%,-0.31%,+1.23%,-3.64%,+0.00%
6818.TWO,-0.63%,+6.17%,-1.34%,-3.02%,+0.47%,+0.47%,+1.09%,-0.31%,-0.31%,+2.16%
4554.TWO,+0.81%,-0.81%,+0.16%,-1.79%,+0.50%,+0.50%,-0.33%,-0.17%,+0.17%,+0.33%
6173.TWO,+0.54%,-0.64%,+0.86%,-0.11%,+0.32%,+0.32%,+0.86%,+0.64%,-2.00%,+2.15%
3224.TWO,+2.64%,-1.40%,-1.66%,+3.86%,+0.93%,+0.93%,-1.84%,-1.29%,+1.30%,-0.47%
8930.TWO,-1.15%,-0.64%,-1.42%,+1.18%,+0.26%,+0.26%,-1.17%,-0.13%,-2.10%,-0.67%
4765.TWO,-3.57%,-1.68%,+3.76%,+0.33%,-1.10%,-1.10%,-0.11%,-3.55%,+0.00%,-0.92%
6842.TWO,-1.60%,-2.35%,+1.85%,-0.91%,+0.73%,+0.73%,+0.18%,+0.00%,-0.18%,+0.00%
4150.TWO,-0.99%,-0.75%,-2.27%,-0.26%,+4.15%,+4.15%,-1.49%,-0.76%,-1.53%,+2.33%
5355.TWO,+0.46%,+4.09%,-0.44%,+4.39%,+0.00%,+0.00%,+0.84%,+0.00%,-3.75%,+0.87%
006201.TWO,+0.43%,+0.24%,+1.28%,-0.80%,+0.19%,+0.19%,-0.14%,+1.79%,-0.51%,+1.49%
3184.TWO,+0.00%,+0.00%,-0.81%,+2.03%,-3.98%,-3.98%,+1.24%,-3.69%,+0.00%,+3.40%
6808.TWO,-0.92%,+1.08%,-1.68%,-0.16%,+0.47%,+0.47%,-0.47%,-0.62%,-0.78%,-0.63%
6735.TWO,+2.55%,-2.84%,+0.12%,+2.31%,+2.14%,+2.14%,-2.68%,+1.20%,-3.07%,+0.37%
6867.TWO,+0.17%,+0.00%,+0.00%,-0.17%,+0.00%,+0.00%,-0.50%,-0.17%,-0.17%,-2.35%
3609.TWO,+0.91%,+0.34%,+0.90%,-0.22%,+7.23%,+7.23%,+1.04%,+0.41%,-2.15%,-1.15%
4568.TWO,-0.75%,+0.94%,+0.00%,+0.00%,+0.37%,+0.37%,+0.37%,+0.56%,+0.18%,-0.74%
8923.TWO,+0.00%,-0.25%,+0.76%,+0.00%,+0.50%,+0.50%,-1.50%,+1.01%,-0.25%,+9.80%
8068.TWO,+2.52%,+2.02%,-1.70%,+0.58%,-1.15%,-1.15%,+1.45%,-0.29%,-2.01%,-1.02%
1586.TWO,-1.26%,-0.48%,-0.32%,+0.00%,-0.32%,-0.32%,+0.32%,+1.45%,+0.16%,-0.32%
8932.TWO,-1.03%,-1.04%,+1.75%,-1.72%,+2.81%,+2.81%,-0.68%,+0.34%,-0.34%,+2.41%
8908.TWO,+0.00%,+0.73%,-0.90%,-0.36%,-1.09%,-1.09%,-0.55%,+2.60%,+0.36%,+0.18%
4174.TWO,+0.16%,-1.14%,-0.17%,+1.49%,-0.98%,-0.98%,-1.15%,-0.50%,-1.34%,+0.00%
6597.TWO,-1.07%,-3.25%,+0.37%,-0.12%,-0.25%,-0.25%,+0.87%,-1.23%,+0.63%,-0.62%
5276.TWO,-1.32%,-2.00%,-0.34%,+0.00%,+0.00%,+0.00%,+0.00%,+2.39%,+2.00%,-3.27%
7562.TWO,+1.19%,+3.53%,-0.91%,+1.38%,+0.45%,+3.04%,+4.37%,-1.47%,-0.53%,+0.43%
6240.TWO,+0.46%,+0.46%,+0.45%,+2.26%,-1.77%,-1.77%,+1.80%,-0.44%,-0.89%,-0.67%
6812.TWO,-2.08%,-0.61%,-2.74%,+0.00%,-3.13%,-3.13%,-2.91%,+3.00%,-1.62%,+2.30%
8472.TWO,+9.93%,-8.05%,-1.79%,+0.55%,-3.07%,-3.07%,-2.43%,+0.00%,-0.96%,+0.97%
3306.TWO,+5.26%,+0.34%,-1.89%,+0.18%,-1.40%,-1.40%,+6.38%,-2.33%,-3.24%,+9.88%
6473.TWO,+0.48%,+0.00%,-4.69%,+4.92%,+0.00%,+0.00%,-1.44%,+0.49%,-9.08%,+4.57%
6127.TWO,-1.54%,-0.39%,-0.39%,+0.59%,-0.98%,-0.98%,+0.00%,+1.59%,-2.15%,+0.40%
7556.TWO,+0.00%,-1.83%,-1.12%,+2.64%,-0.74%,-0.74%,+0.00%,+2.96%,-3.24%,+1.86%
5206.TWO,-4.08%,+1.56%,+2.51%,+0.82%,-0.54%,-0.54%,-1.22%,+0.41%,-3.42%,+1.13%
5464.TWO,+0.78%,-1.39%,+0.00%,+1.72%,-0.15%,-0.15%,+0.15%,+0.77%,+0.30%,+0.00%
3284.TWO,+6.67%,-4.22%,+1.21%,+4.05%,-2.59%,-2.59%,-0.59%,+1.79%,-5.56%,+2.94%
4528.TWO,-0.85%,+0.00%,+0.00%,+0.34%,+0.00%,+0.00%,-0.17%,+0.85%,+0.68%,-0.51%
3709.TWO,-1.42%,-0.41%,+0.62%,+0.41%,+0.20%,+0.20%,-0.61%,+2.47%,-1.81%,+0.20%
5353.TWO,+0.76%,+1.06%,+0.30%,-1.19%,-0.30%,-0.30%,+0.00%,+0.76%,-0.45%,+0.00%
6129.TWO,+3.37%,-1.02%,+0.62%,+0.20%,+0.41%,+0.41%,+0.41%,+0.00%,-1.21%,-0.41%
5475.TWO,-3.63%,-3.35%,+5.63%,+1.23%,-2.02%,-2.02%,+9.92%,+0.38%,-3.37%,+1.16%
5289.TWO,+0.88%,-1.23%,-0.35%,-0.71%,+1.61%,+1.61%,+4.76%,+0.34%,-1.34%,+7.65%
5514.TWO,+0.67%,-0.44%,+0.89%,+1.32%,-1.30%,-1.30%,+0.00%,-0.66%,-1.55%,-0.67%
3587.TWO,+2.38%,+2.13%,+1.52%,+1.12%,-2.03%,-2.03%,-0.75%,+1.90%,+3.36%,-2.53%
5202.TWO,+2.08%,-0.76%,-1.79%,+0.26%,+1.04%,+1.04%,+3.35%,+3.24%,-3.38%,+0.25%
6532.TWO,-0.15%,+0.15%,+0.00%,-0.92%,+0.00%,+0.00%,+2.17%,+1.06%,-1.35%,+0.91%
3685.TWO,+1.90%,+2.13%,+0.00%,-0.26%,+1.31%,+1.31%,+0.77%,+0.00%,-1.02%,-1.81%
4529.TWO,-0.36%,-0.36%,-5.11%,-1.92%,-1.57%,-1.57%,-4.38%,+0.00%,-5.83%,+3.10%
3523.TWO,+0.26%,-0.79%,-1.59%,-3.23%,+1.11%,+1.11%,+4.40%,-1.05%,+0.00%,+0.00%
4908.TWO,-1.00%,+2.53%,+0.49%,-0.49%,-1.77%,-1.77%,+2.31%,+4.41%,+4.23%,+3.15%
6245.TWO,+1.87%,-0.65%,+0.44%,-0.11%,-0.22%,-0.22%,+0.87%,+0.86%,+0.75%,-0.53%
00726B.TWO,+0.03%,-0.12%,+0.35%,+0.21%,-0.20%,-0.20%,+0.29%,+0.00%,-0.18%,-0.20%
5009.TWO,+1.09%,-1.08%,-0.54%,+1.64%,-5.20%,-5.20%,-0.19%,-1.33%,+0.00%,+0.77%
6815.TWO,-1.56%,+0.21%,-1.90%,+1.51%,-0.42%,-0.42%,-1.70%,+1.30%,-0.21%,-1.07%
5278.TWO,+5.07%,-0.63%,+0.00%,-0.21%,-1.48%,-1.48%,+0.64%,-0.21%,-0.85%,-0.22%
3317.TWO,+0.00%,+0.38%,+0.38%,+1.13%,-0.74%,-0.74%,-0.94%,+1.52%,-1.49%,+0.38%
4416.TWO,-1.13%,+0.00%,-0.10%,+0.52%,+0.10%,+0.10%,+0.00%,+0.31%,-0.41%,+0.00%
4905.TWO,-9.78%,-3.35%,+1.63%,+2.31%,+2.45%,+2.45%,+1.44%,-3.30%,-0.98%,-0.49%
8155.TWO,-0.34%,+2.02%,-0.33%,-1.99%,+1.35%,+1.35%,-2.67%,+0.68%,+1.70%,+3.01%
6741.TWO,-0.91%,+4.83%,+3.51%,+2.12%,-0.52%,-0.52%,-1.98%,+1.06%,+0.11%,-2.00%
6696.TWO,-2.94%,+2.81%,-3.50%,+4.98%,+3.34%,+3.34%,-2.09%,-3.20%,-0.55%,+1.88%
6925.TWO,-0.80%,+0.00%,+0.48%,-1.77%,+2.12%,+2.12%,+5.12%,-1.83%,-0.31%,+0.62%
4744.TWO,+2.07%,-2.24%,-1.04%,+0.21%,+0.00%,+0.00%,+0.21%,-0.42%,-1.05%,-0.42%
8359.TWO,-0.50%,+0.50%,+0.00%,+0.00%,+0.50%,+0.50%,+0.00%,-0.49%,+0.00%,+0.50%
4121.TWO,+0.00%,+0.22%,+2.20%,+0.00%,-0.43%,-0.43%,+0.00%,+1.30%,-2.35%,+0.00%
00773B.TWO,-0.05%,+0.00%,+1.01%,-0.04%,-0.24%,-0.24%,+0.14%,+0.05%,-0.08%,-0.33%
8042.TWO,-0.56%,-0.28%,+0.14%,-0.28%,+0.14%,+0.14%,+0.56%,-0.42%,-0.56%,+0.14%
6642.TWO,-0.77%,-0.16%,+1.56%,+0.31%,-0.77%,-0.77%,+0.15%,-0.62%,-2.64%,+5.90%
4402.TWO,+9.88%,+1.55%,+0.15%,-2.13%,+2.96%,+2.96%,-3.03%,-1.25%,+8.85%,-3.05%
8034.TWO,+0.21%,-0.62%,-0.21%,+0.84%,+0.42%,+0.42%,+3.94%,-1.00%,-2.62%,+0.41%
4109.TWO,+0.48%,-3.57%,+0.25%,-0.74%,+0.25%,+0.25%,+0.50%,+0.49%,-0.74%,+0.25%
8024.TWO,+0.53%,+0.00%,+0.00%,+0.52%,-0.26%,-0.26%,+0.26%,+1.56%,-0.77%,+6.46%
4503.TWO,+1.27%,-2.15%,-0.37%,+2.57%,+2.33%,+2.33%,+3.68%,-3.72%,-1.40%,-1.07%
6461.TWO,-0.18%,+0.18%,+0.00%,-0.18%,+0.00%,+0.00%,+2.76%,-3.23%,+0.00%,+0.37%
2256.TWO,+1.06%,-4.19%,-3.28%,+1.69%,-2.22%,-2.22%,-0.85%,+14.04%,+0.50%,-0.25%
6961.TWO,+3.08%,+4.48%,+3.93%,-3.44%,+0.71%,+0.71%,-1.41%,-0.36%,-2.16%,+2.57%
3339.TWO,-1.41%,+3.10%,-2.77%,+3.57%,+1.15%,+1.15%,+3.18%,+1.98%,+1.62%,+3.08%
6026.TWO,+0.00%,+0.66%,+0.65%,-0.32%,+0.00%,+0.00%,-1.30%,+0.33%,-0.98%,+0.00%
4538.TWO,-0.49%,+0.00%,+0.00%,+0.00%,+0.25%,+0.25%,-0.24%,+0.25%,-0.49%,+0.00%
2719.TWO,+3.92%,-0.30%,+3.63%,-2.63%,-2.55%,-2.55%,-3.08%,-1.90%,-4.53%,+2.54%
6492.TWO,+1.46%,+0.24%,+0.00%,+1.80%,-1.18%,-1.18%,+1.43%,+1.65%,-2.66%,-1.54%
6665.TWO,-0.58%,+2.55%,+2.49%,-1.49%,+1.89%,+1.89%,-0.37%,+4.66%,+3.03%,-2.08%
3323.TWO,+0.00%,+1.01%,+2.81%,-0.39%,+2.15%,+2.15%,+8.05%,+0.53%,-2.47%,+0.18%
6648.TWO,+0.40%,+0.40%,+0.00%,-0.20%,-1.20%,-1.20%,-2.83%,+1.66%,+1.43%,-1.21%
8091.TWO,-1.23%,+0.41%,+0.41%,+0.82%,-0.82%,-0.82%,+2.06%,+4.44%,-1.54%,+1.96%
2064.TWO,+2.67%,-2.27%,+0.33%,-0.33%,-0.33%,-0.33%,+0.00%,+0.33%,-0.33%,+0.00%
00870B.TWO,+0.00%,-0.20%,+1.42%,+0.10%,-0.33%,-0.33%,+0.03%,+0.13%,-0.23%,-0.54%
6187.TWO,+0.23%,-0.68%,+4.82%,-0.88%,-1.77%,-1.77%,+2.47%,+3.07%,-1.49%,+2.81%
4724.TWO,+0.57%,-0.99%,+0.14%,-1.57%,-0.43%,-0.43%,-1.31%,+0.29%,-2.65%,+0.15%
2252.TWO,+19.80%,-4.62%,+1.03%,+8.43%,-0.94%,-0.94%,+0.41%,-0.27%,+2.97%,+0.39%
2761.TWO,+0.00%,-6.88%,+4.55%,+2.50%,+0.00%,+0.00%,+3.08%,+3.29%,+1.59%,-1.57%
6027.TWO,-1.74%,+0.00%,+1.77%,-2.17%,+6.67%,+6.67%,-0.42%,-2.93%,-2.59%,+1.77%
8941.TWO,+0.00%,+0.00%,-0.50%,+0.63%,-0.63%,-0.63%,+0.51%,+0.00%,-1.39%,-0.64%
3285.TWO,-0.38%,+0.38%,-0.38%,-0.38%,+0.19%,+0.19%,+0.00%,-0.19%,+0.00%,+0.19%
3581.TWO,+0.35%,-0.34%,-0.86%,+1.74%,-1.37%,-1.37%,-0.69%,+1.22%,-0.86%,+2.44%
5301.TWO,+1.15%,+1.13%,-1.12%,+0.00%,-6.79%,-6.79%,-8.50%,+0.44%,-4.85%,+4.17%
5488.TWO,-1.61%,+0.00%,+5.31%,+0.78%,-0.77%,-0.77%,-0.78%,+2.34%,+2.67%,+4.09%
6875.TWO,+2.10%,-1.51%,-0.56%,+6.15%,+8.04%,+8.04%,-6.10%,+0.13%,-0.13%,-0.26%
8272.TWO,-3.55%,-2.81%,-1.78%,+4.08%,-0.44%,-0.44%,+0.11%,+0.22%,-1.31%,+0.22%
8938.TWO,+0.97%,+0.60%,+0.00%,-0.72%,+0.48%,+0.48%,+0.12%,-0.60%,-1.33%,+1.22%
5310.TWO,-0.39%,+2.48%,+0.64%,-2.65%,+1.82%,+1.82%,+5.87%,-3.25%,-1.62%,+1.01%
4401.TWO,-2.05%,-0.76%,+0.00%,-0.38%,-1.54%,-1.54%,+0.20%,+1.37%,-2.12%,+0.39%
6147.TWO,-1.01%,+0.13%,-0.89%,-0.77%,+2.07%,+2.07%,-0.38%,+1.15%,-7.19%,-2.70%
4573.TWO,+13.86%,+0.53%,-3.42%,-2.72%,-0.28%,-0.28%,-2.81%,+10.98%,-3.13%,+0.54%
8032.TWO,+0.35%,-0.35%,+0.00%,+0.52%,+0.00%,+0.00%,+0.86%,-0.34%,-1.03%,+0.52%
6667.TWO,+9.91%,+3.01%,-4.77%,+3.62%,-1.08%,-1.08%,+1.09%,-1.34%,-3.00%,+8.43%
6231.TWO,+6.47%,-0.20%,+2.16%,+0.38%,+0.77%,+0.77%,-0.38%,+5.15%,+0.54%,+9.93%
6817.TWO,-0.40%,+0.00%,-1.61%,+2.87%,-1.99%,-1.99%,-1.63%,+2.48%,-3.63%,-2.93%
6910.TWO,+1.04%,-0.39%,-0.39%,-0.26%,-3.38%,-3.38%,+0.54%,+1.47%,+1.32%,+0.91%
00751B.TWO,-0.06%,-0.03%,+1.20%,-0.14%,-0.38%,-0.38%,-0.17%,+0.15%,-0.09%,-0.38%
5015.TWO,-0.97%,+0.22%,+0.00%,+0.11%,+0.22%,+0.22%,+0.43%,+0.11%,-0.11%,-0.22%
1269.TWO,-2.11%,+2.46%,+0.00%,-4.00%,+1.46%,+1.46%,+0.00%,+2.67%,+0.50%,+0.00%
6878.TWO,+15.98%,+3.78%,+13.92%,-7.71%,+1.43%,+1.43%,-0.60%,-0.61%,-4.07%,+0.64%
6716.TWO,+0.92%,+0.91%,-2.25%,-0.92%,+9.77%,+9.77%,+3.39%,+3.69%,-2.37%,-2.02%
5344.TWO,-0.75%,+0.00%,-0.51%,+1.02%,+0.00%,+0.00%,+3.52%,-3.64%,+0.00%,-0.50%
3664.TWO,-2.31%,+0.36%,-1.09%,+0.00%,-0.37%,-0.37%,-0.74%,+0.19%,-2.03%,+3.58%
3218.TWO,-2.28%,-0.78%,+0.59%,+0.97%,+3.28%,+3.28%,-2.80%,-1.15%,-0.97%,+0.00%
3325.TWO,+2.29%,-0.16%,-1.28%,+0.32%,+1.62%,+1.62%,+6.68%,-0.75%,+0.75%,-0.60%
5228.TWO,-2.20%,-0.67%,+0.00%,+0.00%,+0.00%,+0.00%,+1.13%,-0.67%,+0.00%,+0.23%
4587.TWO,+2.77%,+1.08%,+0.00%,-1.42%,+1.08%,+1.08%,+0.00%,+14.29%,+6.72%,-0.44%
4161.TWO,+0.15%,-1.38%,-0.31%,+1.25%,-0.15%,-0.15%,-0.92%,+0.16%,+0.16%,+0.16%
6536.TWO,+0.00%,+0.00%,+4.81%,-0.51%,+0.00%,+0.00%,+0.00%,-3.85%,+4.00%,-4.10%
5452.TWO,+2.78%,-0.21%,-1.04%,-0.42%,-0.42%,-0.42%,+1.49%,+0.63%,+5.42%,-2.77%
7734.TWO,-0.65%,-3.29%,-0.34%,+4.44%,-5.88%,-5.88%,+1.74%,+1.71%,-0.67%,-3.38%
3259.TWO,-1.48%,+2.63%,-0.37%,+4.23%,+0.35%,+0.35%,-1.58%,+0.36%,-1.25%,+0.90%
6279.TWO,+0.00%,+0.95%,+0.31%,-0.62%,+0.31%,+0.31%,+1.25%,-0.31%,+0.31%,+0.31%
3324.TWO,-0.50%,-0.25%,+6.92%,+1.18%,-6.74%,-6.74%,+1.12%,-0.62%,+3.47%,+2.40%
6737.TWO,+2.06%,-0.16%,-3.27%,-5.47%,+0.51%,+0.51%,+4.91%,+0.32%,+0.96%,+3.50%
5254.TWO,+0.34%,+1.72%,-2.03%,+0.00%,+0.34%,+0.34%,+0.00%,+0.69%,-2.56%,+0.00%
3577.TWO,-0.51%,-0.85%,-0.69%,-0.87%,-1.57%,-1.57%,-2.48%,-6.73%,+0.00%,-0.97%
3357.TWO,+0.81%,+0.40%,-1.60%,+0.41%,-2.02%,-2.02%,+0.83%,+1.23%,+0.00%,-0.81%
4609.TWO,+0.85%,+0.00%,-4.34%,-3.21%,+5.94%,+5.94%,+0.00%,-6.47%,+0.46%,+1.61%
6146.TWO,-0.21%,+0.42%,-2.28%,-2.55%,-0.22%,-0.22%,+4.37%,+1.46%,-2.27%,-1.48%
6221.TWO,+0.36%,+0.35%,+0.00%,+0.24%,-0.23%,-0.23%,+0.00%,+0.24%,-0.12%,-0.12%
4431.TWO,-0.18%,-3.04%,+1.11%,+0.91%,+0.54%,+0.54%,-1.62%,-1.65%,+1.12%,+0.18%
8489.TWO,-0.80%,+0.00%,-1.00%,-1.22%,+0.41%,+0.41%,-0.61%,+0.21%,-0.41%,+0.41%
6844.TWO,+0.30%,+0.00%,+0.61%,+3.61%,+0.00%,+0.00%,+0.00%,+0.29%,+0.00%,-0.87%
6738.TWO,-0.21%,+0.21%,-1.06%,-0.32%,-1.40%,-1.40%,-1.20%,-0.22%,-0.78%,-0.22%
8935.TWO,+0.80%,+0.00%,+0.00%,-0.79%,-0.40%,-0.40%,+0.00%,-1.20%,+0.81%,+2.02%
8342.TWO,+0.39%,-1.69%,-1.72%,+0.00%,+0.27%,+0.27%,-0.40%,+0.14%,-0.27%,+0.68%
2733.TWO,-0.45%,-0.23%,+17.38%,-5.38%,-0.81%,-0.81%,-0.41%,+0.41%,+0.41%,-1.63%
5547.TWO,-0.21%,+2.13%,+0.21%,+0.00%,-0.62%,-0.62%,+0.00%,-2.73%,+0.65%,+0.00%
5227.TWO,+0.80%,-1.33%,-2.02%,-0.28%,-0.55%,-0.55%,-0.14%,-0.28%,+5.29%,-1.98%
3521.TWO,+1.01%,-1.00%,-0.25%,-1.01%,-1.53%,-1.53%,+0.78%,-0.51%,-0.26%,+2.58%
3564.TWO,+1.35%,+6.82%,+10.00%,+6.57%,-1.07%,-1.07%,+2.51%,-2.92%,+4.93%,+9.98%
6419.TWO,+9.88%,+9.63%,+9.62%,+7.25%,-3.91%,-3.91%,+1.11%,-1.83%,+2.24%,-1.09%
2724.TWO,-10.00%,-9.97%,+3.09%,+4.58%,+7.07%,+7.07%,+3.62%,-0.30%,-0.30%,-2.60%
3232.TWO,+0.18%,-0.70%,+0.88%,+0.70%,-2.26%,-2.26%,+0.00%,+0.18%,-1.42%,+0.18%
6676.TWO,-0.73%,+0.00%,+2.95%,-1.43%,-1.09%,-1.09%,-1.10%,-2.79%,+0.57%,-0.76%
7530.TWO,-1.31%,-0.44%,+2.53%,-1.74%,-0.29%,-0.29%,-1.48%,-2.85%,+2.32%,-0.30%
00787B.TWO,+0.03%,+0.03%,+0.93%,-0.06%,-0.46%,-0.46%,+0.06%,+0.12%,-0.17%,-0.40%
4565.TWO,-2.28%,+2.33%,+1.52%,+6.37%,+6.69%,+6.69%,+0.00%,-3.96%,-2.06%,-1.40%
6015.TWO,-0.40%,+2.42%,+1.57%,+0.00%,-1.55%,-1.55%,-0.79%,+0.00%,-1.98%,+0.81%
8291.TWO,+0.00%,-3.44%,-3.23%,+0.00%,+8.77%,+8.77%,-5.48%,+9.90%,+9.94%,+9.89%
6865.TWO,-1.57%,+0.00%,-0.50%,+0.50%,-2.20%,-2.20%,-0.82%,-0.21%,+2.07%,+9.92%
6210.TWO,-0.20%,+0.00%,-0.61%,+0.00%,+0.00%,+0.00%,+0.00%,+0.21%,+2.67%,-2.81%
6915.TWO,-1.94%,+0.85%,-15.45%,+2.99%,+16.45%,+16.45%,-1.66%,-0.28%,+0.56%,+1.69%
6784.TWO,-0.45%,+0.23%,-1.36%,+0.00%,+0.00%,+0.00%,+0.00%,+0.00%,-3.00%,+0.24%
00845B.TWO,+0.06%,-0.36%,+0.24%,+0.77%,-0.12%,-0.12%,+0.12%,-0.03%,-0.27%,+0.00%
2071.TWO,+2.30%,-1.55%,+2.11%,-0.52%,+0.00%,+0.00%,-3.45%,+0.89%,-0.35%,+1.07%
5859.TWO,-0.36%,+0.00%,+0.36%,+0.36%,+2.51%,+2.51%,-0.70%,+1.76%,-0.69%,-0.70%
5543.TWO,+1.78%,-0.58%,-1.37%,-0.40%,-2.19%,-2.19%,-1.83%,+0.00%,-0.62%,+0.62%
3691.TWO,-5.26%,-6.86%,+0.35%,+3.50%,-0.68%,-0.68%,+0.68%,+1.35%,-2.33%,-4.44%
6561.TWO,-0.86%,-0.43%,+0.14%,+0.29%,+0.14%,+0.14%,-0.86%,+0.44%,+0.29%,-0.43%
4760.TWO,+3.59%,+0.43%,+1.29%,+9.79%,+4.26%,+4.26%,-0.37%,+5.97%,-5.99%,+7.49%
4806.TWO,-2.44%,+0.00%,+0.00%,-0.42%,-3.77%,-3.77%,+0.87%,+3.45%,-0.83%,+0.00%
7707.TWO,-0.42%,+2.10%,+2.07%,-2.02%,-2.89%,-2.89%,-1.28%,+2.16%,-1.27%,+0.00%
3078.TWO,+0.27%,-0.53%,+0.13%,+0.40%,+1.19%,+1.19%,+0.00%,+0.13%,-0.91%,+0.00%
6829.TWO,+6.82%,-2.98%,-1.32%,+2.67%,-0.43%,-0.43%,+1.30%,-1.29%,-0.87%,-0.44%
6996.TWO,-0.91%,+0.18%,+0.18%,+0.37%,-0.73%,-0.73%,+0.74%,-0.37%,+0.55%,+4.74%
3388.TWO,+1.90%,+0.25%,-0.99%,-0.25%,-1.13%,-1.13%,+0.38%,+0.51%,-1.26%,-0.38%
3115.TWO,+0.49%,+0.00%,+0.00%,+5.83%,+0.00%,+0.00%,+0.00%,-7.34%,+3.96%,-1.90%
6259.TWO,-0.22%,+1.76%,-0.22%,-1.73%,+1.32%,+1.32%,-2.61%,+2.23%,-1.09%,-0.66%
6947.TWO,-0.28%,+0.84%,+0.00%,+0.00%,-0.28%,-0.28%,-0.14%,+0.28%,-0.42%,+0.56%
6103.TWO,+7.97%,-0.54%,+0.00%,+3.78%,+0.00%,+0.00%,+0.00%,-4.42%,-2.04%,+0.00%
6864.TWO,+0.36%,+0.18%,-2.18%,-0.74%,+0.19%,+0.19%,-0.19%,-0.75%,+1.51%,+0.37%
6599.TWO,+0.32%,+2.53%,-1.70%,+6.12%,-1.33%,-1.33%,+1.05%,+10.98%,+35.03%,-16.34%
6596.TWO,+2.30%,+0.66%,+0.66%,+0.52%,-0.78%,-0.78%,+0.00%,-1.44%,-2.13%,+0.14%
6160.TWO,+0.98%,+0.73%,+0.48%,+4.80%,-1.60%,-1.60%,+4.65%,-0.89%,+0.00%,+4.48%
5426.TWO,+0.31%,+4.90%,-2.77%,+1.35%,+9.93%,+9.93%,+9.97%,-3.06%,-3.67%,-2.10%
4980.TWO,-0.21%,+2.09%,+0.61%,-0.41%,-1.22%,-1.22%,-3.10%,+2.35%,+0.83%,-1.65%
6926.TWO,-2.58%,+1.25%,-2.46%,+0.95%,+1.56%,+1.56%,+0.00%,+0.00%,+0.00%,+0.31%
8048.TWO,+0.47%,+2.16%,-1.81%,-0.31%,-1.23%,-1.23%,+0.94%,+3.41%,-0.30%,+2.25%
6882.TWO,+3.38%,+0.00%,-0.31%,-0.63%,-2.83%,-2.83%,+0.00%,+1.29%,+0.00%,+1.28%
7584.TWO,-3.29%,+0.00%,+0.79%,+1.46%,-1.44%,-1.44%,+1.80%,+1.10%,-1.64%,+0.78%
8050.TWO,+0.73%,+0.36%,+0.36%,+1.08%,+0.24%,+0.24%,+2.24%,-0.92%,+0.47%,+0.12%
6814.TWO,-3.41%,+1.18%,+0.00%,+0.66%,+0.33%,+0.33%,-0.99%,-0.33%,+0.33%,-1.66%
3455.TWO,-0.76%,-0.43%,+4.48%,+0.10%,+1.25%,+1.25%,-0.31%,-1.65%,+7.78%,+6.83%
6122.TWO,+0.50%,+0.17%,-0.17%,-1.17%,-0.34%,-0.34%,-1.86%,+0.52%,+1.54%,-0.34%
6435.TWO,-0.30%,+1.92%,-2.67%,+1.02%,-0.10%,-0.10%,-0.30%,+0.71%,-1.71%,-0.41%
3633.TWO,+0.38%,-0.38%,+1.01%,-0.25%,+0.50%,+0.50%,-0.12%,-0.13%,+0.13%,-0.13%
8942.TWO,+0.14%,+0.27%,+0.82%,-0.27%,+0.68%,+0.68%,-0.27%,-0.27%,-0.68%,-0.14%
6530.TWO,-1.35%,+3.88%,-2.53%,-0.21%,+0.10%,+0.10%,+0.41%,+3.31%,-1.40%,+2.43%
3226.TWO,-1.72%,+1.58%,-1.55%,+0.00%,-1.75%,-1.75%,-0.36%,+0.36%,-0.89%,+1.98%
2755.TWO,+0.10%,+1.04%,+1.03%,-0.41%,-0.62%,-0.62%,+0.72%,+0.00%,-0.92%,-0.62%
3390.TWO,+0.00%,+2.86%,+2.62%,+1.05%,+0.89%,+0.89%,+0.29%,-0.29%,-2.95%,+0.30%
4117.TWO,-0.25%,+0.00%,+7.89%,+4.48%,-2.93%,-2.93%,-1.40%,-2.83%,+0.97%,-0.24%
8038.TWO,+0.87%,-1.03%,+0.00%,+0.52%,+1.03%,+1.03%,+1.02%,+0.51%,-2.69%,+0.69%
4726.TWO,+1.14%,-3.95%,-0.47%,+4.37%,-2.15%,-2.15%,+0.00%,+0.12%,-2.20%,-0.12%
6927.TWO,-3.69%,-1.91%,-2.83%,-1.41%,-5.09%,-5.09%,+3.00%,-2.92%,-2.68%,-6.28%
8349.TWO,-0.67%,-1.88%,-2.32%,-0.42%,+0.98%,+0.98%,+1.25%,+0.14%,+1.65%,-0.40%
4530.TWO,-3.92%,+1.91%,-1.38%,+0.38%,+0.88%,+0.88%,+0.00%,+0.13%,+0.00%,-0.13%
6493.TWO,-2.22%,+0.25%,+1.26%,+0.50%,+0.00%,+0.00%,+0.50%,+3.69%,+0.00%,+0.00%
00760B.TWO,+0.00%,+0.00%,+0.91%,+0.18%,-0.09%,-0.09%,+0.27%,+0.02%,-0.09%,-0.73%
8931.TWO,+1.53%,-1.13%,-0.57%,-0.19%,+0.19%,+0.19%,-0.77%,+1.35%,-1.90%,-0.97%
6654.TWO,+0.20%,+3.55%,-1.18%,-0.79%,+0.00%,+0.00%,+0.20%,+0.20%,-0.70%,-0.90%
3693.TWO,+2.27%,-0.30%,-3.41%,+1.23%,+0.45%,+0.45%,+2.56%,+0.00%,-0.59%,+0.00%
1295.TWO,+0.00%,-0.28%,-1.41%,+1.00%,+0.00%,+0.00%,+1.13%,+0.00%,-1.82%,-1.43%
6290.TWO,+0.38%,-1.89%,+0.51%,-0.13%,-0.90%,-0.90%,+1.81%,+0.89%,-2.14%,+2.19%
6234.TWO,+2.62%,-0.36%,+0.37%,+0.00%,+1.64%,+1.64%,-0.18%,+1.62%,+8.85%,-1.63%
3360.TWO,+0.00%,+8.05%,-2.48%,+9.87%,-0.58%,-0.58%,+1.46%,+4.31%,-2.48%,+0.56%
2249.TWO,+1.80%,+0.00%,-0.44%,-0.44%,+2.68%,+2.68%,+0.00%,+2.61%,+3.81%,+0.00%
3260.TWO,+0.00%,+0.93%,+1.38%,-1.82%,+0.00%,+0.00%,+3.70%,+0.89%,-2.65%,+2.73%
2035.TWO,+0.15%,+0.61%,-0.30%,+0.30%,+0.15%,+0.15%,+0.15%,+0.00%,-0.45%,+0.15%
6418.TWO,-0.86%,-0.44%,-0.66%,+0.88%,-0.44%,-0.44%,-0.44%,-0.22%,+0.22%,-0.22%
5230.TWO,-1.21%,+0.61%,+9.86%,-0.41%,-3.47%,-3.47%,+9.91%,-5.23%,-0.83%,-0.14%
3169.TWO,+0.00%,+0.85%,-0.42%,+0.00%,+0.42%,+0.42%,+0.42%,+2.93%,-2.44%,+1.25%
3516.TWO,-2.15%,-1.54%,+1.11%,-0.44%,+0.66%,+0.66%,+0.00%,+0.66%,-1.75%,+0.22%
3071.TWO,+0.00%,-0.88%,-0.88%,+3.72%,+0.14%,+0.14%,+3.72%,+1.38%,+2.04%,-1.74%
6819.TWO,+0.77%,-1.38%,-2.48%,+1.59%,-4.85%,-4.85%,+0.16%,+0.16%,-3.28%,+8.14%
00931B.TWO,+0.07%,+0.14%,+1.31%,-0.27%,-0.41%,-0.41%,-0.21%,+0.21%,+0.00%,-0.34%
2948.TWO,+0.46%,+0.15%,+0.31%,+0.00%,-0.30%,-0.30%,+3.51%,-3.69%,-0.46%,+0.00%
4741.TWO,-0.86%,-0.37%,+0.12%,+0.00%,-0.62%,-0.62%,+0.75%,-0.37%,-0.74%,-1.37%
6847.TWO,-0.90%,+2.26%,+0.44%,+0.00%,+0.88%,+0.88%,-1.75%,-1.78%,-1.36%,+0.00%
8906.TWO,-1.15%,+0.87%,+3.45%,+1.39%,+0.14%,+0.14%,-2.87%,+0.99%,-1.81%,-0.85%
4966.TWO,+2.15%,+0.53%,+1.18%,-3.76%,-1.62%,-1.62%,-0.82%,+0.14%,-0.69%,+0.00%
6186.TWO,-7.45%,+0.58%,+4.92%,+0.87%,-1.19%,-1.19%,-1.86%,+1.45%,-2.97%,+0.57%
6595.TWO,+0.29%,-0.73%,-0.88%,-0.30%,+1.49%,+1.49%,-0.29%,-0.15%,-0.15%,+0.15%
6169.TWO,-0.42%,-0.84%,+0.21%,-0.85%,-0.64%,-0.64%,-0.43%,+1.08%,-1.71%,+0.22%
8171.TWO,+0.40%,-0.40%,-0.66%,+2.00%,-0.78%,-0.78%,-0.26%,-0.79%,-0.80%,-0.40%
8102.TWO,+3.86%,-0.67%,-3.51%,+0.00%,-0.23%,-0.23%,-4.00%,+0.12%,+3.92%,+0.24%
8085.TWO,-1.05%,+0.45%,-0.60%,+0.61%,+0.90%,+0.90%,+0.75%,-0.30%,-1.93%,-3.18%
8416.TWO,+1.00%,-0.33%,+0.00%,-0.33%,-1.00%,-1.00%,-0.34%,+0.00%,-1.68%,+0.68%
1570.TWO,+1.40%,-1.56%,+0.70%,-1.40%,+0.35%,+0.35%,-1.23%,+0.36%,-0.36%,+1.96%
3444.TWO,-3.43%,+1.33%,+0.00%,-0.88%,+0.00%,+0.00%,+0.44%,-0.44%,-1.77%,-0.90%
8027.TWO,+1.96%,-0.96%,+1.18%,+0.96%,-2.32%,-2.32%,+0.32%,+6.34%,-3.54%,+5.35%
4991.TWO,+0.55%,-3.80%,+1.13%,-0.14%,+1.26%,+1.26%,+0.28%,-0.96%,+0.83%,+0.55%
4542.TWO,+9.97%,+8.68%,-2.47%,-3.61%,-2.75%,-2.75%,+1.29%,+0.13%,-6.84%,+2.04%
3597.TWO,-0.21%,+0.21%,+0.21%,+0.63%,+0.00%,+0.00%,+0.21%,+0.21%,-0.42%,+0.00%
5536.TWO,+2.18%,+5.21%,+3.15%,-0.44%,-1.32%,-1.32%,+0.22%,-1.11%,-0.45%,+1.58%
6104.TWO,+1.91%,+0.73%,-0.73%,+0.21%,+3.02%,+3.02%,+2.63%,-2.07%,-1.41%,+1.94%
4197.TWO,+0.20%,+4.50%,+0.48%,-3.81%,+1.98%,+1.98%,+1.46%,-1.44%,+0.00%,+0.00%
7706.TWO,+0.39%,+0.00%,+0.00%,+0.00%,+0.00%,+0.00%,+0.00%,+4.17%,+0.00%,-0.13%
4589.TWO,+1.69%,+0.00%,+0.00%,+2.76%,-2.80%,-2.80%,-0.22%,+2.44%,-0.43%,+0.00%
4192.TWO,-1.08%,+0.88%,-0.87%,+0.22%,-1.20%,-1.20%,-1.00%,+0.67%,-1.33%,-0.11%
8074.TWO,-2.19%,+0.45%,+1.56%,+0.88%,+1.09%,+1.09%,-0.22%,+1.08%,-1.34%,-1.13%
2245.TWO,+3.59%,-1.12%,-1.85%,-2.31%,+3.44%,+3.44%,-1.56%,+1.48%,-1.46%,+0.74%
4924.TWO,-2.15%,+2.47%,+0.54%,+0.00%,+0.53%,+0.53%,+1.33%,+0.00%,-1.83%,+0.27%
5548.TWO,-0.52%,-0.65%,+0.00%,+0.13%,-1.31%,-1.31%,+0.40%,+0.13%,-0.53%,+0.00%
8182.TWO,+1.68%,-0.28%,-0.55%,+0.14%,+1.53%,+1.53%,+0.41%,+0.14%,-1.90%,+1.39%
6940.TWO,-1.94%,-0.74%,-0.75%,-0.38%,-0.25%,-0.25%,+0.38%,-0.25%,+0.25%,-1.89%
2926.TWO,-0.50%,-0.66%,-0.50%,-0.50%,-0.34%,-0.34%,+0.00%,+0.17%,-0.51%,-0.51%
6734.TWO,-0.68%,-11.97%,-4.08%,-0.81%,-2.04%,-2.04%,-3.96%,+4.12%,-0.62%,+2.94%
4732.TWO,+4.55%,-2.27%,+1.93%,+0.57%,+1.51%,+1.51%,+0.19%,+0.56%,-1.11%,+0.56%
8047.TWO,+0.00%,+0.67%,-0.33%,-3.68%,-0.35%,-0.35%,+0.35%,+2.08%,-0.68%,+0.68%
7731.TWO,-1.41%,-0.29%,-1.15%,+0.58%,-2.88%,-2.88%,-2.08%,-0.61%,-1.22%,+3.70%
6973.TWO,+0.96%,-2.86%,-4.02%,+2.04%,-1.40%,-1.40%,-2.94%,+2.51%,+0.00%,-1.02%
3158.TWO,+0.00%,+0.00%,+0.00%,+0.52%,+0.52%,+0.52%,+0.00%,+0.00%,-3.11%,+0.53%
6028.TWO,+0.13%,+0.13%,+0.00%,+0.00%,+1.44%,+1.44%,+0.13%,+0.52%,-0.13%,+0.00%
3211.TWO,-0.53%,-0.64%,+0.11%,+1.72%,-0.74%,-0.74%,-0.21%,+0.11%,-1.71%,+1.09%
9962.TWO,-0.30%,+0.91%,+0.00%,+0.30%,+2.10%,+2.10%,+1.17%,-0.87%,-0.58%,-1.18%
6634.TWO,+0.91%,-2.35%,+4.26%,+0.36%,+0.71%,+0.71%,+0.53%,+0.70%,-0.17%,-1.39%
6180.TWO,+4.79%,-3.77%,+0.59%,-0.35%,-0.59%,-0.59%,+0.60%,+0.24%,-2.60%,+0.73%
6284.TWO,-0.35%,+0.93%,+1.27%,+0.69%,-2.50%,-2.50%,+1.51%,-0.69%,-1.15%,+0.93%
4558.TWO,-1.56%,-3.74%,+1.34%,+1.18%,-1.75%,-1.75%,-2.52%,+0.91%,-3.92%,-0.94%
5211.TWO,-1.12%,+0.00%,+0.38%,+0.19%,+0.37%,+0.37%,-0.19%,+0.56%,+0.37%,-0.37%
6870.TWO,+1.40%,-2.76%,+0.00%,+3.19%,+2.75%,+2.75%,-1.67%,+1.36%,-3.36%,+5.21%
3558.TWO,+3.70%,-1.19%,+0.90%,+0.30%,+1.79%,+1.79%,-1.17%,+0.30%,-0.88%,+0.89%
1260.TWO,+0.37%,-0.37%,+0.18%,-0.37%,+0.56%,+0.56%,+2.39%,-1.62%,-0.91%,+1.29%
3595.TWO,-0.15%,-0.15%,-0.76%,+1.08%,+0.00%,+0.00%,+0.15%,+1.97%,-0.45%,+0.00%
7725.TWO,-0.55%,-1.28%,-0.74%,+1.12%,+3.33%,+3.33%,-3.23%,+1.85%,+6.00%,-4.80%
7402.TWO,+4.89%,+0.85%,-4.20%,+2.19%,-2.15%,-2.15%,+0.00%,-1.75%,+0.89%,+1.33%
4580.TWO,+1.20%,+1.49%,-0.49%,+0.49%,+1.46%,+1.46%,-0.96%,+0.97%,-1.92%,+0.49%
5267.TWO,-0.93%,+0.00%,+1.47%,+0.00%,+0.00%,+0.00%,-0.92%,+1.33%,-2.63%,+0.00%
6739.TWO,+1.73%,-2.13%,+0.00%,+0.00%,-3.48%,-3.48%,+1.91%,+0.55%,-1.32%,-0.56%
7702.TWO,-0.70%,+1.65%,-1.27%,-1.05%,-1.89%,-1.89%,-0.24%,+6.65%,+4.54%,+2.60%
4738.TWO,-1.55%,-2.37%,-0.16%,-0.49%,+0.65%,+0.65%,-1.62%,+1.48%,-0.49%,-0.16%
5863.TWO,+1.40%,-3.45%,-1.07%,+0.00%,-1.44%,-1.44%,-2.20%,+0.37%,-0.37%,-1.12%
6843.TWO,+1.99%,-0.18%,+1.24%,+1.75%,+1.21%,+1.21%,+0.68%,-0.34%,-1.87%,-0.52%
4584.TWO,+0.74%,-0.29%,+0.00%,+2.65%,-3.30%,-3.30%,+2.96%,-2.16%,-0.74%,+0.74%
6543.TWO,+1.15%,-0.28%,-2.00%,+3.21%,-1.13%,-1.13%,+4.00%,+0.00%,-1.10%,+1.39%
8240.TWO,-0.55%,+0.41%,+0.27%,+0.27%,-0.41%,-0.41%,+0.27%,+0.55%,-1.36%,+0.41%
8119.TWO,+0.75%,+0.75%,+1.49%,-1.83%,-0.37%,-0.37%,-2.25%,+1.15%,+0.38%,+1.13%
5601.TWO,-0.95%,+0.28%,-0.27%,-0.41%,+0.00%,+0.00%,+1.93%,+0.54%,+0.00%,+0.00%
5210.TWO,+1.19%,-0.88%,+0.44%,+0.74%,+9.94%,+9.94%,+4.12%,-1.66%,-5.06%,+2.60%
4183.TWO,+1.60%,+0.00%,+0.00%,+0.45%,+1.35%,+1.35%,-0.66%,+1.34%,-3.08%,+1.36%
2061.TWO,-2.69%,-0.64%,-1.71%,-0.44%,+1.09%,+1.09%,+0.00%,-1.52%,-4.62%,+0.92%
6750.TWO,-0.18%,+0.00%,-1.29%,+0.00%,+0.93%,+0.93%,+0.00%,+0.18%,-0.74%,-0.37%
7719.TWO,-2.62%,-0.26%,+0.90%,-0.51%,+2.94%,+2.94%,-1.24%,-1.01%,+1.27%,-2.38%
3663.TWO,-1.93%,+0.81%,+0.92%,-3.18%,-1.76%,-1.76%,+4.18%,+3.10%,-0.78%,+1.12%
6892.TWO,+0.68%,-0.13%,+0.00%,-0.67%,+0.41%,+0.41%,+0.00%,-0.14%,+1.62%,+2.40%
6588.TWO,+0.00%,+0.42%,+0.00%,-0.28%,+0.28%,+0.28%,+0.14%,+1.24%,-0.27%,+0.00%
4563.TWO,+0.97%,-0.19%,+1.15%,+0.38%,-1.13%,-1.13%,+0.00%,+3.44%,-3.14%,+0.19%
4115.TWO,-0.39%,-4.26%,-0.40%,-0.81%,+1.23%,+1.23%,+2.43%,+0.79%,-1.18%,+1.59%
6494.TWO,+0.00%,-0.58%,-0.72%,+0.29%,+3.63%,+3.63%,-0.98%,+0.99%,-1.68%,-0.29%
3707.TWO,+0.93%,-0.92%,-1.24%,+1.57%,+0.93%,+0.93%,-2.00%,+0.16%,-2.19%,-1.92%
3064.TWO,+3.69%,+3.38%,+7.57%,+9.92%,+9.90%,+9.90%,+9.93%,+10.00%,+9.53%,+8.50%
3498.TWO,-4.79%,+3.35%,+2.84%,-0.66%,-3.97%,-3.97%,+3.86%,+3.32%,-2.18%,+0.52%
3297.TWO,+0.48%,-0.96%,-0.49%,+1.71%,+1.44%,+1.44%,-2.60%,+0.73%,-1.93%,+2.21%
3310.TWO,-0.96%,+0.00%,+0.00%,-0.97%,-0.49%,-0.49%,+0.00%,-0.49%,+0.00%,+3.96%
6788.TWO,+1.08%,+0.00%,-1.78%,+0.00%,-0.36%,-0.36%,+2.18%,+2.14%,-2.09%,+1.07%
3097.TWO,+0.19%,+0.00%,+0.56%,+0.18%,-0.18%,-0.18%,+0.18%,-1.85%,+3.76%,+1.81%
6793.TWO,-4.29%,-0.12%,+0.75%,-0.99%,-1.87%,-1.87%,-0.51%,+0.13%,-1.92%,-1.04%
6903.TWO,+0.47%,+1.64%,-0.23%,-1.15%,-2.33%,-2.33%,-2.39%,-1.22%,+0.50%,+0.00%
00764B.TWO,+0.10%,+0.23%,+1.35%,-0.19%,-0.58%,-0.58%,-0.23%,+0.36%,-0.07%,-0.33%
6578.TWO,-1.06%,-1.43%,-2.18%,+1.67%,+0.18%,+0.18%,-0.36%,+5.86%,-1.90%,-1.23%
4432.TWO,+0.21%,+0.21%,+0.21%,-0.41%,-1.04%,-1.04%,+0.21%,+0.63%,-0.83%,+0.84%
2644.TWO,+2.03%,-0.73%,-0.21%,-0.84%,-0.85%,-0.85%,+0.00%,-0.54%,+0.11%,-0.43%
4513.TWO,+0.26%,-2.07%,+5.67%,+2.00%,-1.71%,-1.71%,-1.49%,+0.63%,-7.04%,+2.70%
2073.TWO,-0.16%,+1.31%,-0.32%,+0.32%,-0.65%,-0.65%,-0.33%,+0.82%,-0.81%,+0.16%
3313.TWO,-0.76%,+6.91%,-0.24%,+1.92%,+3.76%,+3.76%,-3.40%,+1.88%,-6.22%,-0.49%
4433.TWO,+0.00%,+0.00%,-0.17%,+0.00%,-0.17%,-0.17%,+0.17%,+0.00%,-0.17%,+0.34%
3529.TWO,+5.17%,-0.41%,+0.41%,-0.41%,-1.85%,-1.85%,-3.77%,+1.53%,-1.50%,+3.70%
8436.TWO,+0.33%,+0.00%,+0.00%,-0.33%,-0.65%,-0.65%,-1.32%,+0.33%,+0.00%,+0.00%
6276.TWO,+0.55%,-1.64%,-0.74%,+1.68%,+1.65%,+1.65%,+9.91%,+10.00%,-2.98%,+3.38%
6832.TWO,+0.00%,+0.34%,+0.00%,+0.00%,+0.00%,+0.00%,-0.68%,+1.03%,-1.02%,+0.34%
6182.TWO,-1.00%,-0.25%,+0.00%,+2.02%,-0.50%,-0.50%,-0.87%,+1.51%,-1.24%,+0.75%
4931.TWO,+0.83%,-0.98%,+0.50%,+0.33%,-0.82%,-0.82%,+1.16%,+0.98%,-1.62%,+0.16%
6499.TWO,+0.00%,-0.12%,+0.12%,-0.23%,+0.23%,+0.23%,+0.00%,-0.47%,-0.23%,-0.47%
6171.TWO,-5.44%,-1.15%,+3.49%,+2.25%,+0.37%,+0.37%,-1.95%,+1.49%,-6.00%,+1.30%
6650.TWO,+0.39%,+3.85%,+0.00%,+0.00%,-0.93%,-0.93%,-4.67%,+1.57%,+0.19%,-3.28%
8071.TWO,-1.93%,+4.92%,+10.00%,+9.94%,-0.26%,-0.26%,+9.84%,+7.08%,-5.73%,-0.23%
3632.TWO,+0.00%,+0.38%,-1.13%,+1.14%,-0.38%,-0.38%,-0.38%,+0.00%,-0.76%,+1.53%
5013.TWO,+0.28%,-0.71%,-0.43%,+0.86%,+0.00%,+0.00%,+0.00%,-0.71%,-0.57%,-0.29%
6548.TWO,+0.00%,-1.74%,-0.25%,+0.13%,+1.78%,+1.78%,+1.00%,-0.99%,-1.25%,+4.92%
5314.TWO,-1.53%,-6.00%,-6.15%,-4.53%,+2.11%,+2.11%,-3.88%,+9.95%,+3.67%,+3.30%
6797.TWO,+0.19%,+0.38%,+0.00%,-2.81%,-0.19%,-0.19%,-0.39%,-1.94%,-0.79%,-1.20%
6407.TWO,+3.73%,-1.68%,-2.93%,+0.50%,+3.25%,+3.25%,-2.66%,-0.50%,-1.00%,+0.76%
4138.TWO,-0.94%,+1.43%,-0.47%,+0.00%,+0.00%,+0.00%,-1.89%,+0.48%,-1.44%,+0.00%
3594.TWO,+2.07%,-0.36%,-0.12%,+0.24%,-0.48%,-0.48%,+0.84%,+4.16%,-1.60%,-0.23%
4561.TWO,+0.73%,-3.02%,-5.69%,+9.91%,+8.60%,+8.60%,+3.82%,-4.60%,+9.83%,-1.58%
6823.TWO,-0.13%,-4.19%,+1.27%,-0.14%,-1.39%,-1.39%,-3.11%,+0.73%,-0.87%,+0.15%
6175.TWO,-0.25%,+0.00%,+0.13%,+0.25%,+1.27%,+1.27%,-1.00%,+0.38%,-1.39%,+1.92%
2718.TWO,-9.87%,-1.49%,+3.03%,+2.45%,-1.44%,-1.44%,-1.46%,+0.99%,-4.88%,+0.21%
3490.TWO,+6.75%,-1.85%,+2.83%,+3.82%,-2.36%,-2.36%,-1.06%,+6.10%,-2.44%,-1.18%
5321.TWO,+1.46%,+0.43%,+0.00%,+0.71%,-0.14%,-0.14%,-1.42%,+1.44%,-1.85%,+0.00%
4430.TWO,+0.00%,-0.46%,-0.23%,+0.23%,-0.23%,-0.23%,+1.40%,-1.15%,-0.23%,-0.47%
3379.TWO,-0.64%,+2.88%,+0.31%,-0.31%,-1.25%,-1.25%,-3.79%,+0.33%,+1.63%,+0.00%
3625.TWO,+0.41%,+0.00%,+2.02%,-0.79%,-0.80%,-0.80%,+2.02%,+1.58%,-1.56%,-0.40%
3141.TWO,-0.73%,+0.31%,+1.57%,+2.47%,-0.50%,-0.50%,+0.40%,-0.40%,-0.91%,+2.45%
6708.TWO,+0.00%,+0.00%,-1.31%,+0.12%,+0.84%,+0.84%,-1.08%,+1.81%,-3.08%,+2.20%
00785B.TWO,+0.00%,-0.11%,+0.76%,+0.33%,-0.33%,-0.33%,+0.03%,+0.20%,-0.17%,-0.33%
6291.TWO,+0.99%,-0.33%,+0.33%,+1.31%,-0.32%,-0.32%,+0.97%,+2.25%,-2.20%,+2.89%
2221.TWO,-0.46%,-1.24%,-1.41%,+0.16%,+0.95%,+0.95%,-0.63%,+0.95%,-1.72%,-0.96%
6140.TWO,-0.68%,+1.72%,-0.34%,+1.02%,-0.34%,-0.34%,-0.34%,+0.17%,-2.70%,-0.17%
6693.TWO,+2.26%,-0.69%,+0.00%,+2.09%,+0.14%,+0.14%,-0.68%,+0.69%,+0.00%,+0.54%
4559.TWO,-4.37%,+1.02%,-1.01%,+0.00%,+0.00%,+0.00%,+0.00%,+0.00%,+1.02%,-1.01%
3603.TWO,+4.40%,-3.16%,-0.41%,+2.32%,+1.87%,+1.87%,+0.13%,-0.26%,+0.39%,+3.13%
2745.TWO,-4.94%,-0.40%,+9.64%,+4.40%,-9.82%,-9.82%,+1.17%,-5.77%,-9.39%,+7.21%
6179.TWO,+2.04%,+0.33%,+0.00%,+4.15%,+0.00%,+0.00%,+2.87%,-1.40%,-1.89%,+2.08%
6791.TWO,-9.34%,+1.12%,-0.37%,-0.25%,+2.96%,+2.96%,+9.95%,-9.60%,-1.09%,+1.34%
7575.TWO,+4.11%,+1.20%,-1.36%,-0.17%,+1.21%,+1.21%,-0.17%,+0.00%,-1.19%,-1.73%
5493.TWO,+0.33%,-9.97%,-1.60%,+1.00%,-2.48%,-2.48%,+0.89%,+4.28%,+5.19%,+6.08%
6118.TWO,+1.73%,-0.64%,+0.21%,+2.77%,-1.66%,-1.66%,+0.42%,+2.31%,-3.29%,+1.91%
6264.TWO,+8.80%,-5.15%,+9.69%,+9.89%,-6.75%,-6.75%,-1.03%,+3.83%,-4.36%,-3.86%
3322.TWO,-0.89%,+0.90%,+0.00%,+0.00%,+0.00%,+0.00%,+0.00%,+1.56%,-1.97%,+0.45%
6203.TWO,-0.35%,+0.94%,+0.00%,+0.00%,-0.70%,-0.70%,-0.35%,+0.94%,-0.82%,-0.35%
4933.TWO,+0.78%,+1.55%,-0.30%,-0.92%,+1.85%,+1.85%,-2.27%,-0.16%,-3.42%,+1.77%
5201.TWO,+0.87%,-0.51%,-1.03%,+1.74%,+0.34%,+0.34%,-0.34%,-0.51%,-1.03%,+0.70%
3430.TWO,-2.84%,+4.20%,-1.05%,-0.35%,+0.00%,+0.00%,+3.02%,+3.10%,-0.67%,-1.18%
3265.TWO,+2.75%,-2.29%,+3.12%,-1.52%,-0.77%,-0.77%,-0.78%,+2.34%,-2.29%,+0.78%
2941.TWO,-0.33%,-0.44%,-0.11%,+0.33%,+2.09%,+2.09%,-2.05%,+0.00%,-3.19%,-4.65%
6841.TWO,+0.00%,-0.71%,+0.00%,+0.84%,-0.36%,-0.36%,-0.48%,+0.24%,-0.72%,-0.24%
4925.TWO,+2.57%,-1.25%,-0.32%,-0.64%,-0.96%,-0.96%,-0.81%,-0.98%,-1.32%,-1.00%
2067.TWO,-0.41%,+1.67%,-0.82%,-0.41%,+0.00%,+0.00%,+0.41%,-0.83%,+0.42%,-0.41%
8176.TWO,+1.08%,-0.71%,+0.00%,+0.72%,+0.00%,+0.00%,+0.00%,-0.36%,+1.08%,-0.71%
6114.TWO,+0.19%,+0.00%,-0.96%,+0.39%,+2.32%,+2.32%,+0.57%,+0.56%,+5.60%,-1.06%
00942B.TWO,-0.07%,+0.00%,+1.24%,-0.13%,-0.39%,-0.39%,-0.06%,+0.00%,-0.13%,-0.26%
3236.TWO,-1.16%,-0.47%,+0.00%,+0.94%,-1.87%,-1.87%,+1.19%,+1.41%,-1.16%,+0.47%
00722B.TWO,-0.08%,+0.00%,+1.15%,-0.08%,-0.29%,-0.29%,-0.08%,+0.18%,-0.16%,-0.42%
3289.TWO,+3.60%,-1.16%,-0.78%,+0.79%,+0.00%,+0.00%,-1.17%,+0.79%,-1.57%,+0.00%
6886.TWO,+4.47%,-3.53%,+3.47%,-0.93%,+2.44%,+2.44%,+0.18%,+0.18%,-1.28%,+0.00%
4419.TWO,+0.00%,-2.16%,+0.12%,-0.58%,-0.23%,-0.23%,-0.12%,+0.00%,-4.81%,+0.62%
3710.TWO,+0.00%,-1.45%,+0.98%,-0.49%,+0.49%,+0.49%,-0.49%,+1.46%,-1.44%,-0.49%
6920.TWO,+0.00%,-2.82%,-0.97%,+1.30%,-0.64%,-0.64%,-0.65%,+0.65%,+0.00%,+0.00%
5309.TWO,+0.73%,-0.72%,-0.44%,+1.32%,+2.03%,+2.03%,+0.14%,+0.00%,+0.42%,-1.13%
8458.TWO,+2.04%,+1.00%,-0.99%,+0.00%,-2.00%,-2.00%,+1.02%,+1.01%,-2.50%,-2.05%
00847B.TWO,+0.14%,+0.00%,+0.90%,-0.31%,-0.29%,-0.29%,-0.11%,+0.26%,-0.04%,-0.36%
3556.TWO,+0.20%,-0.20%,+0.98%,+0.00%,+1.17%,+1.17%,+0.58%,-0.19%,-1.15%,+0.58%
6637.TWO,-1.84%,+3.29%,+0.00%,-1.82%,-0.46%,-0.46%,+0.47%,+2.31%,-4.07%,-2.36%
00679B.TWO,+0.10%,+0.10%,+1.33%,-0.19%,-0.55%,-0.55%,-0.17%,+0.24%,+0.03%,-0.31%
3527.TWO,+0.11%,+0.11%,+0.11%,-0.21%,+0.00%,+0.00%,+0.11%,+1.29%,-1.38%,+0.97%
6762.TWO,+0.41%,-0.41%,+1.24%,+0.00%,-0.41%,-0.41%,+2.06%,+1.41%,-0.60%,+1.80%
3088.TWO,+1.04%,-0.23%,+0.57%,-0.23%,+0.68%,+0.68%,+0.34%,+0.56%,+0.67%,+0.78%
5508.TWO,-8.85%,+3.41%,+8.88%,+0.70%,-6.71%,-6.71%,+0.74%,+0.74%,-6.11%,+0.26%
1294.TWO,-0.87%,-1.32%,+1.33%,+0.00%,+1.75%,+1.75%,+0.00%,+6.25%,-1.83%,+0.21%
4129.TWO,+0.81%,-0.20%,-0.61%,-0.41%,-0.61%,-0.61%,-1.85%,-1.36%,-2.33%,+2.82%
6904.TWO,+2.71%,-8.15%,-9.83%,-2.93%,-0.55%,-0.55%,+0.28%,+0.00%,-0.55%,-0.83%
8044.TWO,+1.22%,+0.60%,-0.90%,+9.98%,-2.48%,-2.48%,-0.42%,+2.41%,-2.90%,-1.14%
4772.TWO,-2.92%,+1.81%,-0.30%,-1.48%,+0.60%,+0.60%,-0.90%,+0.00%,+7.55%,-1.69%
1599.TWO,-0.16%,+0.00%,+0.00%,+0.47%,+0.00%,+0.00%,+0.00%,+0.16%,-0.63%,+0.63%
6148.TWO,-0.52%,-0.17%,+0.35%,+1.38%,+0.34%,+0.34%,+0.34%,+0.00%,-1.86%,-0.17%
5701.TWO,-0.16%,-1.12%,+0.16%,+0.32%,-2.89%,-2.89%,+0.66%,+2.30%,-3.53%,-1.33%
5703.TWO,-0.44%,+0.00%,+2.64%,+0.86%,+0.64%,+0.64%,-2.11%,-2.80%,-2.00%,+0.68%
7728.TWO,+4.66%,-5.93%,+1.58%,+3.45%,-6.83%,-6.83%,+1.97%,+0.53%,+3.32%,-0.51%
3585.TWO,+0.55%,+3.26%,-1.05%,+13.83%,+10.12%,+10.12%,+1.70%,-2.78%,-1.29%,+1.45%
6509.TWO,-0.25%,-0.51%,-0.13%,+0.76%,+3.91%,+3.91%,+0.97%,-0.48%,+0.24%,-0.72%
3105.TWO,+0.00%,-0.36%,+2.51%,-1.05%,+0.71%,+0.71%,-1.40%,+1.42%,-1.40%,-0.36%
9957.TWO,+1.64%,+0.29%,-0.29%,-0.29%,+3.98%,+3.98%,-2.69%,+1.16%,-0.72%,-1.30%
4570.TWO,-1.42%,-0.36%,+0.36%,+0.00%,+4.80%,+4.80%,-1.26%,-0.23%,+4.65%,-2.78%
00768B.TWO,+0.09%,+0.28%,+1.11%,+0.00%,-0.73%,-0.73%,-0.09%,+0.28%,+0.00%,-0.46%
7607.TWO,-2.21%,+0.15%,-4.20%,+4.86%,-4.63%,-4.63%,+0.00%,+3.45%,+1.21%,-8.98%
5212.TWO,+0.63%,+3.31%,-2.14%,-1.40%,-0.47%,-0.47%,+0.95%,+0.47%,-0.31%,+1.73%
6821.TWO,-0.64%,-0.90%,+1.30%,-0.13%,+0.00%,+0.00%,-0.26%,+0.39%,-0.90%,-0.52%
7590.TWO,-0.90%,+0.68%,+0.45%,+0.00%,-1.57%,-1.57%,-1.60%,-1.16%,+3.52%,-0.91%
5246.TWO,-1.77%,+1.08%,+0.36%,-0.53%,-0.54%,-0.54%,+0.90%,+0.00%,-1.60%,+1.81%
5014.TWO,-1.23%,+1.25%,+1.23%,+0.30%,+5.78%,+5.78%,+0.29%,-1.15%,-4.64%,+1.52%
6810.TWO,+2.06%,-0.38%,-0.26%,-0.90%,-0.26%,-0.26%,+0.13%,-1.82%,+1.06%,+0.00%
8064.TWO,-0.17%,+4.33%,-0.50%,-0.50%,+1.17%,+1.17%,+5.97%,+1.56%,-1.85%,+6.75%
5299.TWO,+1.43%,+0.00%,+0.00%,-0.47%,+0.94%,+0.94%,+0.00%,+0.47%,+0.93%,+0.00%
3362.TWO,+4.29%,-1.69%,+9.85%,-3.81%,-2.56%,-2.56%,-1.67%,+0.73%,+1.93%,-1.66%
1784.TWO,+0.61%,+1.21%,-0.75%,+5.59%,+2.58%,+2.58%,-2.37%,-0.57%,-3.45%,+0.00%
6977.TWO,+0.00%,+0.00%,+0.00%,-0.31%,+0.00%,+0.00%,-0.63%,-0.11%,-3.59%,+2.30%
6130.TWO,-2.75%,-0.20%,-1.82%,+2.26%,-0.80%,-0.80%,-0.61%,-2.65%,-0.84%,+1.06%
4749.TWO,-1.69%,-0.17%,+1.20%,-0.17%,-1.53%,-1.53%,-0.17%,+3.29%,-0.50%,-2.53%
00933B.TWO,-0.12%,+0.06%,+0.96%,-0.06%,-0.06%,-0.06%,+0.06%,+0.06%,+0.00%,-0.24%
5425.TWO,+0.55%,+0.82%,+2.18%,-0.53%,+0.54%,+0.54%,+0.80%,+0.13%,-0.92%,+1.20%
6610.TWO,-1.90%,+0.78%,-0.77%,+0.39%,+0.00%,+0.00%,+0.00%,-1.16%,+0.00%,-1.17%
2235.TWO,-0.52%,+0.10%,+0.00%,+0.10%,+0.00%,+0.00%,+4.77%,+2.38%,-1.16%,-0.59%
3629.TWO,+0.85%,-0.42%,-0.14%,+0.00%,-2.95%,-2.95%,-2.61%,-1.79%,-6.06%,-3.23%
6683.TWO,+0.85%,-1.36%,+0.69%,+0.17%,-0.85%,-0.85%,+3.09%,+1.17%,-2.31%,+0.67%
3290.TWO,+0.38%,+1.33%,+0.37%,-0.56%,+1.50%,+1.50%,+0.18%,+1.11%,-0.55%,-0.37%
6730.TWO,+0.12%,-0.25%,-0.12%,-0.37%,+0.00%,+0.00%,+0.00%,-2.12%,+2.17%,-2.75%
1742.TWO,+0.00%,+0.00%,+0.27%,-0.27%,-0.27%,-0.27%,+0.27%,+0.00%,+0.27%,+0.00%
7507.TWO,+1.88%,+2.76%,+13.08%,-1.27%,+6.10%,+6.10%,+3.18%,+0.59%,+0.00%,-0.58%
3465.TWO,+9.90%,-7.28%,+0.00%,-2.86%,+0.00%,+0.00%,-2.94%,-0.91%,-1.68%,-5.44%
6246.TWO,+0.00%,+2.03%,+2.32%,-1.62%,-0.99%,-0.99%,-0.33%,+0.00%,-0.67%,+0.67%
5271.TWO,+0.00%,-1.84%,-0.13%,+2.01%,-2.24%,-2.24%,+3.90%,-0.65%,-3.26%,+0.81%
5481.TWO,-0.37%,+0.38%,-0.75%,+0.38%,-0.38%,-0.38%,+0.00%,+0.38%,-0.38%,+0.38%
8059.TWO,+1.03%,-1.43%,+1.45%,+0.00%,+6.92%,+6.92%,-0.95%,-0.96%,-2.52%,+2.79%
6586.TWO,+0.37%,-0.55%,+1.11%,+2.02%,+0.00%,+0.00%,-1.62%,-1.10%,+0.00%,+1.29%
4533.TWO,+10.00%,-3.38%,+4.44%,+9.91%,+9.95%,+9.95%,+2.24%,-9.48%,+0.00%,+0.58%
8933.TWO,+0.96%,-0.48%,+0.48%,+0.48%,-0.95%,-0.95%,-0.48%,-0.53%,+0.48%,-0.48%
6855.TWO,+0.36%,-2.50%,-3.30%,+3.03%,-1.10%,-1.10%,+1.12%,+0.00%,-0.74%,-0.74%
5457.TWO,+0.48%,-1.92%,-2.28%,+4.51%,-2.88%,-2.88%,+0.82%,+2.12%,-2.56%,-0.16%
6848.TWO,+0.00%,+1.25%,-1.85%,-0.31%,+0.31%,+0.31%,-0.94%,+1.58%,-0.93%,+0.31%
3511.TWO,+2.80%,+0.00%,-0.78%,-0.39%,-0.59%,-0.59%,+0.00%,+0.00%,-0.99%,-0.40%
6859.TWO,+0.00%,-3.27%,+2.11%,+0.00%,+2.07%,+2.07%,+0.81%,+6.02%,-1.14%,-2.68%
6212.TWO,+0.00%,+2.01%,+1.45%,+1.30%,-1.02%,-1.02%,-0.65%,+0.00%,-0.26%,-0.65%
5474.TWO,+1.61%,+0.00%,-1.19%,+1.20%,-1.19%,-1.19%,+2.01%,+9.84%,+9.68%,+9.80%
6518.TWO,+0.61%,+1.81%,+0.79%,+7.44%,-3.46%,-3.46%,-0.19%,-0.76%,+1.14%,-0.56%
5351.TWO,+4.71%,+0.00%,+6.60%,-2.06%,-0.80%,-0.80%,+2.93%,+1.57%,-1.74%,-0.39%
6982.TWO,+9.80%,+1.28%,-1.39%,+0.89%,+7.85%,+7.85%,+0.59%,+0.35%,+0.23%,-2.32%
1593.TWO,-0.67%,+0.45%,-0.45%,-0.22%,+1.57%,+1.57%,-1.88%,-0.79%,-0.68%,+0.11%
3288.TWO,-1.82%,-0.19%,+0.74%,-0.55%,-0.93%,-0.93%,-0.38%,-2.07%,+10.00%,-7.52%
6190.TWO,+0.00%,+0.96%,+0.14%,+0.95%,+2.55%,+2.55%,+4.84%,+4.12%,-0.72%,+2.29%
1780.TWO,+1.13%,-1.96%,+0.85%,-0.56%,+0.28%,+0.28%,-0.57%,+0.00%,+0.57%,+0.00%
2070.TWO,-0.59%,-0.30%,-1.93%,+0.91%,+4.05%,+4.05%,-0.58%,+7.11%,-2.30%,-0.69%
3508.TWO,+0.00%,-0.84%,+1.70%,+0.63%,+0.21%,+0.21%,+1.04%,+3.69%,-2.37%,-1.21%
3294.TWO,+0.43%,-0.43%,+0.72%,+9.99%,-2.46%,-2.46%,+1.06%,-0.26%,-4.09%,+0.28%
5516.TWO,-2.39%,-0.22%,+1.34%,+0.22%,-0.66%,-0.66%,+0.66%,+0.66%,-0.87%,-0.88%
5223.TWO,+0.00%,-0.53%,+0.53%,+0.26%,-0.53%,-0.53%,+0.13%,-0.40%,-0.13%,-0.40%
4575.TWO,+0.00%,+0.00%,-0.80%,+1.01%,-1.80%,-1.80%,-1.43%,-0.41%,+0.42%,+0.00%
3083.TWO,+1.78%,-0.78%,+2.16%,-0.58%,-0.19%,-0.19%,+0.19%,+0.97%,-2.87%,-1.57%
6876.TWO,+0.20%,-0.60%,+0.40%,-0.20%,+0.20%,+0.20%,-0.20%,+0.20%,-0.60%,+0.20%
5345.TWO,-2.92%,-0.43%,+3.45%,+2.92%,-0.40%,-0.40%,-1.22%,-1.23%,+0.42%,+1.24%
6609.TWO,+0.28%,+1.40%,+0.28%,+2.62%,+6.59%,+6.59%,+5.67%,+2.15%,+1.64%,+0.57%
6572.TWO,+2.07%,+1.21%,+1.60%,+0.79%,-2.73%,-2.73%,+2.81%,+3.12%,+6.06%,-6.43%
6704.TWO,+9.37%,+2.41%,+0.65%,+0.39%,-2.59%,-2.59%,-3.19%,-5.08%,+0.58%,-0.86%
1293.TWO,+0.52%,+0.00%,+0.00%,+0.00%,-2.95%,-2.95%,-2.14%,+1.82%,+0.00%,+0.00%
8905.TWO,+0.00%,+1.28%,-0.16%,-0.95%,+0.00%,+0.00%,+1.76%,-0.94%,+0.00%,+0.79%
3615.TWO,+0.61%,+0.20%,+1.80%,-0.20%,+0.00%,+0.00%,+3.55%,+0.00%,-3.05%,+0.20%
6207.TWO,-4.73%,+3.68%,+4.32%,+0.44%,-5.15%,-5.15%,+9.94%,+0.71%,-2.52%,-1.58%
5205.TWO,-3.72%,+2.57%,+0.00%,+1.61%,+0.00%,+0.00%,-4.41%,-1.66%,+9.94%,-9.73%
6411.TWO,+1.12%,+0.10%,-1.61%,+3.38%,-1.29%,-1.29%,+0.10%,-0.30%,-1.61%,+0.10%
6856.TWO,+0.00%,+0.15%,+0.30%,+0.00%,-0.15%,-0.15%,-0.15%,+0.46%,+0.15%,+0.00%
6188.TWO,+4.27%,+0.31%,-1.67%,+3.72%,+2.26%,+2.26%,+8.83%,+4.15%,-1.77%,+2.25%
2726.TWO,+3.33%,-2.42%,+9.92%,+8.27%,-3.47%,-3.47%,+4.89%,-2.88%,-6.78%,-0.91%
6826.TWO,-0.25%,+0.00%,-0.49%,+0.50%,+0.74%,+0.74%,-0.98%,+0.74%,-0.74%,-0.49%
6980.TWO,-0.41%,-0.41%,-0.21%,-0.10%,+0.00%,+0.00%,-0.21%,+0.41%,-0.31%,+0.10%
6857.TWO,-0.30%,-0.60%,+1.80%,-0.59%,+0.00%,+0.00%,-0.59%,+1.19%,-1.76%,-1.20%
3268.TWO,+6.93%,-3.33%,+1.92%,+0.38%,+0.37%,+0.37%,-1.68%,+2.47%,-4.44%,+0.97%
8089.TWO,-1.66%,+3.49%,+5.93%,+4.06%,+2.74%,+2.74%,-1.13%,-2.28%,+3.40%,+2.26%
1815.TWO,-1.79%,+0.26%,+1.04%,+1.80%,-1.01%,-1.01%,+9.95%,+9.98%,+4.43%,+4.65%
5468.TWO,-1.85%,-0.54%,+1.62%,+0.00%,-2.39%,-2.39%,+1.63%,+0.27%,-0.27%,-0.54%
4707.TWO,-0.35%,+0.00%,+0.35%,+0.35%,-0.35%,-0.35%,-0.35%,+1.06%,-0.70%,+0.35%
8107.TWO,+3.34%,+1.18%,-0.29%,+0.00%,-0.58%,-0.58%,+0.88%,+0.58%,-0.87%,+0.00%
6755.TWO,-0.40%,-0.20%,-4.02%,-3.77%,+3.48%,+3.48%,-0.42%,-3.80%,+0.22%,-1.53%
2924.TWO,+0.00%,+0.00%,+0.00%,+0.00%,+0.00%,+0.00%,+0.00%,-3.92%,+0.00%,-0.20%
6428.TWO,+1.35%,+0.44%,-1.77%,+0.00%,-0.90%,-0.90%,+0.00%,+0.00%,-6.36%,+6.80%
6640.TWO,+2.35%,-0.40%,+4.07%,+1.17%,+3.86%,+3.86%,+4.09%,+0.24%,-0.36%,+2.03%
3526.TWO,-1.68%,+1.50%,+1.90%,-1.04%,-0.63%,-0.63%,-0.84%,+0.21%,+0.21%,+1.27%
6199.TWO,+1.40%,+0.00%,+1.38%,+2.72%,+1.82%,+1.82%,-0.81%,-3.61%,+8.50%,-5.80%
3234.TWO,-2.32%,+4.12%,-0.99%,-3.80%,-4.78%,-4.78%,+2.18%,+9.83%,-4.67%,+10.00%
00795B.TWO,+0.13%,+0.24%,+1.24%,-0.23%,-0.60%,-0.60%,-0.14%,+0.27%,-0.03%,-0.30%
2063.TWO,-2.00%,-0.37%,+0.93%,-0.37%,+0.19%,+0.19%,-0.18%,+0.00%,-0.19%,-0.19%
5011.TWO,+0.42%,+1.04%,-0.62%,+3.73%,+0.80%,+0.80%,+1.19%,-1.57%,-1.39%,+0.40%
4417.TWO,+0.00%,+0.00%,+0.13%,-0.13%,+0.13%,+0.13%,-0.13%,+0.00%,+0.00%,-0.13%
6748.TWO,-3.93%,-2.67%,+0.37%,+2.00%,+0.18%,+0.18%,-0.53%,-2.51%,-2.57%,+8.87%
6204.TWO,+2.69%,+0.37%,-1.87%,+1.14%,-2.63%,-2.63%,+1.16%,+2.29%,-2.24%,+1.15%
8098.TWO,-0.76%,+0.25%,+1.27%,-0.50%,+0.25%,+0.25%,+1.51%,+1.24%,-1.47%,+0.25%
4406.TWO,+0.00%,+0.00%,+0.97%,+0.00%,+0.00%,+0.00%,+2.39%,-0.47%,+0.00%,-1.41%
8234.TWO,+1.19%,+1.57%,-2.51%,+0.99%,-0.20%,-0.20%,+4.13%,+0.38%,-3.95%,+0.98%
7714.TWO,-1.82%,+3.35%,+0.72%,+1.79%,+4.56%,+4.56%,-0.67%,+0.00%,+0.00%,+0.68%
6953.TWO,-3.50%,-0.18%,+1.27%,-7.35%,+1.16%,+1.16%,+4.02%,+0.18%,+1.28%,-0.36%
6963.TWO,+0.00%,+0.00%,+0.00%,+0.31%,-2.30%,-2.30%,+2.04%,-2.15%,+2.20%,-4.00%
8084.TWO,-1.79%,-0.26%,+4.31%,+9.90%,+4.33%,+4.33%,+8.74%,-0.60%,+0.00%,+0.91%
6839.TWO,-0.82%,+4.64%,-0.16%,-0.16%,-0.16%,-0.16%,+0.95%,+0.00%,-0.31%,+0.00%
7551.TWO,+3.69%,+2.08%,+1.16%,+0.00%,-4.89%,-4.89%,+1.21%,-3.28%,-4.32%,+3.23%
4123.TWO,-1.52%,-1.43%,+0.34%,+2.45%,+0.00%,+0.00%,-0.54%,-0.87%,+0.11%,-0.88%
4973.TWO,-1.14%,-0.58%,+1.04%,-1.03%,-2.20%,-2.20%,+3.32%,-0.34%,-2.76%,+6.04%
4728.TWO,+0.21%,-1.03%,-0.42%,+1.26%,+0.41%,+0.41%,+1.85%,+3.03%,+0.59%,+7.60%
00720B.TWO,-0.11%,+0.00%,+1.12%,-0.06%,-0.28%,-0.28%,-0.03%,+0.11%,-0.14%,-0.34%
4305.TWO,-0.23%,+0.46%,+0.80%,-0.23%,-1.14%,-1.14%,+0.00%,+0.12%,+0.12%,+0.12%
4413.TWO,+0.57%,+2.55%,-0.55%,+0.28%,+1.11%,+1.11%,-0.27%,+0.00%,-1.10%,-0.56%
5512.TWO,-0.80%,-0.80%,+2.02%,+1.19%,-0.39%,-0.39%,-1.97%,-1.61%,-2.04%,+0.42%
7704.TWO,+0.44%,-4.39%,-0.92%,+0.46%,-1.84%,-1.84%,-0.47%,+0.47%,+1.25%,+4.29%
3221.TWO,+1.41%,-0.35%,+0.87%,+0.87%,-0.51%,-0.51%,+0.52%,+0.34%,-0.17%,+3.25%
6820.TWO,+0.00%,-0.71%,+3.06%,+0.00%,+0.00%,+0.00%,+0.00%,-3.14%,+0.18%,+0.00%
6441.TWO,+1.95%,+1.15%,+0.00%,+0.51%,+0.00%,+0.00%,-0.50%,-0.88%,-0.38%,-0.64%
7516.TWO,+1.05%,-1.56%,+3.60%,-1.94%,+1.25%,+1.25%,-1.23%,-1.56%,+3.70%,-3.06%
6151.TWO,+0.19%,-0.37%,+0.75%,+1.12%,-0.37%,-0.37%,+0.00%,+0.19%,-0.92%,-0.37%
5478.TWO,+2.07%,-1.35%,+0.00%,+0.68%,-2.72%,-2.72%,-2.45%,+1.08%,-1.77%,+0.72%
6959.TWO,-7.01%,-1.59%,-4.84%,-1.69%,+8.19%,+8.19%,+1.59%,-1.96%,-1.20%,+1.21%
8111.TWO,+6.09%,-1.64%,+2.71%,-0.81%,+2.04%,+2.04%,-0.20%,-0.20%,-2.82%,-0.62%
8928.TWO,-1.14%,-0.58%,+0.73%,-0.14%,-1.01%,-1.01%,-0.88%,+0.59%,-0.73%,+0.88%
6917.TWO,-0.23%,+0.00%,-0.23%,+0.00%,-0.93%,-0.93%,+1.64%,-2.31%,-0.24%,+0.47%
3531.TWO,-0.15%,+0.31%,+0.00%,+0.15%,+0.30%,+0.30%,+0.61%,+0.30%,-0.60%,+0.00%
3252.TWO,-0.46%,-0.92%,+1.40%,+2.75%,-0.22%,-0.22%,-1.12%,-1.36%,-2.98%,+0.00%
8329.TWO,+0.72%,-0.59%,-2.26%,+2.31%,-0.83%,-0.83%,-1.32%,-0.49%,+0.61%,+1.22%
3093.TWO,+0.66%,+0.00%,-0.16%,+0.49%,-0.33%,-0.33%,+0.00%,+0.00%,-0.33%,+0.33%
8076.TWO,+2.20%,-1.16%,+0.17%,+0.50%,-0.66%,-0.66%,+0.33%,+2.00%,-1.14%,+1.65%
00724B.TWO,-0.12%,+0.00%,+0.95%,-0.09%,-0.17%,-0.17%,+0.03%,+0.11%,-0.14%,-0.26%
6935.TWO,+0.84%,+0.00%,-5.15%,+2.10%,+0.00%,+0.00%,+0.00%,-5.49%,+2.36%,-0.71%
6138.TWO,-0.98%,+6.95%,+0.00%,+1.16%,-2.98%,-2.98%,-0.47%,+4.51%,+0.00%,-0.23%
5529.TWO,-0.97%,-0.65%,+1.15%,+2.77%,+1.11%,+1.11%,-2.82%,-0.32%,-0.16%,+0.00%
8477.TWO,-0.29%,-0.86%,+1.73%,+0.00%,+1.14%,+1.14%,-1.40%,+1.99%,+0.28%,-1.39%
8936.TWO,+2.20%,+1.31%,-0.71%,-2.73%,-1.34%,-1.34%,-0.99%,+0.00%,-5.99%,+1.86%
6508.TWO,-0.30%,+0.00%,+0.92%,+0.30%,-0.91%,-0.91%,+0.00%,+0.15%,-1.07%,-1.38%
8097.TWO,-1.46%,-2.08%,+1.82%,-0.15%,-1.49%,-1.49%,+0.00%,+0.15%,+0.15%,+0.00%
00740B.TWO,-0.10%,+0.00%,+0.90%,-0.07%,-0.27%,-0.27%,+0.00%,+0.10%,-0.10%,-0.47%
3131.TWO,+3.29%,-3.08%,+2.67%,+7.50%,-2.79%,-2.79%,+6.22%,+1.80%,+0.88%,+3.51%
2230.TWO,+4.36%,-1.49%,+0.00%,-0.91%,+1.22%,+1.22%,-0.60%,+1.82%,-2.69%,-0.92%
1796.TWO,+1.09%,+0.54%,+2.33%,+9.97%,+5.25%,+5.25%,-3.02%,-1.09%,+0.16%,+1.26%
3675.TWO,+0.35%,+0.00%,+0.17%,+1.90%,-0.85%,-0.85%,-0.17%,+1.54%,+0.00%,+6.58%
8431.TWO,-0.36%,+1.62%,+3.01%,-0.52%,+0.52%,+0.52%,+4.13%,+0.33%,+0.33%,+0.00%
3122.TWO,+1.16%,+0.13%,+0.38%,+1.65%,-0.75%,-0.75%,-0.38%,+0.00%,-2.52%,-0.78%
8937.TWO,-1.39%,+1.41%,-1.39%,-1.17%,+0.24%,+0.24%,+2.36%,+0.00%,+0.00%,+1.39%
6486.TWO,-0.84%,-0.64%,+0.11%,-1.07%,-0.65%,-0.65%,+0.43%,+1.08%,-0.75%,-0.76%
6639.TWO,+4.67%,-4.14%,+0.00%,-0.33%,+0.00%,+0.00%,+2.00%,-1.96%,-0.67%,+5.37%
6850.TWO,-0.30%,+0.40%,+0.00%,-0.90%,+0.10%,+0.10%,-0.81%,+0.41%,-0.61%,+0.92%
5328.TWO,+1.06%,-0.35%,+0.70%,+0.35%,+0.00%,+0.00%,+1.39%,+1.03%,-2.72%,+1.75%
6163.TWO,+2.30%,-2.25%,-1.84%,+0.70%,+0.23%,+0.23%,-0.93%,+1.41%,-2.78%,+0.00%
7547.TWO,-0.77%,-6.01%,-0.52%,-0.93%,-1.36%,-1.36%,-1.38%,-1.18%,-4.68%,+2.40%
6244.TWO,+1.34%,+1.13%,+1.49%,+5.51%,-1.92%,-1.92%,-0.53%,+1.43%,-1.76%,-1.79%
8088.TWO,+0.11%,-0.34%,-0.22%,-1.01%,+0.68%,+0.68%,+1.02%,-0.56%,-1.12%,+1.14%
2072.TWO,+1.23%,-0.61%,+0.12%,-0.74%,+0.25%,+0.25%,+3.82%,+1.78%,-1.63%,-0.59%
5386.TWO,+0.00%,+0.00%,+1.04%,-0.15%,+1.33%,+1.33%,+2.47%,-0.14%,-2.56%,+2.19%
6984.TWO,-2.24%,+13.58%,+14.75%,+5.55%,-16.92%,-16.92%,+8.33%,-3.13%,+0.00%,+0.44%
8426.TWO,-5.96%,-0.72%,-0.73%,+0.55%,-0.73%,-0.73%,-0.55%,-0.19%,-3.34%,+0.58%
3438.TWO,+0.40%,+3.44%,+2.43%,-2.37%,-2.05%,-2.05%,+0.39%,+0.26%,-2.33%,-0.40%
6840.TWO,-0.69%,+0.00%,-0.28%,+0.28%,+0.00%,+0.00%,-0.14%,+0.00%,-0.97%,+1.69%
4946.TWO,+2.69%,-1.43%,+2.66%,+1.53%,-1.04%,-1.04%,+9.13%,-8.80%,-1.65%,-0.48%
00719B.TWO,-0.03%,-0.47%,-0.35%,+0.25%,+0.00%,+0.00%,+0.25%,-0.06%,-0.16%,+0.03%
5274.TWO,+2.56%,-0.62%,+7.06%,+0.15%,-3.07%,-3.07%,-5.74%,+5.77%,+1.82%,+9.97%
2752.TWO,-0.34%,+0.35%,+0.00%,-1.38%,+1.40%,+1.40%,+0.00%,+0.00%,-2.07%,-0.18%
4909.TWO,+0.00%,-1.26%,-3.48%,-0.36%,-3.61%,-3.61%,+0.38%,+1.74%,-3.06%,+2.53%
6016.TWO,+0.00%,+0.63%,+2.19%,+0.31%,+0.00%,+0.00%,-1.52%,+0.62%,-0.92%,+0.93%
8069.TWO,-2.28%,+1.40%,-3.00%,-0.71%,+1.67%,+1.67%,-0.94%,+2.85%,+4.16%,+0.67%
5347.TWO,-0.86%,+0.00%,+4.23%,+2.29%,+0.71%,+0.71%,+0.00%,+2.12%,+0.00%,-0.50%
6680.TWO,+0.00%,+0.00%,+0.59%,-1.75%,-0.60%,-0.60%,+0.00%,+0.00%,-1.80%,+0.61%
5248.TWO,+2.75%,+0.94%,-2.34%,+2.08%,-4.23%,-4.23%,-1.31%,-0.33%,-4.32%,-0.69%
6858.TWO,+0.54%,+0.18%,-0.89%,+0.00%,-0.18%,-0.18%,+0.00%,+1.79%,-1.41%,+1.61%
6143.TWO,+0.42%,-1.68%,+0.00%,+6.84%,-1.20%,-1.20%,+2.83%,+1.18%,-0.39%,+1.56%
3441.TWO,+0.93%,+0.00%,-0.53%,+0.66%,+0.66%,+0.66%,+1.05%,+0.65%,-2.84%,+0.80%
8080.TWO,-2.89%,+1.19%,-0.59%,+0.30%,+0.88%,+0.88%,+0.00%,-1.46%,-5.34%,+3.45%
5490.TWO,+0.37%,+0.93%,-0.18%,-2.04%,-0.76%,-0.76%,+1.71%,+0.00%,-2.25%,+0.57%
6542.TWO,-3.39%,-2.44%,+0.00%,-0.63%,+0.00%,+0.00%,+0.00%,+1.26%,+0.00%,-1.09%
6263.TWO,+1.32%,+4.25%,-2.51%,+2.25%,+3.46%,+3.46%,+0.91%,+1.20%,+5.95%,-2.25%
4768.TWO,-3.02%,-0.41%,+0.00%,-0.63%,-1.89%,-1.89%,-1.50%,-0.43%,-0.65%,-0.44%
6236.TWO,+0.00%,+2.50%,+0.15%,+0.00%,+0.00%,+0.00%,+0.46%,+1.82%,+0.15%,+0.74%
2641.TWO,-0.91%,-2.06%,+2.34%,-2.05%,-1.63%,-1.63%,-1.90%,+1.21%,-1.91%,+1.46%
8432.TWO,+2.02%,-0.61%,+1.07%,+0.30%,+2.72%,+2.72%,-2.36%,-0.30%,-5.45%,-0.32%
6218.TWO,+0.61%,+0.00%,-0.61%,+0.81%,-0.20%,-0.20%,+1.21%,+0.00%,-0.80%,+0.20%
7726.TWO,-1.56%,+0.35%,-0.88%,-1.24%,-0.18%,-0.18%,+0.18%,-0.36%,+0.36%,+0.36%
6827.TWO,-0.21%,-1.03%,-1.66%,+0.00%,+0.21%,+0.21%,-1.27%,+1.28%,-2.53%,-0.43%
4127.TWO,-0.26%,+2.07%,-0.13%,+2.80%,+1.36%,+1.36%,-0.61%,+9.94%,-1.45%,+2.72%
6990.TWO,+0.00%,+1.49%,+0.00%,+0.27%,-1.74%,-1.74%,+0.54%,-1.35%,+1.37%,+0.00%
6217.TWO,+0.87%,-4.32%,+2.26%,-0.55%,-0.89%,-0.89%,+1.46%,+0.33%,-1.65%,-1.57%
6569.TWO,+2.50%,+0.30%,+3.34%,-0.59%,-0.59%,-0.59%,+2.68%,+0.87%,-1.72%,+0.58%
3466.TWO,-0.36%,+9.86%,-0.49%,+0.00%,-0.98%,-0.98%,+0.50%,+2.47%,+9.97%,+9.94%
6673.TWO,+1.48%,+1.46%,-1.44%,+12.14%,+0.43%,+0.43%,-6.03%,-3.67%,+4.76%,-3.18%
8921.TWO,+4.07%,+2.23%,-2.73%,+2.25%,+1.10%,+1.10%,+0.00%,+4.62%,-2.60%,-1.07%
3163.TWO,+1.93%,+4.27%,-4.09%,-0.95%,+0.48%,+0.48%,+0.00%,+3.81%,+3.67%,+0.88%
4546.TWO,+4.51%,+0.00%,+0.55%,+0.66%,-3.72%,-3.72%,+0.11%,-1.25%,-1.49%,-0.12%
4186.TWO,-1.31%,+3.32%,-1.93%,+0.00%,+0.66%,+0.66%,-0.33%,-0.33%,-0.33%,-0.33%
6898.TWO,-1.36%,+3.23%,-2.23%,+1.37%,-2.25%,-2.25%,+0.00%,+1.38%,-2.73%,-0.47%
8109.TWO,+0.52%,+1.25%,+1.03%,+0.31%,-0.20%,-0.20%,-0.20%,-0.10%,+0.00%,-0.92%
8077.TWO,-4.83%,+5.78%,+0.00%,+0.33%,+9.90%,+9.90%,-0.15%,+0.30%,-3.00%,-3.40%
6512.TWO,+0.00%,+0.71%,+0.70%,+0.23%,+0.69%,+0.69%,+0.69%,-0.46%,+0.23%,+2.29%
6684.TWO,+9.46%,+1.23%,-0.85%,+0.12%,-2.09%,-2.09%,-2.01%,+0.64%,-2.67%,+0.65%
3546.TWO,+3.60%,-2.92%,+3.82%,-0.78%,-1.01%,-1.01%,-0.34%,+0.34%,-1.59%,+0.23%
3552.TWO,+0.00%,+0.45%,+0.00%,-0.90%,-0.91%,-0.91%,+0.46%,+0.46%,-0.45%,+2.74%
6241.TWO,+0.37%,+0.00%,+0.00%,-0.73%,-0.74%,-0.74%,+1.48%,-1.09%,+0.74%,+0.37%
7558.TWO,+0.10%,-0.40%,+9.44%,-7.34%,+0.00%,+0.00%,+3.47%,+0.96%,+0.95%,+2.82%
2255.TWO,+0.25%,-2.63%,+2.70%,-2.75%,+2.44%,+2.44%,-1.63%,+1.40%,-0.25%,+0.38%
6035.TWO,-4.09%,+2.89%,+0.00%,-2.93%,+1.76%,+1.76%,+0.00%,-0.62%,+0.99%,+0.00%
3293.TWO,+0.20%,+0.00%,+0.50%,-0.30%,+3.02%,+3.02%,+0.49%,+1.94%,-1.90%,+0.49%
3117.TWO,+0.78%,+0.00%,+0.00%,+1.39%,+0.00%,+0.00%,-3.96%,+3.49%,-3.37%,+0.00%
6483.TWO,-2.15%,+1.26%,-0.93%,+0.00%,-0.94%,-0.94%,-1.27%,-1.60%,+0.98%,+0.97%
9960.TWO,+0.00%,+0.00%,+0.00%,+0.00%,+0.00%,+0.00%,+0.00%,+0.00%,+0.00%,+0.00%
8279.TWO,+0.00%,-0.32%,-1.62%,+0.66%,+9.80%,+9.80%,-8.93%,-2.61%,+2.01%,-1.32%
3485.TWO,+0.13%,+1.27%,+0.13%,+0.62%,+0.75%,+0.75%,+0.12%,+0.86%,-2.69%,+0.75%
1595.TWO,-1.26%,+1.13%,+0.28%,+0.28%,-1.53%,-1.53%,+0.42%,+0.14%,+0.42%,+1.96%
6643.TWO,+6.74%,+5.34%,-1.38%,-1.40%,+1.42%,+1.42%,-1.87%,-1.90%,+0.97%,+0.00%
6150.TWO,+1.16%,+1.66%,-2.14%,+0.39%,-1.28%,-1.28%,+1.17%,+1.28%,-1.52%,-0.51%
4903.TWO,-0.66%,+0.89%,+0.22%,-1.10%,-5.76%,-5.76%,-8.24%,+10.00%,+2.10%,-2.74%
8444.TWO,-0.62%,+0.16%,-0.16%,+0.00%,-0.62%,-0.62%,+0.31%,+0.31%,-0.31%,+0.93%
7427.TWO,-3.65%,+1.80%,+2.94%,-0.95%,-1.15%,-1.15%,-0.78%,-1.96%,-1.80%,-1.53%
6620.TWO,-1.44%,+1.09%,-1.81%,+0.74%,-3.65%,-3.65%,-1.14%,-0.38%,+1.15%,+4.18%
6517.TWO,+9.94%,-0.78%,-2.21%,+2.40%,-2.21%,-2.21%,-0.80%,+3.89%,-1.81%,-0.79%
2643.TWO,-1.59%,-1.61%,+0.58%,+0.00%,-1.98%,-1.98%,-0.71%,+1.31%,-1.30%,+0.00%
6682.TWO,-2.17%,-10.37%,-6.20%,+1.76%,+14.29%,+14.29%,-1.52%,+8.85%,+7.77%,-8.20%
3213.TWO,+1.99%,-1.46%,+0.50%,+0.00%,+0.99%,+0.99%,+0.98%,+1.45%,-2.38%,+1.95%
3489.TWO,-3.80%,+0.39%,+5.50%,+2.42%,+4.55%,+4.55%,-0.87%,-1.23%,-5.33%,+1.13%
6126.TWO,+1.92%,-0.78%,+0.47%,+0.79%,+1.56%,+1.56%,+2.30%,+2.10%,-1.32%,+2.83%
8289.TWO,+4.44%,-1.06%,-0.61%,+0.46%,+0.31%,+0.31%,+2.91%,-1.94%,-1.22%,+0.77%
5439.TWO,+0.00%,-0.53%,-0.21%,+0.32%,-1.06%,-1.06%,-1.61%,+3.92%,-2.20%,+1.50%
6703.TWO,-2.19%,-0.34%,+0.17%,+1.55%,-0.17%,-0.17%,-0.68%,-0.17%,-0.69%,-0.35%
6423.TWO,-0.45%,-11.00%,+19.00%,-3.00%,-6.19%,-6.19%,-1.42%,+3.83%,-5.53%,+0.00%
6816.TWO,+0.00%,-2.62%,+4.84%,-1.03%,+0.00%,+0.00%,-3.11%,+0.36%,+0.00%,-0.53%
4198.TWO,-1.16%,-0.85%,+2.37%,-1.37%,-1.17%,-1.17%,+0.22%,+0.86%,-3.41%,-0.22%
4157.TWO,-0.33%,+0.33%,+0.33%,+2.98%,+0.64%,+0.64%,-0.32%,-0.64%,-1.94%,-0.99%
6546.TWO,+5.04%,-0.68%,+0.00%,+0.69%,+2.40%,+2.40%,-1.34%,+3.73%,-0.98%,+1.98%
5398.TWO,-1.13%,-0.86%,+1.15%,+0.28%,+0.28%,+0.28%,-0.28%,+0.57%,-0.85%,-0.57%
4714.TWO,+2.15%,-1.17%,-0.47%,-0.48%,+1.44%,+1.44%,-0.47%,+2.84%,-3.23%,-1.19%
5432.TWO,+3.32%,+2.25%,-0.94%,+9.84%,-0.58%,-0.58%,+9.88%,+3.70%,+0.51%,+3.55%
6474.TWO,+0.00%,+0.00%,+0.00%,+0.00%,+0.00%,+0.00%,+0.00%,+0.00%,+0.00%,+0.00%
2734.TWO,+0.48%,-0.24%,+2.13%,-2.44%,-1.55%,-1.55%,-3.02%,-1.12%,-2.77%,+2.98%
4527.TWO,-1.38%,-0.43%,+0.11%,-0.65%,+0.33%,+0.33%,+0.43%,-0.32%,-1.19%,-0.66%
4541.TWO,+2.98%,-0.96%,-0.65%,+0.98%,-1.13%,-1.13%,+0.82%,-1.14%,+3.61%,-1.90%
8450.TWO,-0.63%,+0.21%,-0.42%,+0.00%,+0.21%,+0.21%,+0.84%,-0.42%,+0.00%,-0.21%
6265.TWO,+0.41%,+2.88%,+1.20%,+9.88%,-4.32%,-4.32%,+1.88%,-2.21%,-1.89%,+2.31%
3206.TWO,+1.24%,-0.51%,+0.20%,+0.31%,+0.10%,+0.10%,+0.20%,+0.10%,-0.30%,+1.12%
5340.TWO,-0.52%,+1.57%,+3.70%,+1.19%,-0.20%,-0.20%,+0.00%,+2.75%,+9.94%,+2.78%
6879.TWO,+0.00%,-1.27%,-0.64%,+0.39%,+0.26%,+0.26%,-0.64%,+1.29%,-1.27%,+3.87%
2741.TWO,-0.36%,-0.37%,+0.37%,+1.65%,-1.08%,-1.08%,+0.36%,+0.91%,-0.54%,-1.26%
5302.TWO,+2.86%,+0.00%,+0.00%,+0.46%,-0.46%,-0.46%,+7.41%,-0.86%,-3.04%,+2.24%
8390.TWO,-1.06%,+2.33%,+2.80%,-1.53%,+4.84%,+4.84%,+2.15%,-1.78%,-4.28%,-1.55%
6535.TWO,+4.47%,-7.56%,+0.00%,+0.82%,-1.89%,-1.89%,+1.38%,-1.09%,+0.00%,+1.37%
5240.TWO,+0.00%,+0.00%,+0.00%,+0.00%,+0.00%,+0.00%,+0.00%,+0.00%,-7.26%,-10.93%
3672.TWO,-0.40%,+3.43%,-0.97%,-0.20%,-3.16%,-3.16%,+0.61%,+3.85%,-4.29%,+0.81%
5297.TWO,+4.63%,+3.57%,+1.10%,-0.95%,-0.28%,-0.28%,-1.38%,-1.96%,-3.57%,+0.44%
6720.TWO,+0.00%,+0.00%,-2.81%,+0.96%,+0.32%,+0.32%,+0.00%,+7.94%,-5.29%,-0.93%
8383.TWO,+2.92%,+0.00%,+0.62%,+0.61%,-0.49%,-0.49%,-0.86%,+1.48%,-0.73%,+0.49%
6895.TWO,-1.03%,+0.42%,-0.10%,-0.31%,+0.73%,+0.73%,+1.34%,+0.82%,-1.82%,+0.41%
4195.TWO,+0.00%,-1.56%,+0.53%,+2.37%,+2.06%,+2.06%,+0.50%,-1.25%,-0.76%,-0.77%
6651.TWO,+1.89%,-0.66%,-1.33%,-0.27%,+1.49%,+1.49%,+0.27%,+0.80%,-0.66%,+0.40%
6538.TWO,-1.57%,-1.33%,-5.38%,+3.12%,-2.20%,-2.20%,+2.82%,+0.00%,-2.19%,+2.80%
6228.TWO,+1.43%,-0.20%,-2.82%,-0.41%,+1.25%,+1.25%,+0.00%,+0.00%,-4.12%,+2.15%
7419.TWO,+19.39%,-13.31%,-13.77%,+0.00%,-5.76%,-5.76%,+11.94%,-1.24%,-5.28%,-0.80%
6275.TWO,-0.67%,+0.17%,-1.18%,+1.02%,+2.70%,+2.70%,+3.62%,+0.00%,+0.48%,-0.32%
6469.TWO,-1.41%,-0.89%,-0.18%,+0.36%,+0.00%,+0.00%,+1.26%,-0.36%,-0.36%,-0.36%
3659.TWO,-0.65%,-2.47%,-4.22%,+0.35%,-1.75%,-1.75%,+2.86%,+4.17%,-0.83%,-1.18%
5272.TWO,+2.31%,-0.45%,+0.45%,-0.15%,-1.21%,-1.21%,+0.92%,+0.30%,-2.72%,-0.62%
3631.TWO,-4.29%,+0.55%,+3.59%,+1.26%,-1.76%,-1.76%,-1.69%,+1.72%,+0.00%,+0.63%
6872.TWO,-0.66%,-0.50%,+0.66%,-0.33%,-0.83%,-0.83%,-0.50%,+0.34%,-4.85%,+1.23%
6613.TWO,+1.25%,+2.46%,-1.44%,-2.20%,-1.00%,-1.00%,+0.50%,+0.50%,-0.75%,+0.25%
5443.TWO,-1.31%,+1.89%,+0.93%,-0.55%,-1.11%,-1.11%,+3.18%,+9.98%,-5.78%,+3.85%
00888.TWO,+0.19%,+0.90%,+0.32%,+0.06%,+0.06%,+0.06%,+0.19%,+2.15%,+1.05%,-0.31%
3611.TWO,+0.44%,-0.44%,-0.66%,+0.00%,+0.45%,+0.45%,-0.44%,+0.22%,+0.00%,-0.22%
6219.TWO,-5.77%,-0.26%,+2.56%,+3.87%,-1.56%,-1.56%,-1.83%,-0.62%,-3.25%,+0.78%
6997.TWO,+0.00%,+0.00%,+0.00%,+0.00%,+0.00%,+0.00%,+0.00%,+0.00%,-0.35%,+0.00%
3713.TWO,-0.23%,+0.23%,-0.69%,+2.53%,-2.47%,-2.47%,+0.00%,-0.23%,-0.23%,-1.16%
6564.TWO,+0.15%,-0.44%,+0.29%,-1.02%,+0.29%,+0.29%,-1.76%,+0.30%,+0.90%,-0.59%
5523.TWO,-0.17%,+0.67%,+0.66%,+2.47%,-1.45%,-1.45%,-1.14%,-0.50%,-1.16%,+0.17%
8054.TWO,+9.85%,+3.32%,-0.32%,+2.26%,-1.58%,-1.58%,-0.64%,+1.61%,-4.13%,+0.66%
3680.TWO,-2.04%,+0.25%,+0.86%,+0.61%,-1.81%,-1.81%,+1.10%,+1.09%,-1.92%,-0.73%
00761B.TWO,-0.05%,+0.11%,+1.03%,-0.16%,-0.55%,-0.55%,-0.05%,+0.08%,-0.05%,-0.44%
4171.TWO,-1.26%,+0.48%,+0.16%,+0.95%,+0.16%,+0.16%,+0.31%,+2.04%,-0.31%,-0.15%
4154.TWO,-3.73%,+0.78%,+1.15%,+0.00%,+0.00%,+0.00%,-1.14%,+1.15%,-0.38%,-0.38%
8093.TWO,+0.00%,+0.00%,-1.39%,+3.66%,+1.63%,+1.63%,+9.89%,+6.57%,-3.42%,+0.47%
6705.TWO,+0.00%,+0.00%,+0.00%,+0.00%,+0.00%,+0.00%,-4.53%,+4.42%,+4.23%,+0.00%
5348.TWO,-1.00%,+2.69%,+9.84%,-8.06%,-2.60%,-2.60%,-9.67%,-6.64%,-6.32%,+9.70%
5371.TWO,+4.12%,+0.00%,+1.49%,+0.49%,-3.59%,-3.59%,+4.23%,+9.66%,+0.44%,-0.44%
3541.TWO,+0.34%,-1.54%,+0.00%,+0.52%,+3.99%,+3.99%,+4.17%,+0.64%,-0.64%,+2.40%
4711.TWO,-0.58%,+0.00%,+0.87%,-0.86%,-0.58%,-0.58%,+0.00%,+0.00%,-1.17%,+0.89%
5604.TWO,-0.50%,+0.25%,+0.25%,+0.00%,+0.13%,+0.13%,+0.75%,+0.00%,+1.61%,+0.00%
6580.TWO,-2.43%,-0.26%,-1.05%,+1.59%,-0.78%,-0.78%,-1.05%,-1.20%,-0.40%,+0.00%
6488.TWO,-0.58%,+0.00%,+0.78%,+0.39%,+0.96%,+0.96%,-1.34%,+0.58%,+0.00%,+0.96%
4147.TWO,+1.04%,-1.14%,+0.58%,+0.92%,-0.57%,-0.57%,+0.92%,+0.57%,-1.58%,+0.11%
3191.TWO,+0.00%,-3.03%,+0.00%,+0.00%,+0.00%,+0.00%,-0.96%,-0.24%,+2.19%,-2.38%
6547.TWO,-0.38%,-0.57%,+2.86%,+1.48%,-1.28%,-1.28%,-0.37%,-0.19%,-1.30%,-2.64%
6434.TWO,+0.26%,-5.01%,+4.72%,+0.00%,-0.53%,-0.53%,-1.07%,+1.08%,+0.27%,+0.00%
4166.TWO,+0.39%,+2.73%,-0.19%,+2.10%,+4.29%,+4.29%,-0.54%,-0.72%,+1.09%,-1.25%
6101.TWO,+1.10%,-0.43%,-1.20%,-0.22%,-2.55%,-2.55%,+4.20%,+0.11%,+0.11%,-0.44%
2596.TWO,-5.37%,+0.55%,+3.03%,+0.93%,+0.13%,+0.13%,-0.92%,-0.80%,-5.38%,+1.28%
8917.TWO,+0.17%,-0.17%,+0.00%,+0.34%,+0.17%,+0.17%,+0.00%,+0.34%,-0.17%,-0.17%
6527.TWO,+1.10%,-0.61%,-0.37%,+0.49%,-0.12%,-0.12%,-0.12%,+0.98%,-1.33%,+0.49%
3684.TWO,+0.00%,+1.91%,+0.63%,-0.73%,+0.00%,+0.00%,+0.73%,+1.87%,-0.81%,+0.00%
6222.TWO,+0.00%,+0.00%,-2.41%,+0.53%,+1.75%,+1.75%,+0.00%,-1.38%,+0.87%,-0.17%
3227.TWO,+0.00%,+4.92%,-1.56%,+1.27%,-0.31%,-0.31%,+1.57%,+3.10%,-4.50%,+0.00%
6621.TWO,-1.82%,-0.37%,-1.86%,+0.38%,+1.51%,+1.51%,-3.35%,-0.77%,-2.33%,+0.00%
4168.TWO,+1.40%,-0.59%,-0.60%,+2.00%,-0.39%,-0.39%,+0.20%,-0.20%,-1.57%,-0.40%
4420.TWO,-0.51%,-1.02%,-1.44%,+1.25%,+0.82%,+0.82%,-1.53%,+0.93%,+0.82%,+1.12%
7718.TWO,-0.98%,+0.99%,-1.57%,+0.40%,+0.60%,+0.60%,-1.19%,+0.60%,-2.79%,+1.43%
8227.TWO,+9.98%,-1.59%,+4.38%,-1.77%,-2.70%,-2.70%,-0.46%,-0.23%,-3.26%,+3.37%
00864B.TWO,-0.13%,-0.37%,-0.33%,+0.18%,+0.07%,+0.07%,+0.22%,-0.09%,-0.18%,+0.15%
5291.TWO,+0.37%,-0.55%,+0.00%,+0.00%,+0.18%,+0.18%,-0.91%,+0.55%,-0.55%,+0.37%
3467.TWO,+0.77%,+0.00%,-1.53%,+1.36%,+0.96%,+0.96%,+2.47%,+5.75%,-2.46%,+1.44%
6109.TWO,-0.70%,+0.35%,+1.05%,+0.35%,-1.03%,-1.03%,+0.70%,+0.00%,-1.73%,+0.00%
6976.TWO,+0.72%,+0.90%,-0.71%,-1.25%,+0.36%,+0.36%,+1.44%,-1.07%,-0.18%,-0.54%
6725.TWO,-0.32%,+0.00%,+4.50%,-0.92%,-0.93%,-0.93%,-1.57%,+0.32%,-0.95%,+0.64%
8455.TWO,+2.89%,+0.00%,-5.02%,-1.27%,-3.43%,-3.43%,+5.32%,+1.89%,-0.62%,+0.21%
4130.TWO,+0.84%,+0.00%,+0.00%,+1.26%,+0.83%,+0.83%,-1.02%,-0.21%,-0.62%,+0.21%
3205.TWO,+0.00%,+0.49%,+0.37%,+0.36%,-1.09%,-1.09%,+0.24%,-0.12%,-1.47%,+0.25%
6894.TWO,+1.11%,-0.22%,+0.88%,+2.83%,-0.85%,-0.85%,+2.78%,+0.21%,-1.66%,+0.00%
00937B.TWO,+0.00%,-0.06%,+1.02%,-0.04%,-0.25%,-0.25%,-0.06%,+0.13%,-0.19%,-0.38%
6125.TWO,+2.20%,-2.37%,-0.11%,+1.43%,+4.13%,+4.13%,+9.60%,-0.95%,+9.62%,+4.39%
6220.TWO,-0.63%,-0.21%,+0.43%,+0.21%,+0.00%,+0.00%,+0.00%,+0.63%,-0.42%,+0.00%
4582.TWO,+1.01%,-0.67%,-0.67%,-0.51%,-1.19%,-1.19%,-0.69%,+0.69%,-0.17%,-0.52%
3095.TWO,+0.43%,+1.42%,-5.17%,+1.03%,-1.61%,-1.61%,+8.31%,-6.44%,-0.88%,+2.36%
4911.TWO,+1.57%,-0.51%,-0.34%,+0.17%,-0.69%,-0.69%,+0.69%,+0.69%,-0.68%,+0.17%
6198.TWO,-1.53%,+0.34%,+2.74%,+4.51%,-2.24%,-2.24%,-1.96%,-1.67%,-3.73%,+0.70%
6884.TWO,+0.00%,+0.00%,+0.00%,+0.00%,+0.00%,+0.00%,-1.17%,+0.00%,+0.00%,+3.57%
6922.TWO,+1.20%,+0.79%,+2.75%,-1.53%,+0.39%,+0.39%,-0.39%,+0.39%,+6.95%,-0.36%
4194.TWO,+4.62%,-4.17%,+4.35%,+0.49%,+2.20%,+2.20%,-0.72%,+0.96%,-3.10%,-0.49%
8255.TWO,+0.81%,-0.27%,-0.27%,+0.00%,-1.08%,-1.08%,+0.82%,+1.89%,+0.26%,+7.12%
6612.TWO,+0.40%,-1.20%,-0.41%,+1.22%,+2.02%,+2.02%,-0.79%,+1.99%,+3.13%,-1.89%
6560.TWO,-0.52%,-0.17%,+0.00%,+0.70%,+0.87%,+0.87%,-0.69%,+1.04%,-2.05%,-0.17%
8299.TWO,-6.25%,+0.51%,+0.17%,-1.36%,+0.52%,+0.52%,+0.00%,-1.20%,-1.39%,+0.88%
6144.TWO,-10.07%,-0.50%,-1.25%,+0.00%,+1.01%,+1.01%,-1.00%,-0.25%,+9.64%,+9.95%
3555.TWO,+9.97%,-10.58%,+1.41%,-0.83%,+5.60%,+5.60%,+0.53%,-3.03%,-3.81%,+1.70%
3551.TWO,+3.77%,-1.36%,+0.46%,+0.00%,+0.00%,+0.00%,+3.67%,-1.77%,-8.56%,+0.99%
3570.TWO,+0.00%,+0.00%,+0.30%,+0.29%,+2.06%,+2.06%,-0.58%,-0.58%,-1.17%,-0.59%
2949.TWO,-1.10%,-0.81%,+1.53%,-2.51%,+1.75%,+1.75%,+1.11%,-0.70%,+0.61%,-1.60%
3207.TWO,-1.02%,+3.45%,+2.00%,-1.96%,+1.67%,+1.67%,-4.26%,-4.79%,-2.88%,+1.85%
6470.TWO,+0.54%,+1.07%,-0.53%,+0.53%,+0.35%,+0.35%,+0.53%,+0.88%,-1.57%,+1.06%
3067.TWO,+9.88%,+0.99%,+0.00%,-8.17%,+9.96%,+9.96%,-8.82%,+9.93%,-12.53%,+2.89%
4939.TWO,-0.23%,+0.46%,+0.23%,+0.91%,-0.23%,-0.23%,+1.59%,+0.45%,-1.33%,+0.68%
8401.TWO,-0.53%,-2.33%,-0.37%,+0.00%,+0.74%,+0.74%,+0.73%,-1.45%,-2.57%,+5.09%
3567.TWO,+0.00%,+0.12%,+0.24%,-0.84%,-0.61%,-0.61%,+0.37%,+1.34%,-0.24%,+0.12%
3678.TWO,-0.21%,-0.96%,-1.08%,+0.00%,-2.39%,-2.39%,-0.89%,-1.46%,-1.71%,-2.55%
4577.TWO,+0.00%,-0.50%,+1.76%,-2.48%,+0.51%,+0.51%,+1.01%,+10.00%,+7.50%,-0.21%
2640.TWO,+0.83%,-0.41%,-0.82%,+0.00%,-0.41%,-0.41%,+0.83%,+0.00%,-0.83%,+0.00%
6616.TWO,-3.41%,+3.21%,+4.04%,-2.69%,-1.84%,-1.84%,+0.00%,-1.25%,-1.90%,+2.90%
3217.TWO,+3.17%,+0.00%,+2.46%,-1.20%,-1.82%,-1.82%,+0.62%,+3.08%,-1.49%,+0.30%
4172.TWO,+2.49%,-1.22%,+0.92%,-0.30%,-0.61%,-0.61%,-0.92%,+1.24%,-1.53%,-0.31%
3492.TWO,-0.51%,+4.34%,+3.67%,+0.24%,-0.47%,-0.47%,-2.36%,+0.00%,-2.91%,+0.25%
6555.TWO,+0.57%,-0.85%,-0.28%,+0.86%,-0.57%,-0.57%,-1.42%,-0.58%,+0.58%,-0.29%
1594.TWO,+0.12%,-0.61%,+3.46%,+0.00%,+0.00%,+0.00%,+0.12%,+4.89%,+0.00%,+0.11%
6134.TWO,+0.95%,-1.18%,-1.19%,-0.48%,+0.24%,+0.24%,+1.69%,+3.10%,-2.08%,-0.71%
4534.TWO,-2.13%,+0.87%,+0.43%,-0.43%,+3.45%,+3.45%,+3.75%,-2.81%,-1.65%,+1.68%
6833.TWO,-3.52%,+1.82%,+0.36%,-0.18%,+0.18%,+0.18%,+0.00%,+0.00%,-0.71%,+0.72%
5236.TWO,+3.78%,-0.33%,-1.00%,+6.04%,-1.58%,-1.58%,+0.00%,+1.61%,-3.80%,+3.29%
4113.TWO,-5.09%,-2.58%,+2.43%,+3.20%,+0.90%,+0.90%,-2.18%,+1.62%,-1.40%,+0.10%
4131.TWO,-1.12%,-0.32%,+0.16%,+0.16%,+2.58%,+2.58%,-0.94%,+0.00%,-1.27%,+0.48%
6462.TWO,+3.64%,+8.57%,-2.83%,-1.25%,+1.05%,+1.05%,-2.30%,+1.50%,-2.95%,+0.87%
3687.TWO,+0.84%,+0.10%,+0.83%,+7.03%,+0.00%,+0.00%,-1.45%,+1.96%,-1.44%,-1.95%
6899.TWO,+0.63%,-0.31%,+0.79%,-1.25%,+0.16%,+0.16%,+0.00%,+0.47%,+0.63%,-1.25%
3147.TWO,+2.33%,+0.38%,+0.38%,-1.51%,-0.38%,-0.38%,-0.77%,+2.71%,-1.89%,+0.77%
3520.TWO,+2.58%,-2.77%,-0.52%,+1.04%,+3.87%,+3.87%,-2.73%,+2.55%,-1.74%,+2.78%
4523.TWO,+0.38%,-0.19%,+0.38%,+0.94%,-2.24%,-2.24%,-0.96%,+3.47%,+0.00%,+4.48%
6911.TWO,-1.00%,+2.63%,-1.38%,-0.40%,-0.30%,-0.30%,+0.30%,+1.81%,-1.38%,+1.00%
6156.TWO,+0.00%,+0.00%,+1.70%,+0.42%,+1.04%,+1.04%,-0.62%,+0.41%,-0.41%,+1.86%
6506.TWO,-2.15%,-1.10%,+4.72%,+0.27%,-0.79%,-0.79%,-0.53%,-1.34%,-1.09%,+0.00%
4702.TWO,-0.37%,-0.37%,+0.37%,+0.00%,-0.37%,-0.37%,+0.00%,+0.37%,-1.49%,+1.89%
2740.TWO,+0.00%,-2.64%,+0.14%,+0.00%,+1.14%,+1.14%,+0.00%,-2.39%,+0.00%,+0.00%
2942.TWO,-2.86%,+2.71%,+0.23%,+0.69%,-0.68%,-0.68%,-0.11%,-0.46%,+0.00%,-0.58%
6967.TWO,+0.00%,+3.28%,-0.55%,-0.14%,+1.11%,+1.11%,-1.10%,-0.69%,+1.26%,-0.14%
2237.TWO,+0.00%,-2.03%,-2.07%,+1.35%,-1.52%,-1.52%,+0.19%,+0.00%,-0.77%,+0.78%
5487.TWO,-1.00%,+2.52%,-2.30%,+0.67%,+0.17%,+0.17%,+0.50%,-0.33%,-0.33%,-0.67%
4549.TWO,+5.69%,+9.87%,+9.80%,-5.58%,+9.84%,+9.84%,+1.79%,+3.52%,-5.78%,+6.50%
6622.TWO,-1.06%,+0.36%,-0.36%,+1.07%,+1.06%,+1.06%,+1.40%,-2.07%,-1.41%,+0.00%
6798.TWO,-0.17%,+0.00%,+0.00%,+1.40%,-1.90%,-1.90%,+2.64%,+0.17%,-4.27%,+0.00%
8096.TWO,+0.60%,+9.96%,+0.00%,+0.68%,-0.94%,-0.94%,+2.85%,-2.37%,-2.83%,-0.56%
6510.TWO,-1.40%,-1.20%,+0.44%,-0.33%,-0.44%,-0.44%,-0.89%,+2.02%,-1.32%,+0.45%
6945.TWO,+0.17%,+1.01%,-1.00%,+0.17%,+0.84%,+0.84%,+0.00%,-0.33%,+0.00%,+0.33%
4163.TWO,-0.84%,+0.84%,-0.84%,+0.42%,-0.42%,-0.42%,+0.00%,+0.42%,+0.00%,+1.26%
5450.TWO,-3.29%,+1.22%,+1.92%,+0.00%,-1.42%,-1.42%,+1.91%,+2.11%,-3.22%,+1.66%
4304.TWO,+3.81%,+0.00%,+0.00%,-2.45%,+1.46%,+1.46%,+3.09%,+5.40%,-2.28%,+7.77%
9950.TWO,-1.25%,-0.63%,-0.96%,+0.64%,+0.64%,+0.64%,-0.95%,+0.64%,-2.55%,+0.33%
6786.TWO,+0.40%,-8.86%,+1.47%,+4.93%,-0.14%,-0.14%,-2.63%,-0.14%,-1.42%,-1.73%
00746B.TWO,-0.14%,-0.05%,+1.07%,-0.16%,-0.33%,-0.33%,-0.05%,+0.08%,-0.11%,-0.38%
3230.TWO,+9.89%,+2.25%,+5.66%,-1.79%,-2.42%,-2.42%,-9.63%,+1.72%,-3.72%,+0.35%
6170.TWO,-0.37%,+0.00%,+0.00%,+1.48%,-0.18%,-0.18%,-1.46%,+0.00%,-0.93%,+0.00%
1343.TWO,+4.40%,+0.45%,+0.30%,-1.34%,+1.36%,+1.36%,+10.45%,+7.84%,+10.03%,-5.01%
6727.TWO,+0.31%,+5.48%,+0.14%,-1.73%,-0.88%,-0.88%,+1.63%,+0.15%,-1.60%,+0.89%
3363.TWO,+1.88%,+9.96%,-4.36%,-1.75%,-2.14%,-2.14%,+0.00%,+9.85%,+1.33%,+2.30%
6121.TWO,-0.12%,-2.11%,+2.53%,-0.62%,-0.12%,-0.12%,+0.75%,+2.22%,-1.45%,+0.00%
2760.TWO,+0.16%,-1.61%,+0.00%,+1.48%,+1.62%,+1.62%,+4.93%,+0.45%,+0.60%,+0.45%
00886.TWO,+0.00%,+0.32%,+1.32%,-0.03%,+0.51%,+0.51%,+0.76%,+0.00%,+0.66%,-0.50%
6986.TWO,+4.93%,+0.28%,-0.14%,-1.14%,+0.86%,+0.86%,+0.28%,+0.71%,+0.42%,+0.56%
6549.TWO,-0.41%,-1.67%,+0.00%,+0.42%,+2.53%,+2.53%,+1.65%,-2.83%,+0.00%,-0.83%
6229.TWO,+5.54%,-2.07%,+0.00%,+4.37%,+4.73%,+4.73%,-1.42%,+9.82%,-4.29%,+0.00%
6938.TWO,+0.55%,-1.52%,+0.99%,-0.77%,+1.32%,+1.32%,+0.00%,-0.65%,+0.66%,-2.17%
6679.TWO,+9.91%,+2.92%,+0.52%,+0.64%,-2.04%,-2.04%,+0.13%,+6.10%,-0.98%,+7.66%
4950.TWO,+0.00%,+0.00%,+0.00%,+0.00%,+0.00%,+0.00%,+0.00%,+0.00%,+0.00%,+0.00%
6697.TWO,+1.80%,+1.04%,-0.93%,-0.10%,-0.62%,-0.62%,+0.42%,+0.73%,+9.84%,-1.89%
6523.TWO,+1.98%,-1.67%,+5.08%,+0.27%,-0.54%,-0.54%,+1.08%,-1.33%,-1.89%,+0.00%
3276.TWO,-7.71%,-2.43%,+0.55%,+0.00%,+1.65%,+1.65%,-0.27%,-1.08%,-3.29%,-0.28%
3162.TWO,-4.28%,-4.76%,+1.21%,-0.90%,-0.15%,-0.15%,+0.45%,+0.90%,-5.07%,-1.57%
7703.TWO,+0.27%,-0.82%,+0.83%,+0.00%,-0.82%,-0.82%,-1.10%,-0.28%,-2.24%,+0.57%
3491.TWO,+3.37%,+3.50%,+1.58%,+2.00%,-0.87%,-0.87%,+9.87%,+4.19%,+3.83%,+7.01%
00857B.TWO,+0.08%,+0.16%,+1.27%,-0.16%,-0.51%,-0.51%,-0.16%,+0.32%,-0.04%,-0.35%
5864.TWO,-0.64%,+0.21%,+1.07%,-0.84%,+0.64%,+0.64%,-2.75%,+0.22%,-3.04%,+0.22%
6583.TWO,-1.61%,+1.63%,+0.00%,+1.29%,+1.59%,+1.59%,+4.38%,+5.69%,+8.22%,-3.40%
5016.TWO,-0.35%,+0.18%,+0.18%,+0.35%,-0.18%,-0.18%,-0.18%,+0.00%,-0.35%,-0.18%
6785.TWO,+2.29%,+9.96%,-3.70%,+7.49%,-3.57%,-3.57%,+0.00%,-4.07%,-2.32%,+8.70%
6603.TWO,+0.00%,-0.30%,+0.00%,-0.30%,+1.83%,+1.83%,+0.00%,+0.30%,-1.19%,-0.60%
3483.TWO,-0.61%,-0.61%,-0.93%,+5.92%,+2.35%,+2.35%,+3.16%,+4.46%,-0.80%,+1.34%
6417.TWO,+0.00%,+0.00%,-0.93%,+0.47%,+0.00%,+0.00%,+0.00%,-0.47%,-0.47%,+0.00%
6208.TWO,-0.54%,-0.72%,-0.54%,+0.00%,+1.09%,+1.09%,-0.72%,+1.63%,-1.07%,+0.18%
6274.TWO,+0.87%,+0.87%,+2.01%,-0.56%,+0.28%,+0.28%,-2.25%,+1.73%,-3.68%,+0.59%
6539.TWO,+1.11%,+1.10%,+0.00%,-1.52%,+0.00%,+0.00%,-0.99%,-0.11%,+2.57%,-1.85%
8183.TWO,+0.71%,-0.47%,-1.18%,+0.59%,-0.24%,-0.24%,+0.12%,+1.78%,-1.63%,+0.12%
8277.TWO,-0.40%,+0.00%,-0.80%,+1.62%,-0.40%,-0.40%,+0.40%,+1.59%,-2.35%,+4.02%
1480.TWO,-1.26%,+0.00%,-0.43%,+0.00%,+0.00%,+0.00%,+0.43%,+0.00%,+0.85%,+0.00%
5392.TWO,+3.75%,+9.91%,+9.87%,-2.34%,+0.40%,+0.40%,+9.96%,+4.35%,-9.84%,+1.67%
4105.TWO,-1.14%,-0.13%,-0.51%,+0.26%,+0.39%,+0.39%,+0.39%,-0.13%,-1.28%,+0.52%
4767.TWO,+0.65%,+0.81%,-0.80%,+0.97%,-0.80%,-0.80%,-0.81%,+0.97%,+0.00%,+0.00%
5262.TWO,-4.61%,+1.29%,-1.59%,-0.65%,-1.14%,-1.14%,-0.33%,+0.00%,-0.83%,+0.50%
1271.TWO,+0.00%,+1.74%,-0.43%,-0.43%,+0.43%,+0.43%,-1.29%,-0.87%,+0.88%,-0.87%
6227.TWO,-0.16%,+9.94%,+1.84%,+1.80%,-1.09%,-1.09%,-1.93%,+2.11%,-1.65%,+0.42%
3228.TWO,+2.68%,-3.69%,+9.89%,+9.87%,+0.26%,+0.26%,-3.56%,-2.19%,-2.23%,+1.14%
00772B.TWO,-0.11%,+0.11%,+0.99%,-0.18%,-0.37%,-0.37%,-0.03%,+0.08%,-0.11%,-0.42%
6020.TWO,-0.52%,+0.26%,+0.00%,+0.00%,-0.26%,-0.26%,+0.26%,+0.00%,-0.26%,+0.26%
6758.TWO,+0.00%,-0.35%,+3.15%,+2.38%,+0.00%,+0.00%,+0.00%,-4.31%,+0.00%,+2.77%
6270.TWO,+1.28%,-0.63%,-1.06%,+1.07%,-0.21%,-0.21%,+0.64%,-0.42%,-1.06%,+7.30%
8927.TWO,+0.00%,-3.37%,-0.79%,+0.48%,-0.48%,-0.48%,+0.00%,+0.16%,-1.76%,+0.49%
6787.TWO,-0.54%,-0.54%,+2.45%,-1.86%,-0.54%,-0.54%,-1.90%,+0.00%,+3.05%,+0.54%
8440.TWO,-1.42%,-0.24%,+1.81%,-2.69%,+0.24%,+0.24%,+1.09%,-1.32%,-2.80%,+0.25%
6021.TWO,+2.19%,+0.27%,+0.53%,+0.00%,+0.00%,+0.00%,+0.27%,+2.65%,+0.26%,+0.00%
3272.TWO,+0.00%,-1.97%,+0.67%,-0.33%,-0.67%,-0.67%,-0.84%,+1.86%,-0.83%,-0.50%
6929.TWO,+0.00%,-0.14%,-0.14%,+0.56%,+0.70%,+0.70%,+0.00%,-0.55%,-0.56%,+0.00%
4745.TWO,-0.63%,-0.21%,+0.21%,+1.06%,+0.21%,+0.21%,+0.63%,+0.00%,-0.42%,+0.00%
5381.TWO,-1.47%,+0.00%,+1.34%,+1.03%,+2.33%,+2.33%,+0.14%,-2.55%,-1.46%,+0.15%
8121.TWO,+1.70%,+3.77%,-1.48%,+0.41%,+0.41%,+0.41%,+3.11%,-2.76%,+0.54%,+1.07%
00780B.TWO,-0.03%,-0.35%,+0.48%,+0.24%,-0.11%,-0.11%,+0.13%,-0.03%,-0.13%,-0.22%
3630.TWO,+0.17%,-0.51%,+0.68%,+1.85%,-0.99%,-0.99%,+1.34%,+0.33%,-1.64%,-0.17%
6565.TWO,-3.16%,-7.97%,-4.72%,+1.65%,+6.30%,+6.30%,-2.29%,-1.57%,+0.40%,+0.20%
8040.TWO,-0.14%,-3.12%,-0.28%,-0.84%,+3.12%,+3.12%,+0.69%,+9.96%,-1.74%,+2.40%
8067.TWO,+3.08%,+1.19%,-2.95%,+0.30%,-0.91%,-0.91%,+9.79%,-1.95%,-5.97%,+2.42%
6891.TWO,-0.66%,+1.51%,-1.48%,+1.34%,-1.32%,-1.32%,+1.00%,+0.17%,+2.31%,-0.32%
7723.TWO,-2.42%,+1.65%,-0.81%,+0.41%,-0.41%,-0.41%,+1.23%,+0.81%,-1.20%,+0.00%
6662.TWO,+1.00%,-1.41%,+0.14%,-1.28%,+0.29%,+0.29%,+0.29%,+0.86%,-1.28%,+0.87%
3349.TWO,-1.84%,-0.62%,-0.63%,+0.84%,+0.42%,+0.42%,+0.42%,+0.00%,-1.24%,+0.00%
6629.TWO,+9.76%,-5.78%,+0.00%,-3.30%,+9.76%,+9.76%,-4.00%,+8.80%,-1.28%,+4.31%
6584.TWO,+1.42%,-0.28%,+0.56%,+0.00%,+2.24%,+2.24%,+9.86%,+3.49%,+1.93%,+3.78%
3666.TWO,-0.94%,+1.22%,+0.13%,+0.67%,-1.19%,-1.19%,+0.27%,+0.00%,-7.90%,-0.73%
8298.TWO,+0.84%,-0.83%,+0.00%,+0.00%,+0.00%,+0.00%,+0.00%,+0.00%,+0.00%,+0.00%
5245.TWO,-0.91%,-0.76%,+0.00%,+1.23%,+1.52%,+1.52%,-0.60%,+1.20%,-1.19%,+0.00%
6237.TWO,+8.40%,+0.18%,-1.62%,+7.86%,-1.69%,-1.69%,+0.34%,+0.00%,-3.61%,-1.60%
3689.TWO,-1.28%,+8.23%,-2.27%,+4.37%,+0.26%,+0.26%,+0.65%,-1.81%,-1.58%,-0.54%
3354.TWO,+1.98%,-2.59%,+0.00%,+2.00%,+0.00%,+0.00%,+2.39%,-0.42%,-3.62%,+0.66%
8092.TWO,-0.58%,-4.26%,-0.61%,+0.41%,-1.42%,-1.42%,+0.41%,+4.92%,-2.34%,+8.60%
7712.TWO,+13.79%,+6.82%,+2.48%,+3.46%,-2.01%,-2.01%,+0.68%,+0.68%,+0.00%,-1.35%
2066.TWO,-2.48%,+0.36%,-3.26%,-2.62%,+1.54%,+1.54%,-1.89%,-0.39%,-1.55%,+3.15%
6709.TWO,-0.86%,+0.22%,-0.22%,+0.87%,-2.37%,-2.37%,-1.77%,+0.67%,+1.34%,+3.96%
5905.TWO,-1.23%,+0.00%,+0.42%,+0.41%,+0.00%,+0.00%,-0.41%,+1.66%,-2.04%,-0.42%
6664.TWO,+9.29%,+0.67%,-2.44%,+0.91%,+0.68%,+0.68%,+8.07%,-2.70%,-1.28%,+4.97%
6707.TWO,+0.00%,-0.83%,+1.26%,+1.04%,-0.62%,-0.62%,+1.24%,-2.04%,+0.00%,+0.00%
00867B.TWO,+0.12%,-0.06%,+1.15%,-0.03%,-0.48%,-0.48%,-0.03%,+0.30%,-0.15%,-0.33%
1569.TWO,-0.42%,+0.00%,+0.63%,+0.21%,+0.00%,+0.00%,+0.00%,+0.21%,-0.42%,-0.42%
6233.TWO,+2.06%,-0.14%,-0.43%,+1.74%,-2.29%,-2.29%,+1.32%,-0.29%,-2.75%,+1.19%
00687B.TWO,+0.10%,+0.13%,+1.25%,-0.19%,-0.52%,-0.52%,-0.13%,+0.23%,+0.00%,-0.39%
6465.TWO,-5.22%,+2.64%,-3.86%,+7.14%,-3.96%,-3.96%,-1.95%,+0.00%,-3.54%,+7.57%
4804.TWO,-1.23%,+0.25%,+0.75%,-0.50%,-1.49%,-1.49%,-0.51%,-1.52%,-2.06%,+0.00%
00877.TWO,-0.37%,-0.09%,+1.22%,-0.74%,+1.21%,+1.21%,+0.55%,-0.46%,-1.11%,-1.21%
3176.TWO,+2.20%,+0.63%,-0.13%,+5.79%,-2.38%,-2.38%,+1.83%,+8.26%,-5.64%,+0.59%
6559.TWO,+1.36%,-1.04%,+5.56%,+13.96%,+1.13%,+1.13%,-1.73%,+1.13%,+18.16%,+32.11%
3178.TWO,+3.37%,-0.47%,+3.27%,-0.45%,-1.36%,-1.36%,+0.00%,+1.38%,+0.45%,+0.45%
8043.TWO,+0.00%,+0.20%,-0.40%,+0.00%,+0.00%,+0.00%,+0.00%,+0.81%,+0.00%,-0.40%
3374.TWO,+0.86%,-1.28%,+0.43%,+0.00%,-0.86%,-0.86%,+0.00%,+2.16%,-1.27%,+2.58%
8086.TWO,+0.78%,-0.39%,+1.17%,-1.15%,+1.17%,+1.17%,-1.15%,+3.11%,-1.89%,+0.00%
8147.TWO,-0.96%,+0.97%,+0.48%,-1.90%,+0.49%,+0.49%,-0.48%,+1.94%,-1.90%,+9.71%
00725B.TWO,-0.05%,-0.03%,+0.94%,-0.11%,-0.19%,-0.19%,+0.05%,+0.08%,-0.19%,-0.35%
7443.TWO,+0.00%,+0.00%,+4.76%,-4.35%,+0.00%,+0.00%,+1.01%,+3.00%,+0.00%,+0.49%
3580.TWO,+1.76%,-2.69%,+0.20%,+0.39%,+0.98%,+0.98%,+4.86%,+5.38%,-0.70%,+1.24%
6292.TWO,+1.83%,+0.00%,-0.26%,+0.90%,-0.26%,-0.26%,-0.51%,+0.90%,-1.91%,+6.11%
3264.TWO,-1.10%,+0.69%,+1.24%,-2.72%,-0.14%,-0.14%,-0.70%,+2.11%,-1.93%,+2.11%
6939.TWO,-3.27%,+4.11%,+0.00%,-2.55%,+1.67%,+1.67%,-2.34%,-1.20%,-0.49%,-0.61%
8358.TWO,+1.41%,+6.48%,+1.74%,-1.42%,+3.32%,+3.32%,+0.14%,-1.26%,-2.40%,+1.74%
6983.TWO,+0.00%,-1.47%,-1.49%,-1.01%,-2.04%,-2.04%,+1.88%,-4.91%,+1.08%,-4.26%
5902.TWO,+0.29%,+0.15%,+0.29%,+0.59%,+0.29%,+0.29%,-0.15%,+0.00%,-0.29%,+0.58%
4303.TWO,+1.46%,-0.41%,-0.52%,+0.42%,-0.52%,-0.52%,-0.10%,+3.23%,-2.62%,+0.41%
7566.TWO,-0.50%,-0.50%,+1.00%,+0.33%,+0.00%,+0.00%,-0.33%,+0.00%,-1.32%,+0.17%
2756.TWO,+1.23%,-0.11%,-0.33%,-1.11%,+0.45%,+0.45%,+0.00%,-0.78%,+0.00%,-0.79%
6568.TWO,+2.90%,-1.76%,+1.43%,+0.35%,+0.00%,+0.00%,-1.41%,+1.43%,-1.41%,-0.36%
6174.TWO,-0.23%,+1.61%,+0.68%,-0.67%,+0.00%,+0.00%,+0.45%,+1.13%,-1.78%,+1.59%
5364.TWO,-0.84%,-0.56%,+2.27%,-0.28%,-0.28%,-0.28%,-2.51%,+0.86%,-3.41%,-0.59%
3623.TWO,+1.03%,-0.68%,-1.02%,+0.69%,-0.68%,-0.68%,+0.00%,+1.38%,+1.70%,-1.00%
6761.TWO,-0.11%,+1.50%,+0.95%,+0.21%,-0.42%,-0.42%,-0.31%,+0.21%,-3.04%,+1.19%
8929.TWO,+0.00%,+1.27%,+0.25%,+0.50%,+0.25%,+0.25%,-0.99%,+1.25%,+1.23%,+0.00%
2938.TWO,+0.22%,-2.00%,+1.36%,+2.69%,+2.62%,+2.62%,+2.13%,-2.08%,+0.53%,-1.16%
5483.TWO,+0.00%,+1.06%,+0.26%,+2.09%,+1.79%,+1.79%,+0.00%,+1.76%,-0.49%,+0.50%
6618.TWO,-0.58%,-0.59%,+0.29%,+0.59%,-1.17%,-1.17%,-0.30%,-1.78%,+6.34%,+3.41%
7561.TWO,+2.14%,-0.52%,+0.53%,+3.66%,-0.51%,-0.51%,+3.55%,+4.90%,+1.64%,+5.29%
3066.TWO,+0.00%,-1.45%,-0.49%,+0.49%,-0.49%,-0.49%,+0.99%,+2.44%,-2.38%,+0.00%
6825.TWO,+0.00%,-2.37%,+2.43%,+0.00%,+0.00%,+0.00%,+0.66%,+0.66%,-6.38%,+0.00%
3624.TWO,-0.19%,-0.77%,+0.97%,+0.96%,-0.38%,-0.38%,+1.34%,+0.00%,-2.83%,+0.97%
3085.TWO,-4.68%,+16.23%,-2.60%,-1.00%,+4.04%,+4.04%,+2.59%,-7.57%,+3.75%,-7.89%
8099.TWO,+1.06%,+0.30%,+0.45%,+1.04%,+0.15%,+0.15%,+0.59%,-0.44%,-0.88%,-0.15%
3073.TWO,-0.87%,+1.47%,+0.14%,+0.58%,+0.72%,+0.72%,+1.29%,+1.83%,+0.00%,-0.97%
6729.TWO,+2.66%,+0.00%,+1.30%,-0.26%,+0.00%,+0.00%,-2.56%,-3.16%,-1.09%,-1.10%
6744.TWO,-0.43%,+0.00%,-2.17%,+2.89%,-3.67%,-3.67%,+2.02%,+1.32%,-0.87%,+0.44%
8924.TWO,-0.64%,-0.54%,+1.30%,-0.85%,-0.86%,-0.86%,+0.98%,-0.43%,+0.11%,-0.22%
7709.TWO,+0.00%,+0.85%,+1.53%,+0.17%,+0.00%,+0.00%,-1.17%,+1.18%,+1.67%,+0.82%
1259.TWO,+0.81%,-0.67%,+0.40%,+0.00%,-0.40%,-0.40%,+0.00%,+0.00%,-1.21%,+0.00%
6498.TWO,+4.21%,+2.38%,-1.51%,-1.41%,-1.43%,-1.43%,+2.06%,-2.38%,-1.09%,+1.72%
7729.TWO,-2.19%,+0.00%,-2.08%,-0.33%,-0.49%,-0.49%,-0.49%,-0.17%,-1.16%,+0.17%
8087.TWO,+0.00%,-0.17%,-0.70%,-0.53%,-1.23%,-1.23%,-5.36%,+0.00%,-0.94%,-0.95%
6723.TWO,-3.32%,-0.82%,+0.55%,+1.93%,-2.30%,-2.30%,+0.69%,+0.27%,-0.55%,+2.62%
00887.TWO,-0.63%,-0.18%,-0.91%,-0.64%,+1.02%,+1.02%,-0.46%,+0.37%,-1.01%,-1.11%
2736.TWO,+1.08%,-1.24%,+5.40%,-1.19%,-5.57%,-5.57%,-2.28%,+0.18%,-3.05%,+0.37%
6868.TWO,+0.56%,+0.92%,+0.18%,-1.65%,+0.37%,+0.37%,+0.00%,+0.00%,+0.37%,-1.29%
5520.TWO,-1.04%,-1.86%,+0.12%,-0.71%,+0.00%,+0.00%,-1.55%,+0.85%,-0.84%,+0.61%
6932.TWO,+0.00%,-0.36%,-1.07%,-3.25%,-8.58%,-8.58%,-5.71%,-8.66%,-0.47%,+15.71%
4979.TWO,+0.41%,+0.82%,-2.44%,-0.42%,-0.42%,-0.42%,+0.00%,+9.66%,+9.96%,-2.79%
4553.TWO,+0.00%,+0.00%,+0.20%,+0.59%,-0.78%,-0.78%,+0.00%,-1.96%,-6.00%,+6.60%
4971.TWO,+1.73%,+1.39%,-3.05%,+0.63%,+2.03%,+2.03%,+0.31%,+0.61%,-2.28%,+1.56%
6425.TWO,-1.49%,-3.24%,+4.92%,-2.24%,-9.48%,-9.48%,-4.81%,+3.03%,-9.94%,-3.13%
6780.TWO,+1.27%,+0.00%,-6.25%,+3.67%,-3.54%,-3.54%,+0.00%,-1.00%,+0.00%,-5.72%
6649.TWO,-0.17%,-1.68%,+0.17%,-0.85%,+0.86%,+0.86%,+0.68%,+0.00%,+0.51%,-2.02%
5498.TWO,-0.36%,-1.45%,+4.06%,+1.42%,-2.45%,-2.45%,+1.79%,+9.86%,-0.32%,+9.97%
1785.TWO,-0.45%,+1.36%,+0.67%,-2.45%,+1.60%,+1.60%,+5.51%,+1.81%,-1.46%,-0.85%
3152.TWO,+0.45%,+0.00%,+0.90%,+1.12%,-0.88%,-0.88%,+0.45%,-0.89%,-0.45%,+0.67%
4502.TWO,-1.41%,-0.48%,-0.64%,-2.25%,-2.30%,-2.30%,+0.84%,-0.83%,+0.17%,+0.17%
4170.TWO,-1.66%,+1.01%,-0.33%,+1.68%,-0.99%,-0.99%,+0.33%,+0.33%,-0.66%,+0.00%
7578.TWO,-0.99%,+0.00%,-0.75%,-1.64%,-2.83%,-2.83%,+0.26%,+0.40%,-0.39%,+0.13%
6432.TWO,+12.52%,+0.42%,+0.14%,-0.98%,-1.13%,-1.13%,+0.14%,+0.29%,-0.28%,+1.00%
當年度平均,+0.38%,+0.14%,+0.76%,+0.38%,+0.04%,+0.04%,+0.25%,+0.62%,-0.87%,+0.49%
