股票代號,前第5天,前第4天,前第3天,前第2天,前第1天,後第1天,後第2天,後第3+天,後第4天,後第5天
6153.TW,+1.39%,+4.47%,-1.64%,-0.33%,+0.00%,+0.00%,+9.73%,+8.26%,-5.37%,-2.99%
8261.TW,+2.73%,+4.97%,+0.55%,+0.77%,+0.65%,+0.65%,-0.43%,+0.33%,-0.22%,+0.43%
6205.TW,+3.23%,+1.23%,+0.00%,-0.27%,+1.21%,+1.21%,-0.40%,-0.80%,-0.13%,+0.68%
1789.TW,+0.23%,+3.15%,-1.09%,-0.66%,-0.89%,-0.89%,+0.22%,+1.79%,+0.66%,-0.44%
911608.TW,-0.57%,+1.15%,-0.28%,-0.85%,-0.57%,-0.57%,+0.58%,+0.86%,-1.42%,+0.58%
6924.TW,+0.00%,+0.00%,-2.65%,+3.30%,-0.99%,-0.99%,+0.44%,,,+1.13%
3044.TW,+0.00%,+1.03%,+1.02%,-0.25%,+0.25%,+0.25%,-1.01%,+1.02%,+0.25%,-0.25%
3011.TW,+0.28%,-1.12%,+0.57%,-1.13%,-1.42%,-1.42%,+1.16%,+10.00%,+0.52%,-2.33%
00876.TW,+1.13%,+1.62%,+0.33%,-0.15%,+0.51%,+0.51%,-0.46%,+0.03%,+0.26%,+0.66%
00676R.TW,-1.90%,-0.97%,+0.00%,+0.00%,+0.00%,+0.00%,+0.00%,+0.00%,+0.00%,+0.00%
4961.TW,+1.55%,+0.65%,+0.00%,+0.87%,-1.50%,-1.50%,-0.22%,+1.75%,+0.00%,+0.00%
2012.TW,+1.00%,+0.40%,-1.38%,+5.40%,-3.23%,-3.23%,-1.18%,+1.98%,+0.39%,+1.16%
8114.TW,+3.29%,-0.16%,+0.96%,-3.32%,-1.96%,-1.96%,+5.68%,+0.00%,-2.37%,+0.49%
8028.TW,+2.15%,+2.10%,+0.82%,-0.41%,-1.23%,-1.23%,+0.83%,+9.88%,+5.24%,+3.20%
6443.TW,+1.47%,+2.32%,-1.42%,+0.86%,-1.42%,-1.42%,+0.29%,+3.17%,+3.35%,+0.54%
2748.TW,+0.50%,-0.66%,+2.00%,-0.82%,+0.00%,+0.00%,+0.66%,+0.16%,-0.33%,+0.16%
6525.TW,+2.78%,+1.28%,+0.28%,-0.14%,+0.00%,+0.00%,-1.26%,+1.14%,+0.00%,+0.00%
1802.TW,+1.22%,+7.53%,-1.40%,-0.57%,-4.86%,-4.86%,-0.30%,+4.82%,-1.44%,-1.17%
9938.TW,+3.75%,+3.47%,+2.94%,-3.53%,+2.11%,+2.11%,-2.21%,+0.42%,+1.40%,-2.22%
00635U.TW,+1.41%,-0.03%,+0.06%,+0.46%,+1.41%,+1.41%,-1.18%,+1.53%,+0.24%,-1.38%
2408.TW,+0.92%,+0.91%,+3.78%,-2.78%,-1.43%,-1.43%,+1.09%,+9.86%,+5.38%,+6.35%
2504.TW,+0.00%,+0.34%,-0.91%,-1.84%,-0.94%,-0.94%,+0.24%,-0.59%,-0.24%,+0.60%
5546.TW,+1.36%,+0.17%,+0.00%,-2.34%,+0.34%,+0.34%,+0.17%,+0.51%,-0.68%,+1.19%
2395.TW,+10.00%,-0.48%,+0.24%,-0.61%,+0.00%,+0.00%,-0.24%,-1.35%,-0.62%,+0.37%
3050.TW,+2.17%,+0.91%,+0.00%,+0.60%,-0.90%,-0.90%,+0.00%,+2.41%,+1.18%,+0.00%
6591.TW,+0.56%,-0.37%,-0.56%,+1.31%,+3.52%,+3.52%,+0.00%,-1.07%,-0.54%,+7.27%
6176.TW,+2.04%,+0.25%,-0.25%,-1.50%,+0.76%,+0.76%,-3.53%,+1.57%,-1.54%,+0.78%
00757.TW,+0.76%,+1.41%,-0.09%,+0.05%,+0.65%,+0.65%,+0.00%,+0.14%,+1.48%,+0.73%
2101.TW,-0.45%,+0.57%,-0.45%,+1.58%,+0.00%,+0.00%,-1.33%,+1.24%,+1.78%,+0.22%
00945B.TW,-0.13%,+0.13%,-0.26%,-0.06%,+0.06%,+0.06%,+0.00%,-0.26%,+0.13%,+0.06%
1612.TW,+1.63%,+1.60%,+0.79%,+0.63%,-0.31%,-0.31%,-0.62%,+2.04%,+2.31%,+0.00%
00685L.TW,+3.90%,+0.70%,+1.45%,-1.49%,+0.81%,+0.81%,-0.29%,+0.75%,-1.95%,+2.87%
6446.TW,+1.49%,+4.12%,-1.27%,-0.29%,+2.58%,+2.58%,+7.13%,-0.91%,+1.05%,+0.52%
2374.TW,+7.59%,+0.34%,+6.20%,-0.79%,+1.11%,+1.11%,+0.94%,-1.09%,-3.62%,+1.47%
1443.TW,+1.97%,+0.00%,+0.00%,-1.29%,+0.16%,+0.16%,+0.16%,+0.49%,-0.48%,+1.62%
2025.TW,,,,,,,,+0.30%,+1.20%,+2.66%
6141.TW,+7.42%,+3.95%,+5.70%,-0.90%,-2.42%,-2.42%,-1.55%,-0.63%,-3.48%,+0.00%
5243.TW,+2.66%,+0.87%,+2.57%,-0.33%,+1.51%,+1.51%,-0.66%,+1.00%,-0.49%,+0.99%
2303.TW,+0.00%,+0.00%,+0.12%,+0.12%,+0.50%,+0.50%,-0.74%,+3.24%,+0.00%,+1.45%
4968.TW,+1.70%,-2.15%,-0.24%,-2.93%,+0.76%,+0.76%,-1.50%,+6.60%,+0.00%,-0.24%
2417.TW,+1.62%,-0.40%,+2.40%,-1.57%,+0.40%,+0.40%,+9.90%,-6.13%,-2.30%,+0.79%
2402.TW,+1.21%,+1.46%,-0.13%,+0.52%,-0.78%,-0.78%,-0.13%,+0.66%,+3.27%,+3.68%
2351.TW,+2.41%,+1.92%,-0.31%,-0.74%,+2.54%,+2.54%,-2.69%,+0.96%,-0.42%,+0.11%
2420.TW,+1.81%,+0.32%,+2.25%,+2.52%,-1.69%,-1.69%,-1.25%,+0.00%,+0.16%,+2.05%
911622.TW,+1.31%,+1.51%,-1.28%,+5.17%,-2.46%,-2.46%,-0.21%,+3.16%,+0.82%,-0.40%
8222.TW,+0.95%,+1.47%,-0.79%,+6.39%,+0.75%,+0.75%,-1.24%,+0.75%,+2.37%,-0.73%
6658.TW,+6.25%,+3.82%,+0.14%,-1.98%,+2.89%,+2.89%,+1.54%,+0.41%,+2.61%,+0.27%
2497.TW,+0.87%,+3.45%,+2.50%,-1.79%,+2.49%,+2.49%,-0.16%,+0.32%,+0.32%,+0.97%
2059.TW,+4.83%,+1.06%,+9.82%,+0.32%,+3.18%,+3.18%,+2.16%,+0.91%,+0.30%,+4.78%
3030.TW,+0.79%,-0.79%,+3.97%,-0.76%,-0.77%,-0.77%,-1.55%,+1.57%,-1.16%,+1.18%
1786.TW,+1.24%,+1.22%,-3.23%,-0.42%,+0.84%,+0.84%,-1.66%,+0.84%,-0.84%,+3.80%
9802.TW,+0.35%,-0.35%,-1.41%,-2.51%,+2.94%,+2.94%,-2.14%,-1.46%,+0.00%,+0.74%
00918.TW,+0.90%,-0.04%,+0.27%,-0.27%,+0.22%,+0.22%,+0.09%,+1.02%,-0.22%,+0.75%
3022.TW,+5.85%,-0.74%,+1.98%,-0.49%,+0.73%,+0.73%,-1.45%,-0.49%,-0.49%,+0.25%
5906.TW,+0.00%,+1.12%,+0.00%,+0.00%,+1.48%,+1.48%,+0.91%,+0.36%,+0.36%,+0.00%
00641R.TW,-0.33%,-0.66%,+0.50%,+0.50%,+0.33%,+0.33%,-0.16%,-1.64%,+0.33%,+0.00%
00912.TW,+1.87%,+0.16%,+0.79%,-0.62%,+0.31%,+0.31%,+0.05%,-0.05%,-0.94%,+1.21%
2412.TW,+0.80%,+0.00%,+0.00%,-0.40%,+0.00%,+0.00%,+0.40%,-0.40%,+0.00%,+0.40%
2428.TW,+2.17%,-0.91%,+0.31%,-1.22%,-0.31%,-0.31%,-0.31%,+1.87%,-0.92%,+0.62%
4536.TW,+3.62%,+1.50%,-0.74%,-1.49%,-1.01%,-1.01%,-0.76%,+0.51%,+0.00%,-0.25%
2901.TW,+0.00%,+1.66%,-1.27%,-0.18%,+0.00%,+0.00%,+0.92%,+0.00%,+0.00%,+0.91%
3231.TW,+3.03%,+1.47%,+0.97%,-0.48%,+3.85%,+3.85%,+0.46%,+3.23%,-0.45%,+1.35%
2464.TW,+3.66%,+1.09%,+1.74%,-1.45%,+0.67%,+0.67%,+5.59%,-0.13%,-1.13%,+6.25%
2884.TW,-0.52%,+0.70%,-0.35%,+0.53%,+0.00%,+0.00%,+0.87%,+0.86%,+0.17%,+0.68%
2007.TW,+0.64%,+0.64%,-0.74%,+9.99%,-4.35%,-4.35%,+0.00%,+9.60%,+2.30%,-2.70%
1725.TW,,,,,,,,,,
6116.TW,+1.04%,+2.19%,-0.38%,-0.88%,+0.25%,+0.25%,+0.25%,+3.30%,+1.60%,+1.57%
2453.TW,+2.02%,-1.52%,+9.89%,-6.47%,-1.35%,-1.35%,-1.07%,+1.08%,-0.91%,+1.85%
9958.TW,+1.27%,+1.87%,-0.61%,+0.62%,+2.15%,+2.15%,-1.80%,+2.14%,+2.99%,+0.87%
006208.TW,+1.67%,+0.39%,+0.56%,-0.94%,+0.43%,+0.43%,-0.04%,-0.47%,-1.17%,+1.40%
1709.TW,,,,,,,,,,
00930.TW,+0.91%,+0.56%,+0.28%,-0.17%,+0.28%,+0.28%,-0.22%,+1.01%,-0.06%,+0.78%
3055.TW,+7.60%,-0.40%,+0.54%,+1.60%,+0.92%,+0.92%,+3.12%,+1.01%,+1.37%,-0.49%
2722.TW,+3.51%,+0.00%,+0.00%,-0.29%,+2.66%,+2.66%,+0.43%,-0.43%,-0.58%,-0.72%
2885.TW,+1.01%,+1.87%,-1.13%,+1.42%,+0.56%,+0.56%,+0.56%,+0.28%,+0.83%,+0.96%
4119.TW,+0.72%,+1.78%,+0.12%,-0.58%,+0.82%,+0.82%,+0.23%,+0.93%,+1.15%,-0.68%
2929.TW,-0.39%,+6.98%,+1.09%,-1.08%,-1.09%,-1.09%,-2.20%,+1.87%,+0.37%,+1.47%
6645.TW,+0.43%,+0.43%,-0.21%,+1.28%,+0.00%,+0.00%,-1.26%,+0.85%,+0.42%,+0.42%
00881.TW,+1.62%,+0.46%,+1.05%,-1.20%,+0.84%,+0.84%,-0.50%,+0.38%,-0.96%,+1.47%
1717.TW,+0.36%,+1.42%,-0.70%,+1.06%,-0.52%,-0.52%,+0.18%,+1.93%,-0.86%,+0.52%
4763.TW,+0.47%,+2.34%,-1.49%,+3.83%,+1.34%,+1.34%,+2.87%,-0.43%,-2.58%,+0.33%
2535.TW,+0.72%,+0.54%,+0.54%,-0.71%,-1.25%,-1.25%,-0.18%,+1.09%,-0.18%,+0.18%
2013.TW,+0.71%,+0.20%,-0.20%,+0.80%,-0.89%,-0.89%,-0.30%,+6.44%,+3.21%,-0.73%
1714.TW,+1.01%,+0.50%,-0.50%,+0.12%,+0.37%,+0.37%,+0.00%,+1.61%,+0.85%,+0.36%
1808.TW,,,,,,,,,,
2352.TW,+0.73%,+2.32%,+0.00%,-0.57%,-1.28%,-1.28%,+0.43%,+0.14%,+0.86%,+0.14%
1568.TW,+2.24%,-0.37%,+0.73%,+0.73%,-0.18%,-0.18%,-0.18%,+1.63%,-0.18%,+1.25%
2020.TW,+0.71%,-0.70%,-0.35%,+0.88%,-1.23%,-1.23%,-0.89%,+3.58%,+3.81%,-1.33%
00927.TW,+1.07%,+0.34%,+0.78%,-0.66%,+0.11%,+0.11%,-0.28%,+1.28%,-0.05%,+1.32%
3029.TW,+3.37%,-0.72%,+9.85%,-1.99%,+0.34%,+0.34%,+4.05%,-0.65%,-3.59%,+3.73%
4958.TW,+3.10%,+0.86%,+0.85%,+0.84%,+0.00%,+0.00%,-0.84%,+1.69%,-1.24%,+0.84%
3447.TW,+2.98%,+0.00%,-1.27%,+9.52%,+9.87%,+9.87%,+2.28%,-4.02%,-0.62%,-4.21%
3583.TW,+1.45%,+0.29%,-0.57%,-0.86%,+0.87%,+0.87%,-0.14%,+3.01%,-1.95%,+2.13%
00940.TW,+1.31%,+0.32%,+0.11%,-0.11%,+0.22%,+0.22%,-0.11%,+0.97%,-0.11%,+0.85%
3706.TW,+0.88%,+0.72%,+8.49%,-2.12%,+5.01%,+5.01%,-4.39%,-1.21%,-2.46%,+0.42%
3054.TW,+0.66%,-0.22%,+1.74%,-1.71%,-3.48%,-3.48%,-2.25%,+3.23%,+1.56%,-0.44%
2031.TW,-0.22%,+0.76%,-1.94%,+6.47%,-2.57%,-2.57%,-1.59%,+6.87%,+6.93%,-0.75%
1319.TW,,,,,,,,,,
6285.TW,-0.67%,-1.02%,+0.00%,-1.71%,+1.74%,+1.74%,+0.34%,+1.37%,-4.71%,+0.00%
00642U.TW,+0.58%,-1.66%,-0.23%,+0.88%,+1.22%,+1.22%,+0.80%,-2.90%,+0.76%,-0.52%
6994.TW,+0.00%,+2.15%,+6.30%,+5.93%,+7.09%,+7.09%,-3.14%,+5.04%,+7.53%,-1.27%
3576.TW,+0.52%,+3.00%,-0.50%,-0.61%,-0.61%,-0.61%,-1.02%,+2.17%,+4.04%,+0.00%
8112.TW,-0.16%,+1.14%,-0.81%,-1.46%,+0.66%,+0.66%,+0.16%,+1.47%,-0.81%,+3.25%
00633L.TW,-3.21%,+1.26%,+3.98%,-0.52%,-1.00%,-1.00%,+0.64%,+3.08%,+1.15%,-0.33%
020012.TW,,,,,,,,,,
1535.TW,+0.17%,+0.83%,+0.66%,-0.99%,-0.33%,-0.33%,+0.83%,+0.99%,+0.65%,-0.32%
00885.TW,+0.60%,-0.09%,-0.68%,-0.78%,-0.78%,-0.78%,+0.09%,+0.00%,+0.79%,-0.26%
6589.TW,,,,,,,,,,
4306.TW,-0.29%,+1.72%,+0.28%,-0.56%,-1.13%,-1.13%,-0.57%,+1.72%,+0.56%,+0.00%
8105.TW,+3.02%,+2.56%,-1.07%,+0.00%,+0.00%,+0.00%,+0.72%,+3.94%,+1.38%,-0.34%
1721.TW,+1.02%,+2.01%,-0.33%,+1.65%,-1.30%,-1.30%,-1.64%,+4.35%,-0.64%,-0.65%
7722.TW,,,,,,,,,,
1434.TW,+0.54%,+0.81%,-1.34%,-0.82%,-0.27%,-0.27%,+0.27%,+3.29%,+0.27%,-0.26%
6902.TW,,+0.44%,+0.00%,-1.74%,,,,+1.32%,-0.43%,+0.00%
2461.TW,+0.26%,+2.58%,+0.00%,+0.50%,-0.25%,-0.25%,+0.00%,+0.75%,+1.00%,+1.48%
8131.TW,+0.54%,+1.42%,+0.00%,-0.18%,-0.35%,-0.35%,+0.18%,+2.64%,+0.69%,-0.51%
00637L.TW,-3.40%,+1.22%,+4.08%,-0.71%,-0.91%,-0.91%,+0.65%,+3.37%,+0.94%,-0.31%
7631.TW,+0.00%,-0.55%,+0.33%,+0.00%,+0.00%,+0.00%,+0.22%,-0.77%,+6.31%,+5.73%
6962.TW,+9.84%,+3.58%,+5.36%,-4.60%,-1.38%,-1.38%,+4.89%,+9.65%,+1.37%,-3.89%
00664R.TW,-1.60%,-0.54%,-0.54%,+0.82%,-0.82%,-0.82%,+0.55%,-0.54%,+0.82%,-1.36%
2434.TW,-0.96%,-0.97%,-0.49%,-1.47%,+0.00%,+0.00%,-0.17%,+0.50%,+0.00%,+0.00%
8488.TW,+4.07%,+0.00%,+0.00%,-3.20%,-1.10%,-1.10%,+0.37%,+1.48%,+0.00%,+0.00%
00733.TW,+2.20%,+1.32%,+2.10%,-0.49%,+1.18%,+1.18%,-0.58%,-0.20%,-0.49%,+1.48%
1533.TW,+1.17%,+0.13%,+0.64%,-0.64%,+0.00%,+0.00%,+0.38%,+0.26%,+0.64%,+1.27%
4952.TW,+2.29%,+1.12%,+0.92%,-2.38%,-1.13%,-1.13%,+0.19%,+1.89%,+1.12%,-0.55%
1219.TW,-0.34%,+3.46%,+0.00%,-2.34%,-0.68%,-0.68%,-0.34%,+0.69%,+0.34%,+2.05%
00929.TW,+1.11%,+0.44%,+0.33%,-0.38%,+0.11%,+0.11%,-0.22%,+1.04%,+0.00%,+0.87%
8249.TW,+5.62%,+0.80%,+2.19%,+4.29%,+9.91%,+9.91%,+3.40%,-2.30%,+2.36%,-1.15%
5288.TW,-0.25%,+1.76%,-0.74%,-0.25%,-1.25%,-1.25%,-0.25%,-0.25%,-1.78%,+0.78%
2034.TW,-1.69%,+0.99%,-1.95%,+5.22%,-1.89%,-1.89%,+0.00%,+9.88%,+9.87%,-1.80%
00947.TW,+1.60%,+0.00%,+2.05%,-1.34%,+0.14%,+0.14%,-0.41%,+1.30%,-0.27%,+1.08%
2483.TW,+1.64%,+0.00%,+3.46%,-2.90%,+0.00%,+0.00%,+1.15%,+0.68%,-0.68%,+0.45%
3380.TW,+0.00%,+0.85%,+0.14%,+0.14%,+0.28%,+0.28%,-0.28%,+1.12%,-0.14%,-0.14%
1795.TW,+2.90%,+3.01%,+1.46%,+0.54%,-1.07%,-1.07%,+0.18%,+0.00%,+3.25%,-2.27%
2406.TW,+2.23%,+2.91%,-2.12%,+0.36%,-1.44%,-1.44%,-0.73%,+4.78%,+2.46%,+0.00%
1316.TW,+1.43%,+1.06%,-0.35%,-0.35%,+2.11%,+2.11%,+2.41%,+0.67%,+0.33%,+3.00%
1515.TW,+0.00%,+2.07%,+0.78%,+0.00%,-1.09%,-1.09%,+0.94%,+1.24%,+0.61%,+4.12%
00934.TW,+1.22%,+0.38%,+0.27%,-0.27%,+0.22%,+0.22%,-0.05%,+1.20%,-0.32%,+0.97%
00674R.TW,-1.32%,-0.22%,+0.11%,-0.67%,-1.47%,-1.47%,+1.26%,-1.58%,+0.00%,+1.38%
6657.TW,-0.19%,+10.00%,-2.23%,+3.68%,+1.86%,+1.86%,+0.33%,-1.49%,+9.92%,+9.94%
6799.TW,+6.79%,-3.39%,-0.88%,-3.98%,+2.76%,+2.76%,-2.69%,+0.00%,-2.76%,+2.37%
6689.TW,+1.68%,-0.83%,+4.58%,-1.99%,-2.85%,-2.85%,+0.00%,+2.51%,-3.27%,-0.84%
2427.TW,+2.57%,-1.61%,+3.46%,-1.41%,+0.71%,+0.71%,-1.42%,+5.76%,-1.36%,-0.52%
1536.TW,+2.72%,+0.66%,+0.66%,-2.12%,+4.17%,+4.17%,+9.94%,+0.29%,+4.07%,+9.92%
2528.TW,+0.25%,+1.01%,-0.25%,+2.74%,-0.12%,-0.12%,+1.22%,+0.72%,+1.91%,+7.02%
1463.TW,+1.02%,-1.01%,+1.63%,-0.80%,+0.00%,+0.00%,+0.60%,-0.60%,+0.00%,+0.20%
3665.TW,+5.08%,+3.33%,+4.19%,+1.55%,+7.62%,+7.62%,-0.99%,-0.86%,+0.72%,-5.73%
3714.TW,+0.46%,+2.18%,-1.01%,+1.47%,-0.67%,-0.67%,+1.12%,+3.44%,+1.61%,+0.95%
6698.TW,+1.70%,+0.70%,+0.69%,+0.55%,-2.73%,-2.73%,+0.00%,+1.54%,+0.83%,-0.14%
5880.TW,+0.41%,+0.82%,-0.81%,-0.61%,-0.21%,-0.21%,+0.41%,+0.21%,+0.20%,-0.20%
2243.TW,+1.51%,+2.38%,+1.16%,-1.15%,-0.29%,-0.29%,+0.00%,+2.62%,+1.42%,-0.28%
2349.TW,+2.69%,+1.50%,+0.37%,+0.74%,-2.19%,-2.19%,+0.37%,+2.23%,+1.82%,+0.71%
3591.TW,,,,,,,,,,
2401.TW,+1.03%,+0.51%,+1.19%,-1.01%,-3.21%,-3.21%,-0.70%,+1.94%,+3.63%,+1.50%
8104.TW,+1.39%,+1.99%,+0.37%,-1.70%,+0.00%,+0.00%,+3.71%,+0.48%,-0.71%,+1.67%
6906.TW,-0.69%,+8.33%,+5.45%,+6.38%,+0.29%,+0.29%,-1.99%,-0.87%,-1.17%,+3.86%
3563.TW,+0.42%,+4.35%,+0.81%,-1.60%,-0.14%,-0.14%,+4.48%,+0.00%,+0.52%,+2.33%
2910.TW,+0.60%,-1.20%,-1.21%,-1.84%,-2.08%,-2.08%,-1.70%,+0.87%,+1.07%,+0.00%
2254.TW,+0.92%,-3.00%,+0.13%,-6.44%,+1.29%,+1.29%,-0.85%,+0.00%,+1.57%,-3.09%
2369.TW,+1.47%,+2.02%,-0.28%,-0.28%,-0.85%,-0.85%,+0.29%,+2.58%,+1.40%,+0.00%
2250.TW,+9.84%,+0.00%,+2.15%,+2.46%,-2.40%,-2.40%,+0.35%,-2.80%,-1.80%,+2.20%
1773.TW,+3.02%,-0.33%,-2.29%,-2.01%,-1.02%,-1.02%,+0.00%,+2.76%,-1.34%,+0.68%
6931.TW,-0.97%,+1.12%,+5.42%,-0.53%,-2.25%,-2.25%,-0.95%,+1.23%,-0.14%,-0.54%
4956.TW,+0.63%,-2.35%,+1.76%,-3.94%,+2.95%,+2.95%,-2.39%,+0.00%,+0.33%,+0.00%
5876.TW,-0.79%,-0.23%,-1.82%,+1.16%,+1.03%,+1.03%,+0.34%,-0.45%,-0.23%,+0.68%
4977.TW,-1.09%,+2.21%,+3.24%,-3.14%,-2.16%,-2.16%,-4.41%,+0.77%,-1.91%,+0.00%
00632R.TW,-1.90%,-0.26%,-0.71%,+0.80%,-0.49%,-0.49%,+0.27%,-0.35%,+0.84%,-1.23%
3704.TW,+0.66%,+5.39%,+0.50%,-0.25%,+2.24%,+2.24%,+0.73%,+0.12%,-0.84%,+2.80%
8213.TW,+1.80%,+0.44%,+1.32%,-0.58%,+0.00%,+0.00%,+1.90%,+0.29%,+1.57%,-0.98%
2845.TW,+0.38%,+0.75%,-0.75%,+0.00%,+0.00%,+0.00%,+0.00%,+1.13%,+1.12%,+0.74%
3266.TW,+1.28%,+5.06%,-1.20%,-1.22%,-1.23%,-1.23%,+0.00%,+1.87%,+0.00%,+0.92%
2812.TW,-0.54%,+0.54%,-0.27%,+0.00%,-0.27%,-0.27%,+0.27%,+0.27%,-0.27%,+0.54%
1324.TW,+0.40%,+0.80%,-0.40%,+0.40%,-0.40%,-0.40%,-0.40%,+1.20%,-0.40%,+0.79%
00932.TW,+0.20%,+0.92%,+0.33%,-0.06%,-0.13%,-0.13%,-0.13%,+2.08%,+0.25%,+0.57%
2867.TW,+0.89%,+2.95%,-1.86%,+1.75%,+0.14%,+0.14%,+0.14%,+0.86%,+0.71%,+0.56%
4906.TW,+1.97%,+1.34%,-0.44%,-1.18%,+0.00%,+0.00%,+0.60%,+1.19%,-0.29%,-0.44%
1712.TW,+0.11%,+1.55%,+0.00%,+0.00%,-0.11%,-0.11%,-0.54%,+1.31%,-0.65%,+0.65%
1203.TW,+0.69%,+0.14%,-0.68%,-0.14%,-0.41%,-0.41%,+0.55%,+0.00%,+0.82%,+0.54%
2002.TW,+0.00%,+1.53%,-1.26%,+2.04%,-0.75%,-0.75%,+1.01%,+8.96%,+6.16%,-1.72%
2478.TW,+2.83%,+0.00%,+0.66%,+0.00%,-1.42%,-1.42%,-1.44%,+2.25%,-0.66%,-0.11%
4560.TW,+0.00%,+0.14%,-0.14%,-0.57%,+1.15%,+1.15%,-1.70%,+0.72%,+1.58%,+0.00%
4532.TW,-0.37%,+3.15%,+0.54%,-0.54%,-0.18%,-0.18%,-0.72%,+0.54%,-0.90%,+0.00%
6988.TW,+0.34%,+0.00%,-1.01%,+1.02%,+0.00%,+0.00%,-2.03%,+0.00%,-1.72%,+1.75%
6582.TW,+0.18%,+1.63%,-0.18%,+2.32%,-1.92%,-1.92%,+2.66%,+0.00%,-0.69%,+2.79%
6668.TW,+4.23%,-1.09%,+1.30%,-1.58%,+2.01%,+2.01%,+5.91%,+0.00%,-3.35%,+3.08%
020030.TW,,,,,,,,,,
9136.TW,+0.78%,-0.62%,+0.94%,-0.62%,+0.16%,+0.16%,+0.16%,+8.68%,+6.28%,+9.93%
2897.TW,-0.10%,-0.10%,-0.50%,+0.00%,-0.61%,-0.61%,-0.20%,+0.10%,+0.20%,+0.71%
3557.TW,+1.44%,-0.57%,-0.28%,-2.00%,-2.33%,-2.33%,+0.00%,+1.19%,-0.59%,+0.74%
9939.TW,+0.31%,-1.56%,+1.27%,-0.94%,-0.32%,-0.32%,+0.00%,+2.54%,-1.24%,+0.31%
3592.TW,+2.68%,-1.24%,-1.13%,-2.55%,+0.13%,+0.13%,-0.52%,+0.92%,+0.00%,-0.13%
1718.TW,+0.00%,+1.09%,-0.67%,+0.95%,-0.81%,-0.81%,-0.14%,+1.76%,+0.80%,-0.40%
6491.TW,+2.34%,+0.27%,+0.80%,+0.27%,+0.40%,+0.40%,+0.53%,-0.79%,+2.52%,+0.26%
2484.TW,+3.33%,+0.40%,+0.20%,+1.60%,+0.00%,+0.00%,+0.20%,+1.38%,+0.39%,+1.16%
2520.TW,+0.79%,-0.20%,+0.78%,+0.97%,+2.50%,+2.50%,+0.94%,+0.37%,-0.74%,+0.56%
6166.TW,+5.55%,+0.24%,-0.60%,-2.04%,+6.61%,+6.61%,-4.48%,-1.08%,-1.09%,+0.98%
2102.TW,+0.00%,+0.84%,+0.00%,-0.55%,+1.11%,+1.11%,+1.65%,+2.17%,+1.86%,-1.04%
1338.TW,+0.70%,+0.17%,+0.52%,+0.00%,-0.34%,-0.34%,-0.17%,+0.00%,-1.03%,+1.57%
3023.TW,+2.92%,+0.38%,+2.07%,-1.11%,-0.75%,-0.75%,+0.00%,+1.13%,-1.86%,+2.08%
2106.TW,+0.38%,+1.89%,-0.56%,+0.19%,+2.61%,+2.61%,+1.45%,+1.43%,+0.18%,+0.53%
00738U.TW,+1.80%,-0.66%,+0.21%,-0.87%,-0.39%,-0.39%,-0.46%,+2.30%,+1.07%,-1.50%
6672.TW,+0.91%,+9.92%,-2.46%,-1.20%,-2.68%,-2.68%,+0.12%,-1.25%,-1.52%,+3.34%
3694.TW,+1.72%,+2.20%,+1.99%,-1.79%,-2.65%,-2.65%,+0.68%,-0.68%,-0.34%,-2.22%
2312.TW,+2.29%,+1.22%,+0.00%,+0.40%,+2.40%,+2.40%,+2.54%,-0.57%,-0.38%,-0.58%
2208.TW,+0.00%,+2.36%,-0.99%,-0.33%,+0.33%,+0.33%,-0.33%,+3.34%,+1.62%,+0.32%
2028.TW,-0.23%,+1.17%,-1.39%,+5.63%,-2.67%,-2.67%,-1.37%,+9.95%,+3.16%,+0.20%
1909.TW,+0.45%,+1.80%,-1.33%,+1.35%,-1.33%,-1.33%,-1.79%,+3.65%,+1.76%,+2.16%
2348.TW,+3.56%,+1.72%,+1.13%,+4.74%,+1.86%,+1.86%,-3.39%,+1.89%,-1.59%,+1.08%
2104.TW,-0.41%,+1.64%,-1.21%,+0.41%,+0.41%,+0.41%,+1.21%,+4.80%,+0.76%,-0.76%
02001L.TW,,,,,,,,,,
2880.TW,+0.18%,+0.36%,-0.36%,+0.18%,-1.08%,-1.08%,+0.54%,+0.54%,-0.90%,+0.90%
6585.TW,,,,,,,,,,
8476.TW,+6.81%,-2.19%,-1.12%,+1.51%,-1.11%,-1.11%,-1.88%,+0.00%,-0.38%,+7.49%
1339.TW,+1.25%,+0.53%,+0.00%,+0.35%,-1.22%,-1.22%,+0.53%,+0.00%,-1.23%,+1.78%
6806.TW,+3.54%,+0.43%,-2.13%,-1.30%,+3.08%,+3.08%,+3.85%,+2.41%,+0.85%,-1.26%
1605.TW,+0.64%,+1.49%,-0.84%,+4.43%,+1.01%,+1.01%,-2.00%,+6.73%,+9.94%,+0.17%
00648R.TW,-0.58%,-1.36%,+0.00%,+0.59%,-0.20%,-0.20%,+0.00%,-0.20%,-1.18%,+0.00%
3006.TW,+1.35%,+2.50%,+0.49%,-0.16%,+0.32%,+0.32%,-0.97%,+6.20%,+4.15%,+0.44%
1442.TW,+1.69%,-2.61%,+2.44%,+1.90%,-0.58%,-0.58%,-0.59%,-0.35%,-0.95%,+1.44%
3376.TW,+9.98%,-0.84%,+5.53%,-2.42%,+5.79%,+5.79%,+3.32%,-2.65%,+9.90%,+2.65%
1303.TW,-0.16%,+0.99%,-2.60%,+1.00%,-0.17%,-0.17%,+2.65%,+5.65%,+0.76%,+1.21%
00715L.TW,+1.32%,-2.87%,-0.21%,+1.55%,+2.36%,+2.36%,+1.29%,-5.56%,+1.49%,-0.49%
3021.TW,+1.03%,+1.63%,+2.00%,-0.79%,-0.59%,-0.59%,+0.60%,+9.90%,-1.80%,-1.47%
2633.TW,+1.11%,+3.11%,-1.07%,-0.72%,+0.36%,+0.36%,+0.72%,+0.18%,+0.18%,+0.18%
1441.TW,+0.00%,+0.00%,+2.16%,-1.76%,+0.36%,+0.36%,+0.00%,+1.79%,+0.00%,+2.46%
2543.TW,+4.53%,+0.78%,-0.88%,+3.12%,+0.32%,+0.32%,+9.80%,+0.00%,+7.35%,-3.65%
020031.TW,,,,,,,,,,
1762.TW,-0.45%,+1.65%,+1.33%,+0.29%,-1.89%,-1.89%,+0.15%,+1.04%,+2.64%,-0.14%
2388.TW,+1.97%,+2.47%,-0.84%,+0.53%,-3.15%,-3.15%,+0.00%,+2.82%,+1.37%,+2.29%
1256.TW,+1.17%,+0.77%,+0.00%,+2.30%,+9.74%,+9.74%,-1.71%,+0.00%,+0.00%,+1.04%
3673.TW,+0.69%,+6.97%,+1.53%,-0.88%,-0.63%,-0.63%,+0.00%,+2.55%,-0.12%,+0.50%
1516.TW,+2.68%,-0.29%,+0.29%,+1.16%,+0.00%,+0.00%,+0.29%,-1.43%,+0.29%,-0.58%
3413.TW,+2.44%,-0.34%,+7.17%,+0.16%,-0.16%,-0.16%,+1.27%,+0.63%,-0.47%,+1.26%
00693U.TW,+2.19%,-1.40%,+0.28%,-1.51%,+0.24%,+0.24%,-0.48%,-1.25%,+0.19%,+0.29%
2201.TW,+2.38%,-0.50%,+3.85%,-1.17%,-1.19%,-1.19%,+0.00%,+1.40%,+0.79%,+0.39%
1323.TW,+0.41%,+0.00%,+0.00%,-0.20%,+0.81%,+0.81%,+0.00%,+0.00%,+0.20%,+0.00%
1733.TW,-0.16%,+0.63%,+0.16%,-3.91%,+0.00%,+0.00%,+0.33%,+0.65%,+1.29%,-1.59%
00662.TW,+0.67%,+1.05%,-0.22%,-0.33%,-0.05%,-0.05%,+0.05%,+0.82%,+1.14%,+0.43%
8046.TW,-1.93%,+6.30%,+0.74%,+0.74%,-2.55%,-2.55%,-4.49%,+4.31%,-0.38%,+0.00%
1445.TW,+1.21%,+0.90%,+0.59%,-0.59%,-0.30%,-0.30%,+0.00%,-0.59%,+0.30%,+1.19%
1229.TW,-0.96%,+0.00%,-1.17%,-0.20%,-0.39%,-0.39%,-0.79%,+3.19%,+2.12%,-0.19%
2419.TW,+1.40%,+0.69%,+0.68%,-0.51%,+1.19%,+1.19%,-0.51%,+1.69%,-0.50%,+1.34%
2392.TW,+2.26%,+2.35%,+1.44%,-1.70%,+0.72%,+0.72%,-1.29%,+1.16%,-0.43%,+0.58%
3045.TW,-0.44%,+0.45%,-0.44%,-0.45%,-0.45%,-0.45%,+1.35%,-0.44%,+0.45%,-0.44%
6515.TW,+6.09%,+2.05%,-2.01%,-1.23%,-1.24%,-1.24%,+2.94%,-1.63%,+7.88%,+3.08%
00634R.TW,+0.96%,-0.24%,-2.15%,+0.24%,+0.49%,+0.49%,-0.49%,-1.22%,-0.74%,+0.00%
3715.TW,+2.49%,+1.73%,+2.21%,+1.33%,+0.49%,+0.49%,+0.49%,+0.49%,+1.30%,+0.80%
6958.TW,+2.30%,+1.02%,-1.41%,-1.43%,+1.25%,+1.25%,+0.21%,+0.20%,-1.02%,+1.65%
4164.TW,+7.30%,+4.95%,-0.39%,+1.18%,-2.14%,-2.14%,+3.39%,+5.20%,+3.11%,-0.71%
2024.TW,+0.00%,-0.52%,-0.26%,+3.43%,-2.55%,-2.55%,-0.26%,+2.36%,-1.03%,+0.00%
6415.TW,+1.19%,+1.96%,-1.28%,-3.24%,-2.01%,-2.01%,-3.28%,+9.89%,+8.61%,-0.47%
6573.TW,+0.34%,-2.05%,+0.35%,-1.04%,-2.46%,-2.46%,+0.00%,+1.44%,-0.35%,-0.71%
2207.TW,+0.17%,+0.00%,+0.17%,+0.00%,-0.33%,-0.33%,+0.00%,+1.00%,-0.49%,+0.99%
910322.TW,-0.21%,+0.21%,-0.62%,-0.62%,-0.83%,-0.83%,+0.42%,+0.21%,-0.84%,+5.26%
3321.TW,+0.00%,-0.31%,-0.94%,-0.95%,-0.32%,-0.32%,-0.64%,+0.65%,-1.28%,+0.97%
2211.TW,+0.80%,+1.59%,-0.22%,+2.02%,+0.33%,+0.33%,+0.55%,+2.61%,-0.11%,+0.11%
4439.TW,+0.51%,+6.46%,-1.90%,-1.93%,-0.99%,-0.99%,+0.00%,+2.99%,+1.45%,-1.90%
00949.TW,+1.60%,+0.57%,-0.38%,-0.38%,-0.06%,-0.06%,-0.89%,+1.15%,+1.33%,+0.87%
2542.TW,+0.12%,+1.27%,-1.14%,+0.92%,-1.72%,-1.72%,-0.35%,+1.17%,+0.46%,+0.69%
6431.TW,+0.99%,-0.65%,-1.64%,+0.33%,+0.66%,+0.66%,-0.66%,+0.66%,+4.29%,-1.90%
7721.TW,-0.13%,-1.04%,-0.92%,+5.98%,-2.26%,-2.26%,-0.90%,+0.26%,-0.39%,+0.39%
6625.TW,+0.90%,+1.02%,-0.13%,-2.19%,+0.63%,+0.63%,-0.25%,+0.13%,-0.38%,+0.63%
02001R.TW,,,,,,,,,,
9917.TW,+0.82%,+0.41%,+0.41%,-1.21%,-0.41%,-0.41%,-0.41%,+0.41%,+0.41%,+2.05%
6807.TW,+0.50%,+0.87%,+0.37%,+0.49%,+2.58%,+2.58%,-0.72%,+3.13%,-0.12%,+0.47%
8271.TW,+2.33%,+3.26%,+4.31%,-1.11%,-0.10%,-0.10%,-1.02%,+3.30%,-0.20%,+0.60%
4540.TW,+9.84%,+5.09%,+3.23%,-4.52%,+3.64%,+3.64%,+0.53%,-1.57%,+0.89%,+1.76%
3056.TW,+0.31%,+0.61%,-1.22%,+0.46%,+0.15%,+0.15%,+0.31%,+0.31%,+0.46%,+2.88%
3669.TW,+3.07%,-0.71%,+0.72%,-0.95%,+1.56%,+1.56%,+3.20%,-0.23%,-1.03%,+0.00%
1309.TW,+0.00%,+3.11%,-1.89%,+2.31%,-0.75%,-0.75%,+1.14%,+4.87%,+1.43%,-0.70%
00904.TW,+1.82%,+0.00%,+1.52%,-1.44%,+0.43%,+0.43%,-0.43%,+0.97%,-0.54%,+1.89%
6756.TW,+4.29%,+0.82%,+3.67%,-2.76%,+1.21%,+1.21%,-1.60%,+2.85%,+5.93%,+0.75%
6919.TW,+6.17%,+4.05%,+9.74%,+5.80%,+2.24%,+2.24%,-3.06%,+6.32%,+0.00%,-2.65%
2360.TW,+6.98%,+3.19%,+1.76%,+2.02%,+0.28%,+0.28%,-1.84%,+0.14%,+0.57%,+2.29%
00708L.TW,+2.66%,+0.17%,+0.00%,+1.28%,+2.45%,+2.45%,-2.16%,+2.75%,+0.48%,-2.89%
8016.TW,+0.48%,+1.18%,+0.23%,-1.40%,-1.18%,-1.18%,-1.68%,+1.71%,-0.24%,+0.24%
3094.TW,+2.05%,-0.84%,+2.20%,-0.83%,-1.33%,-1.33%,+1.69%,+0.00%,+0.50%,+0.50%
5484.TW,+1.53%,+0.75%,+0.19%,-1.50%,+1.71%,+1.71%,+9.89%,-1.53%,-0.34%,+0.87%
1454.TW,+2.68%,+1.31%,+0.00%,+0.65%,-0.64%,-0.64%,-0.65%,+0.32%,+0.32%,+0.32%
00941.TW,+0.65%,+1.14%,+0.49%,-0.84%,-0.07%,-0.07%,+0.28%,+0.21%,+0.92%,-0.21%
3014.TW,+1.42%,-0.70%,+1.06%,+2.80%,+0.34%,+0.34%,+1.02%,+4.36%,+0.32%,-0.32%
3406.TW,+0.86%,+0.43%,+0.85%,+2.32%,-0.41%,-0.41%,-0.52%,+0.00%,-1.77%,+1.27%
6794.TW,+1.63%,+1.02%,-0.14%,-1.59%,+0.44%,+0.44%,+0.73%,+0.72%,+0.00%,+0.58%
2383.TW,+5.49%,+4.17%,+2.50%,-0.49%,+1.31%,+1.31%,-2.58%,-0.17%,-1.33%,-0.17%
6235.TW,+0.98%,+1.29%,+1.27%,-1.10%,+1.11%,+1.11%,-0.16%,+2.05%,+1.23%,-1.07%
3149.TW,+0.97%,+1.28%,+0.00%,-0.47%,+0.79%,+0.79%,-0.63%,+1.27%,+0.47%,-0.78%
00963.TW,+0.89%,+0.68%,+0.29%,-0.10%,+0.19%,+0.19%,+0.39%,+0.39%,+0.96%,+0.19%
2023.TW,-1.25%,+0.32%,-2.52%,+4.21%,-3.73%,-3.73%,-0.97%,+7.82%,-0.91%,+1.22%
3454.TW,+7.72%,+0.00%,+2.51%,-2.45%,+2.51%,+2.51%,-2.10%,+1.07%,-3.53%,+0.37%
3543.TW,-1.09%,+0.22%,+0.44%,-0.44%,+0.22%,+0.22%,-0.22%,+0.88%,+0.00%,+2.84%
2345.TW,+3.41%,+0.00%,+1.98%,-2.45%,+2.38%,+2.38%,-5.30%,-0.96%,+0.00%,+4.55%
3018.TW,-0.90%,+2.18%,-2.31%,-0.55%,-1.10%,-1.10%,+0.19%,-0.18%,+1.30%,+0.18%
6526.TW,+2.98%,-0.29%,-0.73%,-0.88%,+3.98%,+3.98%,-0.99%,+1.58%,-2.12%,+1.15%
6641.TW,+0.69%,+2.92%,-1.67%,-0.68%,-0.34%,-0.34%,+1.37%,+0.17%,-1.35%,+1.88%
1776.TW,+3.84%,-0.49%,-1.49%,+2.51%,-6.13%,-6.13%,+0.52%,+1.82%,-0.77%,-0.26%
3686.TW,+2.05%,+0.57%,-0.29%,-1.15%,-0.58%,-0.58%,+2.62%,+3.12%,+1.38%,+1.09%
6933.TW,+1.83%,-0.51%,+1.29%,-0.76%,+4.87%,+4.87%,+0.49%,+0.24%,-0.97%,+1.47%
2415.TW,+0.87%,+2.77%,+1.01%,+2.34%,-0.82%,-0.82%,-2.63%,-1.01%,-0.68%,+0.00%
1806.TW,+0.43%,+1.73%,+1.91%,-0.83%,-1.16%,-1.16%,-0.64%,+2.57%,+0.00%,+2.09%
006203.TW,+2.12%,+0.11%,+0.16%,-0.71%,+0.11%,+0.11%,+0.27%,-0.65%,-0.99%,+1.55%
1337.TW,+1.97%,+0.00%,-0.81%,-0.81%,+1.31%,+1.31%,-0.97%,+9.95%,-1.63%,+0.30%
6409.TW,,,,,,,,,,
6155.TW,+4.03%,-0.20%,+0.20%,+2.85%,-0.20%,-0.20%,-1.19%,+2.01%,-1.18%,+0.80%
6165.TW,,,,,,,,,,
8103.TW,+1.75%,+0.91%,+3.21%,-0.78%,-0.59%,-0.59%,-1.87%,+0.90%,+0.20%,+1.19%
2883.TW,+2.08%,+0.29%,+0.58%,+2.60%,-0.56%,-0.56%,+0.28%,+1.41%,-0.56%,+0.84%
9937.TW,+1.44%,+0.16%,+0.00%,-0.63%,+0.63%,+0.63%,+0.00%,-0.47%,-0.79%,+0.80%
6781.TW,+5.47%,-3.30%,+5.37%,-1.85%,+0.47%,+0.47%,+2.82%,-2.74%,-2.35%,-2.40%
2308.TW,+2.14%,+2.84%,-0.48%,-2.53%,-0.62%,-0.62%,-0.25%,+1.00%,-0.99%,+1.25%
2324.TW,+3.14%,-0.13%,+1.85%,-1.30%,-0.53%,-0.53%,+1.19%,+0.79%,+0.13%,-0.78%
6108.TW,+2.18%,-0.91%,+2.77%,+0.60%,+3.27%,+3.27%,-0.58%,-2.03%,+1.78%,-2.33%
4148.TW,+0.53%,+1.36%,-0.83%,-1.77%,-2.44%,-2.44%,+1.41%,-0.21%,-0.64%,+0.00%
1907.TW,+0.17%,+1.52%,-0.83%,+0.17%,-0.84%,-0.84%,-0.68%,+1.36%,+0.17%,+1.34%
2375.TW,+6.21%,-1.57%,+2.32%,-2.12%,+0.00%,+0.00%,-0.87%,+2.04%,-1.00%,-0.72%
00965.TW,+0.07%,+1.31%,-0.13%,-0.19%,+0.71%,+0.71%,+1.55%,+0.64%,-0.38%,+1.27%
6805.TW,+2.31%,-0.45%,+6.67%,+3.27%,-1.65%,-1.65%,+0.14%,+2.93%,+5.02%,-1.55%
2905.TW,+0.00%,+2.19%,+0.31%,+0.61%,-4.24%,-4.24%,+0.63%,+1.26%,+0.31%,+0.31%
6969.TW,-0.83%,+1.20%,-0.71%,-3.10%,-2.09%,-2.09%,-1.00%,-2.66%,-0.26%,-0.26%
8201.TW,+0.71%,+1.77%,+1.39%,-1.37%,-0.69%,-0.69%,+0.70%,+2.08%,-1.02%,+1.37%
5292.TW,+1.62%,-0.32%,+1.92%,-1.57%,-0.32%,-0.32%,+0.00%,+0.96%,-0.63%,+0.32%
3605.TW,+2.50%,-1.05%,+3.52%,-0.85%,+9.95%,+9.95%,-7.49%,+0.17%,-0.51%,+5.08%
2474.TW,+0.26%,+1.27%,+0.25%,-1.00%,+0.25%,+0.25%,+0.25%,+0.25%,+0.75%,-0.25%
3013.TW,+2.38%,-0.78%,+1.95%,-1.53%,+1.95%,+1.95%,-0.38%,+1.92%,-2.63%,+0.00%
8473.TW,+0.40%,+2.14%,-0.26%,+1.58%,-2.46%,-2.46%,-0.13%,+0.53%,+1.06%,-0.39%
6598.TW,+0.22%,+0.86%,+4.05%,-1.64%,-1.88%,-1.88%,-1.70%,+1.30%,+1.92%,+1.46%
5284.TW,+5.74%,-1.28%,+0.00%,-0.97%,+0.65%,+0.65%,-3.90%,+0.00%,-0.68%,-0.68%
1467.TW,+0.49%,+0.48%,+1.44%,+0.47%,-1.89%,-1.89%,-0.48%,+0.97%,+0.00%,+0.00%
2387.TW,+2.49%,+1.13%,+1.12%,-0.63%,+0.32%,+0.32%,-0.63%,+0.16%,-0.80%,-0.80%
2609.TW,+4.96%,-1.03%,+0.60%,+0.59%,+0.00%,+0.00%,+0.88%,+2.49%,+0.29%,+1.28%
3057.TW,-0.43%,+2.61%,+0.42%,+0.00%,+0.00%,+0.00%,+0.42%,+0.42%,+0.00%,+0.42%
00713.TW,+0.93%,+0.19%,-0.18%,-0.19%,-0.28%,-0.28%,+0.37%,+0.65%,-0.28%,+0.74%
4764.TW,-0.11%,+0.00%,+0.22%,-0.86%,+0.00%,+0.00%,+0.87%,+1.18%,+0.64%,+0.32%
6472.TW,+2.37%,+0.69%,-1.84%,-1.87%,+2.39%,+2.39%,+3.03%,-1.47%,+3.90%,-1.44%
6863.TW,+0.71%,-2.47%,+2.54%,-3.00%,+4.55%,+4.55%,-5.23%,-0.37%,-3.32%,+0.38%
2365.TW,+3.09%,+3.10%,-1.51%,-3.49%,+0.00%,+0.00%,+0.23%,-0.23%,-2.04%,+1.27%
2425.TW,+1.74%,+0.14%,+0.14%,-0.85%,+0.14%,+0.14%,+0.00%,+0.00%,+0.43%,+5.98%
6128.TW,+3.09%,-0.29%,-0.29%,-0.29%,+0.72%,+0.72%,+0.14%,+1.71%,-0.14%,+0.28%
3008.TW,+1.26%,+0.00%,-0.53%,-2.86%,+0.00%,+0.00%,-0.74%,+0.37%,-1.29%,+2.43%
2313.TW,+2.68%,+0.00%,+1.45%,-2.00%,-1.02%,-1.02%,-1.62%,+0.75%,+0.30%,+1.78%
2390.TW,+0.00%,-0.79%,-0.40%,-0.40%,-0.81%,-0.81%,+0.00%,+1.63%,-0.40%,+0.40%
01004T.TW,+0.00%,+0.00%,-0.26%,+0.00%,+0.26%,+0.26%,+0.00%,+0.00%,+0.17%,-0.51%
2723.TW,+0.48%,-2.38%,+0.98%,+0.48%,-4.81%,-4.81%,+0.71%,+2.31%,-2.16%,+1.20%
1589.TW,+1.76%,+1.86%,-0.39%,+2.23%,-0.51%,-0.51%,-0.77%,+0.65%,+1.42%,+4.46%
1435.TW,+4.99%,+0.26%,+0.00%,-2.63%,+0.00%,+0.00%,-2.57%,-1.39%,+2.11%,+0.00%
3048.TW,+2.31%,+1.74%,+0.68%,-0.68%,+0.51%,+0.51%,-1.02%,+1.20%,+0.34%,+0.17%
4440.TW,+1.31%,+1.72%,-0.21%,+0.00%,-0.85%,-0.85%,+1.28%,+0.42%,-0.21%,+0.21%
9945.TW,+2.54%,+0.24%,-1.18%,+0.60%,-1.07%,-1.07%,-0.48%,+2.16%,+0.00%,+0.12%
9904.TW,+1.10%,+2.18%,-0.67%,-0.40%,+1.62%,+1.62%,-1.99%,-0.14%,+0.54%,+1.08%
4949.TW,+0.98%,+5.80%,+0.00%,+0.91%,+0.90%,+0.90%,+0.00%,-0.22%,-0.67%,+0.00%
6282.TW,+0.50%,+3.49%,+0.16%,+0.16%,-1.12%,-1.12%,-0.16%,+2.59%,+3.63%,-0.15%
1312.TW,+0.00%,+1.36%,-2.23%,+2.28%,+0.45%,+0.45%,+0.00%,+3.11%,+2.59%,-2.94%
3049.TW,+1.34%,+1.57%,+0.00%,+0.00%,-0.71%,-0.71%,+2.63%,+2.45%,+2.73%,+0.11%
1537.TW,+0.99%,+0.98%,+0.32%,-0.97%,+0.00%,+0.00%,-0.33%,+0.98%,+0.00%,+0.65%
7732.TW,+0.36%,+1.54%,+0.81%,+0.12%,-0.69%,-0.69%,-0.46%,+0.35%,+0.23%,-0.46%
2515.TW,-0.94%,+2.38%,-1.86%,+0.95%,+0.00%,+0.00%,+1.88%,+1.84%,+1.81%,+0.00%
4566.TW,+2.88%,+1.12%,+0.42%,+2.21%,-0.54%,-0.54%,+2.71%,+0.40%,-0.26%,+2.24%
1723.TW,+0.66%,+0.65%,+0.00%,+0.54%,+0.32%,+0.32%,+0.64%,+1.38%,+0.42%,+0.73%
00851.TW,+1.06%,+1.24%,-0.09%,-0.19%,-0.09%,-0.09%,-0.76%,+0.10%,+0.67%,+0.00%
2727.TW,+1.80%,-0.66%,+0.22%,+1.33%,+0.22%,+0.22%,+0.22%,-0.65%,+0.22%,-0.22%
00654R.TW,-1.47%,+0.90%,+0.15%,+1.03%,+0.44%,+0.44%,+1.46%,-1.87%,+1.61%,+0.14%
4414.TW,,,,,,,,,,
2465.TW,-1.39%,+0.70%,+1.82%,-2.61%,+2.40%,+2.40%,-1.52%,+0.14%,+0.14%,+4.46%
00951.TW,+0.72%,+3.11%,+1.16%,+0.23%,-0.34%,-0.34%,-1.03%,+1.39%,-0.23%,+1.72%
6531.TW,+1.64%,-0.48%,+1.30%,-0.80%,-0.16%,-0.16%,-0.16%,+3.40%,+0.16%,+1.09%
6449.TW,,,,,,,,,,
2457.TW,+1.59%,+1.57%,+0.14%,+0.70%,-3.34%,-3.34%,-2.31%,+1.47%,+2.03%,-0.43%
8926.TW,+0.24%,+1.69%,-0.36%,-2.15%,-0.12%,-0.12%,-0.49%,+0.61%,+0.12%,+0.49%
3028.TW,-0.17%,+0.67%,-0.17%,-0.50%,-0.17%,-0.17%,+0.50%,+1.00%,-0.17%,+0.00%
5515.TW,+0.53%,+1.41%,-0.52%,-1.57%,-2.66%,-2.66%,-1.28%,-0.18%,+0.18%,+0.00%
3481.TW,+1.87%,+0.00%,+1.47%,-1.81%,-0.37%,-0.37%,-0.74%,+4.10%,+1.43%,+2.12%
6916.TW,+2.44%,+0.22%,+0.00%,-2.38%,+2.00%,+2.00%,+0.00%,+1.09%,+0.00%,+0.00%
2409.TW,+3.33%,-1.43%,+0.36%,-1.81%,-0.37%,-0.37%,+1.11%,+2.93%,+2.14%,+0.70%
2033.TW,+2.77%,-1.35%,-0.23%,+6.85%,-4.49%,-4.49%,+0.00%,+2.91%,+0.00%,+0.87%
0050.TW,+1.52%,+0.43%,+0.46%,-1.13%,+0.61%,+0.61%,-0.15%,-0.43%,-1.20%,+1.52%
9955.TW,-0.77%,+1.70%,-0.30%,-1.83%,-2.02%,-2.02%,-2.22%,+0.81%,+1.28%,-2.85%
4526.TW,+4.07%,+1.19%,+4.71%,-4.01%,+4.18%,+4.18%,+1.77%,+4.73%,+0.75%,+1.20%
3090.TW,+4.28%,+0.73%,+4.80%,+0.69%,+1.52%,+1.52%,-1.22%,+1.10%,-2.18%,-0.14%
8374.TW,+3.95%,+0.84%,+0.84%,-1.66%,+1.27%,+1.27%,+5.00%,-1.19%,+0.80%,+0.80%
6719.TW,+2.82%,+1.14%,+1.13%,-1.34%,+1.58%,+1.58%,-0.89%,+2.92%,+2.40%,+0.43%
1410.TW,+2.74%,-0.28%,-0.99%,-0.28%,+0.86%,+0.86%,-0.71%,-0.14%,+0.14%,+0.00%
2301.TW,+1.88%,+0.00%,-0.92%,+0.93%,-0.46%,-0.46%,+0.00%,+2.78%,-1.80%,+1.83%
2382.TW,+2.13%,+1.04%,+3.92%,+0.00%,+2.38%,+2.38%,+0.00%,+0.78%,+0.00%,+0.19%
1711.TW,+1.21%,+4.30%,-0.92%,-1.39%,-2.11%,-2.11%,-0.48%,+3.37%,-0.23%,-0.23%
1102.TW,+0.61%,-0.24%,-0.12%,-2.08%,+0.00%,+0.00%,+0.25%,+3.12%,-0.36%,+0.73%
2032.TW,-0.74%,+1.48%,+0.00%,+9.85%,-2.33%,-2.33%,-0.68%,+9.93%,+9.97%,+4.82%
TXF.TW,+1.36%,+0.68%,+0.61%,-0.79%,+0.38%,+0.38%,-0.09%,+0.36%,-0.94%,+1.40%
6191.TW,+9.94%,+0.00%,+7.89%,+0.40%,+0.13%,+0.13%,+1.98%,-4.02%,+0.54%,+3.36%
8422.TW,+0.56%,+1.39%,-0.27%,+0.28%,+0.00%,+0.00%,-0.55%,+0.55%,-0.27%,+0.55%
3701.TW,+1.51%,+5.53%,-1.15%,-1.42%,+2.10%,+2.10%,-0.90%,+2.08%,+0.00%,+1.02%
4562.TW,+3.01%,+1.03%,-0.51%,-2.39%,+3.68%,+3.68%,+0.68%,-0.34%,+2.36%,-0.33%
5258.TW,+2.37%,+5.45%,-0.55%,+0.00%,+4.86%,+4.86%,-0.74%,-0.74%,-0.53%,+0.11%
3530.TW,+2.35%,+0.48%,+0.12%,+0.48%,-0.48%,-0.48%,-2.04%,+3.07%,-0.24%,+1.67%
1449.TW,+2.13%,+0.26%,-1.82%,-1.32%,-0.80%,-0.80%,-0.27%,+3.79%,-0.26%,-0.52%
3092.TW,+0.19%,+2.50%,-0.75%,+8.68%,+2.43%,+2.43%,+1.69%,-1.50%,+0.17%,+0.34%
1726.TW,+0.80%,-0.13%,-0.26%,-0.13%,+0.13%,+0.13%,+0.00%,+0.40%,-0.13%,+0.79%
2618.TW,+1.88%,-0.33%,-3.15%,-0.45%,-1.24%,-1.24%,-0.80%,+0.35%,-0.80%,+2.31%
8045.TW,+9.35%,-1.49%,+3.77%,+5.45%,-2.07%,-2.07%,+1.41%,-4.86%,+0.00%,-0.36%
2489.TW,+3.70%,+1.37%,-1.36%,-0.82%,-1.39%,-1.39%,+1.69%,+1.38%,+1.09%,+1.08%
3312.TW,+4.37%,-0.57%,-0.38%,+0.96%,+0.38%,+0.38%,-2.84%,+4.68%,-1.49%,-0.38%
2838.TW,-0.33%,+0.65%,-0.32%,-0.33%,+0.00%,+0.00%,+0.33%,+0.33%,+0.00%,+0.32%
3501.TW,+0.50%,+0.33%,+0.17%,+0.33%,+1.82%,+1.82%,-0.16%,+0.33%,+0.81%,+0.81%
8039.TW,+0.99%,+5.67%,+1.14%,+0.51%,-2.94%,-2.94%,+2.41%,+1.12%,-2.32%,+1.03%
8478.TW,+4.37%,+3.14%,+0.00%,+0.00%,+0.00%,+0.00%,-1.52%,+2.06%,+1.26%,-0.75%
6164.TW,+1.16%,+0.38%,+0.00%,-0.76%,+0.00%,+0.00%,-1.15%,+1.95%,+0.00%,+0.76%
3550.TW,+1.58%,+2.80%,-0.30%,-1.82%,+0.00%,+0.00%,+0.62%,+4.92%,-1.47%,+0.30%
6416.TW,+4.82%,+1.67%,+0.00%,-1.65%,-1.26%,-1.26%,-1.69%,+1.72%,-1.27%,+0.43%
3432.TW,+0.00%,+6.07%,-1.51%,-1.83%,+0.00%,+0.00%,-0.31%,+0.94%,+4.95%,-2.06%
1514.TW,+0.21%,+2.50%,-1.63%,-0.62%,+0.00%,+0.00%,+0.42%,+3.21%,-0.20%,-0.70%
6209.TW,+4.25%,+4.79%,-0.34%,-0.68%,+2.74%,+2.74%,+8.99%,-5.34%,+0.97%,+4.15%
4912.TW,+6.00%,-1.13%,+2.29%,+0.75%,+0.74%,+0.74%,-0.74%,-1.48%,-0.38%,-4.91%
3015.TW,+1.24%,+2.92%,+2.54%,-2.62%,-0.30%,-0.30%,-1.05%,-0.45%,+0.76%,+0.91%
00894.TW,+2.34%,+0.67%,+1.42%,-1.49%,+0.90%,+0.90%,-0.56%,-0.19%,-0.99%,+1.38%
3703.TW,+0.51%,+0.50%,-0.83%,-1.01%,+0.17%,+0.17%,+0.68%,+3.88%,+0.65%,+0.16%
1735.TW,+1.80%,-1.26%,+0.00%,+0.26%,+0.26%,+0.26%,+0.76%,+0.00%,-0.25%,+0.25%
1522.TW,+2.75%,-0.60%,-0.15%,-2.40%,-0.61%,-0.61%,-0.77%,+0.16%,+0.47%,-0.31%
00712.TW,+1.13%,+0.31%,+0.81%,-0.40%,+0.10%,+0.10%,+0.61%,-0.40%,+0.91%,+0.60%
00924.TW,+0.35%,+1.20%,+0.27%,-0.65%,+0.31%,+0.31%,-0.27%,+0.00%,+1.19%,+0.15%
6504.TW,+0.77%,-0.46%,+0.77%,-0.76%,-0.77%,-0.77%,+1.24%,+0.61%,-0.46%,+0.61%
6955.TW,+0.71%,+3.51%,+0.34%,-0.68%,-2.04%,-2.04%,-0.69%,+3.50%,+0.34%,-1.01%
6776.TW,+0.68%,-0.51%,+0.00%,-0.51%,+0.17%,+0.17%,+0.17%,+0.34%,-0.17%,+0.68%
6196.TW,+1.72%,+1.36%,+0.00%,-1.00%,-0.68%,-0.68%,-0.34%,+1.02%,+1.69%,+0.33%
3002.TW,+1.87%,+0.74%,+1.09%,+8.66%,-3.65%,-3.65%,+1.03%,+1.02%,-0.34%,+2.37%
4989.TW,+1.46%,+0.57%,+0.57%,-1.14%,+1.72%,+1.72%,+2.26%,+0.83%,-0.27%,+1.10%
6405.TW,+1.17%,+1.82%,+1.63%,-3.04%,+0.17%,+0.17%,-0.99%,+3.33%,-0.65%,+1.62%
2423.TW,-0.56%,+3.63%,-0.88%,+0.66%,-0.99%,-0.99%,-2.88%,+0.91%,-0.90%,+0.46%
00673R.TW,-0.57%,+1.58%,+0.28%,-0.56%,-1.56%,-1.56%,-0.43%,+2.74%,-0.98%,+0.43%
1616.TW,+1.97%,+1.93%,-0.54%,+2.72%,+0.53%,+0.53%,-1.58%,+3.49%,+2.07%,+0.76%
6671.TW,+1.41%,+1.50%,+0.00%,+0.46%,-1.36%,-1.36%,+0.00%,+0.23%,-0.23%,-0.23%
3593.TW,+0.52%,+0.00%,+0.38%,+0.00%,-4.09%,-4.09%,+0.00%,+0.27%,+0.13%,+0.40%
2546.TW,+0.86%,+1.98%,-0.69%,-0.14%,-0.14%,-0.14%,-0.42%,+0.70%,+1.12%,+0.00%
1220.TW,+0.60%,+0.30%,+0.59%,-2.94%,-0.61%,-0.61%,-0.30%,+1.53%,+0.90%,+0.60%
1307.TW,+1.69%,+8.18%,+0.35%,+1.18%,+0.70%,+0.70%,+5.90%,+0.44%,+0.00%,-3.48%
4960.TW,-1.06%,+0.00%,-0.36%,+0.72%,-1.79%,-1.79%,-0.36%,+1.46%,+1.80%,-2.12%
3437.TW,+1.22%,+1.68%,+0.47%,-0.71%,-1.42%,-1.42%,-1.20%,+4.14%,+0.47%,+1.40%
00911.TW,+0.75%,+1.76%,+0.15%,-1.00%,+0.62%,+0.62%,+0.12%,+0.58%,+0.80%,-0.11%
6024.TW,+0.17%,-0.17%,-0.17%,-0.86%,+0.00%,+0.00%,-0.35%,+0.90%,-0.52%,+0.70%
2637.TW,+2.60%,-0.95%,-0.80%,+2.10%,-1.11%,-1.11%,+4.31%,+4.44%,+2.20%,+8.32%
00683L.TW,-1.83%,-0.41%,+0.04%,+0.98%,+0.24%,+0.24%,-0.52%,-0.97%,-0.90%,-0.82%
1513.TW,+0.67%,+1.99%,-1.30%,-1.64%,-1.00%,-1.00%,-1.01%,+1.71%,-0.67%,+1.01%
1455.TW,+2.63%,+1.17%,-0.95%,+0.00%,-0.32%,-0.32%,+0.11%,+3.41%,+0.41%,+0.00%
3038.TW,+1.71%,+1.50%,+0.55%,-0.18%,-0.92%,-0.92%,+0.19%,+1.48%,+0.55%,+2.54%
8996.TW,+1.44%,+1.77%,+6.62%,-2.29%,+1.67%,+1.67%,+5.26%,-3.75%,+0.49%,+2.10%
8011.TW,+2.71%,+1.54%,+0.87%,-0.21%,-1.08%,-1.08%,-0.22%,+1.53%,+0.21%,+0.43%
2485.TW,+1.97%,-0.65%,+0.32%,-1.94%,-1.32%,-1.32%,+0.67%,+3.32%,+0.96%,-0.64%
2945.TW,+0.39%,+0.26%,+0.26%,+0.00%,+0.13%,+0.13%,+0.38%,+1.40%,-0.75%,-0.50%
3708.TW,+1.59%,+1.08%,-0.71%,+0.84%,+1.42%,+1.42%,-1.99%,+1.55%,+2.23%,+0.00%
1466.TW,+0.85%,+2.11%,+2.89%,+0.40%,+0.40%,+0.40%,+0.80%,-0.79%,+0.40%,+3.17%
00631L.TW,+3.90%,+0.52%,+1.66%,-1.67%,+0.81%,+0.81%,-0.23%,+0.72%,-2.03%,+3.08%
2108.TW,+0.61%,+2.74%,-0.45%,-0.15%,-1.19%,-1.19%,-0.91%,+2.29%,+0.45%,+0.74%
1409.TW,-0.34%,+1.35%,-0.66%,+1.00%,-1.32%,-1.32%,+0.00%,+1.68%,+0.00%,-0.33%
4588.TW,+0.73%,-0.72%,+0.36%,-5.70%,+0.00%,+0.00%,+0.13%,+0.26%,+1.92%,-0.75%
2049.TW,+2.94%,+2.86%,+0.31%,-0.92%,+6.99%,+6.99%,-2.03%,-1.19%,+1.20%,+7.70%
1582.TW,+2.05%,+1.91%,-0.49%,+1.49%,+0.98%,+0.98%,+0.97%,+0.00%,+0.48%,-0.48%
8438.TW,+1.51%,+1.32%,+0.00%,+1.80%,-0.48%,-0.48%,+0.81%,+0.32%,+9.89%,+9.87%
1560.TW,+0.93%,+2.21%,-0.72%,-2.36%,+0.37%,+0.37%,-1.48%,+3.01%,+1.09%,+0.54%
9105.TW,+2.10%,-1.16%,-1.95%,-1.99%,+4.86%,+4.86%,+1.29%,+1.91%,-3.00%,-3.22%
2353.TW,+0.53%,+1.05%,+0.26%,-1.42%,-0.92%,-0.92%,+1.06%,+2.36%,+0.77%,+0.38%
8467.TW,+3.25%,+1.68%,+0.21%,+3.30%,-0.60%,-0.60%,-1.41%,+1.02%,+9.88%,+9.91%
2646.TW,+0.92%,-0.37%,+0.00%,-0.18%,+0.55%,+0.55%,+3.47%,+1.24%,-0.52%,+0.53%
1736.TW,-3.38%,+0.29%,+0.58%,-1.16%,-2.34%,-2.34%,-0.60%,-1.81%,+0.00%,+0.61%
4564.TW,+1.77%,+0.43%,+0.43%,+0.03%,+1.69%,+1.69%,-1.45%,-1.26%,+2.35%,-2.13%
2331.TW,+1.60%,+0.45%,+1.57%,+0.44%,-0.88%,-0.88%,+0.00%,+1.33%,+0.22%,-1.09%
9910.TW,+1.18%,-0.78%,-0.39%,-2.36%,+0.00%,+0.00%,-3.63%,+1.67%,+0.41%,+1.23%
5471.TW,+0.86%,+1.95%,+0.00%,-1.91%,-2.31%,-2.31%,+0.25%,+1.74%,+0.37%,+0.37%
00909.TW,-0.03%,+0.06%,+0.00%,+0.53%,+0.15%,+0.15%,-2.07%,+0.81%,+1.33%,+0.44%
2540.TW,+0.16%,-0.33%,-1.11%,+1.12%,-0.33%,-0.33%,+0.89%,+1.76%,+0.00%,+0.11%
2498.TW,+0.10%,+2.39%,-3.96%,+0.95%,-1.78%,-1.78%,+0.11%,+2.03%,-0.63%,+0.32%
1218.TW,,,,,,,,,,
00753L.TW,+0.44%,+1.32%,+4.99%,+2.48%,-1.21%,-1.21%,+1.84%,+6.32%,+1.60%,+2.14%
6861.TW,+0.99%,+0.00%,+0.98%,+0.16%,+0.49%,+0.49%,-0.16%,+0.00%,+4.04%,+4.35%
8110.TW,+2.31%,+0.75%,+0.37%,+0.37%,+0.00%,+0.00%,+0.37%,+7.01%,+4.14%,+0.66%
7765.TW,+2.36%,+0.00%,+1.23%,+1.98%,-0.75%,-0.75%,-0.90%,+2.12%,+2.82%,-1.44%
2481.TW,+1.86%,+3.01%,+0.73%,+0.31%,+1.14%,+1.14%,+0.10%,+4.19%,+0.39%,+0.59%
4722.TW,+0.71%,+0.60%,+9.00%,+7.52%,+0.51%,+0.51%,+2.21%,+5.65%,-4.25%,+0.33%
2477.TW,+3.92%,+3.02%,-0.73%,+3.51%,+0.00%,+0.00%,-1.43%,+1.27%,+1.25%,-0.18%
4438.TW,+0.31%,+0.10%,-0.10%,-0.31%,+0.41%,+0.41%,+0.51%,+1.01%,+1.10%,-0.50%
1414.TW,+0.78%,+0.00%,-0.78%,-3.91%,+0.61%,+0.61%,-2.02%,+1.24%,-0.20%,+0.41%
2393.TW,+4.69%,+1.53%,+3.02%,-1.47%,+0.46%,+0.46%,-2.28%,+1.05%,-1.73%,-0.12%
6269.TW,+0.95%,+10.00%,-0.28%,+0.43%,-2.41%,-2.41%,-2.03%,+0.59%,+0.44%,+0.29%
6937.TW,+5.63%,+1.10%,+0.47%,-0.15%,-3.25%,-3.25%,-1.44%,+1.94%,-2.38%,-0.81%
2305.TW,-0.36%,+1.44%,-0.71%,-2.15%,+0.73%,+0.73%,+9.82%,-0.33%,+1.00%,-1.32%
1611.TW,+1.69%,+0.66%,-0.99%,+1.00%,-1.98%,-1.98%,+0.34%,+2.68%,+0.65%,+0.32%
2913.TW,-0.52%,+0.53%,-0.52%,-1.05%,+0.80%,+0.80%,+0.53%,+3.67%,-0.51%,-0.25%
1457.TW,+0.25%,+1.01%,+0.00%,-0.25%,+2.00%,+2.00%,+0.00%,+0.25%,-0.24%,-0.74%
6230.TW,+6.35%,+1.49%,+0.00%,-1.47%,+9.85%,+9.85%,-2.72%,+1.68%,+0.55%,+0.82%
2413.TW,+1.72%,+3.81%,+0.00%,+0.00%,-1.22%,-1.22%,+0.62%,+1.44%,+0.40%,+2.22%
3535.TW,+0.63%,-0.52%,-0.83%,-1.89%,+2.04%,+2.04%,-1.05%,+0.21%,+0.42%,-2.32%
00908.TW,+0.00%,+1.30%,+0.24%,-0.72%,-0.16%,-0.16%,-0.16%,+0.08%,+0.97%,+0.48%
2103.TW,+0.00%,+1.50%,+0.00%,+1.23%,+0.73%,+0.73%,-0.24%,+3.86%,+0.47%,+0.46%
2317.TW,+3.64%,+1.17%,+2.89%,-2.25%,+2.87%,+2.87%,-1.12%,+1.69%,-1.11%,+2.53%
2488.TW,+1.22%,+1.37%,-0.51%,+0.34%,-6.78%,-6.78%,+0.00%,+0.73%,+1.62%,-0.53%
5534.TW,+2.16%,+3.88%,-2.83%,+4.55%,+0.11%,+0.11%,-0.78%,+1.35%,+0.44%,+2.65%
8163.TW,+2.11%,+1.72%,-0.23%,+0.34%,+0.56%,+0.56%,+0.56%,+0.67%,-0.66%,+1.00%
6743.TW,+5.94%,+1.29%,+3.11%,+0.00%,+0.00%,+0.00%,-2.91%,+1.15%,+0.11%,+1.71%
6890.TW,+2.21%,+2.81%,-0.84%,-0.32%,-0.11%,-0.11%,-6.06%,+1.02%,-1.01%,-2.60%
2431.TW,+2.11%,+2.07%,-2.70%,-2.08%,+3.55%,+3.55%,-1.37%,+2.08%,+1.02%,-1.01%
9921.TW,+1.07%,+4.95%,-0.67%,-2.37%,+0.69%,+0.69%,+3.79%,+1.00%,+1.32%,-0.65%
2451.TW,+1.88%,+0.69%,-0.46%,-1.15%,+0.81%,+0.81%,-0.23%,+2.31%,-0.11%,+0.57%
2010.TW,+0.56%,+0.56%,-0.28%,+2.23%,-2.45%,-2.45%,+0.28%,+4.46%,+1.07%,-0.26%
00770.TW,+0.95%,+1.37%,-0.18%,-0.59%,+0.49%,+0.49%,-0.02%,+0.26%,+1.05%,+0.20%
2516.TW,+3.73%,+9.77%,+4.22%,-0.67%,-8.60%,-8.60%,+0.99%,+1.23%,+0.97%,+2.40%
2302.TW,+1.67%,+2.46%,+3.73%,+0.51%,+0.51%,+0.51%,+2.04%,+0.25%,+0.00%,+5.47%
6957.TW,-0.26%,+1.29%,+0.00%,-2.54%,+6.27%,+6.27%,-2.21%,-1.01%,-0.76%,+0.26%
3025.TW,+0.73%,+0.73%,-0.43%,-1.88%,+0.29%,+0.29%,-1.03%,+1.19%,+3.08%,-0.14%
1432.TW,+1.17%,+0.00%,-1.39%,+1.64%,-0.46%,-0.46%,-1.62%,+0.00%,+1.89%,-0.93%
3661.TW,+3.08%,+0.15%,+7.61%,-3.47%,+1.29%,+1.29%,+1.56%,+2.37%,-1.50%,-0.55%
3033.TW,+1.47%,+0.29%,-0.14%,-0.29%,-0.29%,-0.29%,+0.15%,+0.58%,-0.72%,+0.15%
00646.TW,+0.16%,+0.89%,+0.08%,-0.80%,+0.48%,+0.48%,+0.16%,-0.16%,+1.05%,-0.08%
6592.TW,-0.50%,+1.26%,+0.12%,-0.37%,-0.25%,-0.25%,-1.13%,+2.41%,+2.85%,+0.00%
2314.TW,+1.16%,-1.43%,+1.75%,-3.29%,-2.37%,-2.37%,-1.06%,+0.77%,-0.76%,+1.07%
6451.TW,+0.44%,+2.42%,+2.36%,-2.52%,+2.15%,+2.15%,-1.68%,-0.21%,-1.29%,-0.22%
3308.TW,+2.20%,+3.11%,+0.23%,+1.62%,+0.23%,+0.23%,+1.82%,+0.45%,+0.00%,+0.00%
00700.TW,+0.13%,+0.76%,+2.14%,+2.77%,+0.48%,+0.48%,+0.42%,+2.91%,+0.17%,+1.21%
6224.TW,+3.26%,+0.53%,-0.35%,-0.35%,-0.35%,-0.35%,-0.35%,+1.77%,+1.91%,+0.00%
2038.TW,+0.62%,+1.54%,-2.73%,+9.97%,-3.97%,-3.97%,-1.18%,+9.85%,+5.98%,-0.51%
3712.TW,+1.48%,+2.75%,+0.47%,-1.72%,+3.67%,+3.67%,-1.23%,-0.93%,+0.47%,+1.56%
4137.TW,+1.41%,+2.78%,+0.00%,+0.45%,-3.14%,-3.14%,+0.46%,+1.84%,+1.36%,+1.34%
2739.TW,+1.58%,-1.36%,+1.97%,+0.39%,+0.58%,+0.58%,-0.38%,-0.19%,-0.58%,-0.19%
5225.TW,+2.64%,-0.37%,-2.95%,+0.38%,-1.89%,-1.89%,+2.32%,+1.13%,+0.37%,+3.35%
1438.TW,-1.64%,+0.00%,-1.48%,-0.19%,-1.51%,-1.51%,+1.34%,+0.19%,+1.32%,+1.68%
4927.TW,+9.77%,+0.27%,+1.06%,-1.05%,-3.58%,-3.58%,-1.65%,-0.28%,+9.94%,+9.94%
2511.TW,+0.00%,+2.48%,-1.93%,+0.00%,-0.99%,-0.99%,+1.00%,+1.97%,+0.00%,+0.00%
00830.TW,+0.28%,+1.89%,+0.88%,-1.56%,+0.51%,+0.51%,+0.14%,+0.51%,+0.81%,+0.57%
8150.TW,+0.99%,+2.12%,+1.92%,+0.16%,+0.47%,+0.47%,+0.00%,+2.80%,+0.30%,+0.15%
6438.TW,+9.95%,+3.66%,+0.21%,-6.85%,-0.45%,-0.45%,-1.38%,+0.23%,-0.91%,+2.53%
2359.TW,+4.01%,-0.35%,+1.06%,+0.35%,+4.51%,+4.51%,+1.99%,-1.95%,-3.65%,+6.55%
2891.TW,+1.42%,+0.51%,+0.38%,+1.01%,-0.25%,-0.25%,+0.50%,+0.62%,-1.36%,+1.75%
6706.TW,+2.63%,+2.05%,+1.81%,-3.84%,+2.97%,+2.97%,-0.70%,+9.72%,-2.74%,+2.82%
2455.TW,+1.64%,+3.23%,+4.06%,-3.00%,-1.55%,-1.55%,-1.26%,-0.32%,+0.00%,+0.32%
2492.TW,+3.24%,-0.10%,+0.42%,+0.21%,-0.94%,-0.94%,-0.84%,+3.18%,-0.31%,+0.00%
2347.TW,+1.26%,+0.42%,+0.14%,-1.10%,-1.12%,-1.12%,+0.71%,-0.28%,-0.28%,+0.85%
2332.TW,-0.84%,-0.63%,+4.66%,-0.81%,+0.41%,+0.41%,-2.64%,+2.71%,-0.81%,-0.41%
6789.TW,+0.82%,-0.33%,+4.25%,+1.57%,-1.54%,-1.54%,-1.57%,+0.48%,-1.90%,+2.26%
2404.TW,+0.61%,-0.81%,+0.00%,-2.76%,-1.47%,-1.47%,-0.32%,+0.21%,-4.27%,+3.35%
1722.TW,+0.20%,+0.78%,-0.39%,-0.20%,+0.39%,+0.39%,+0.00%,+2.34%,+0.00%,+0.00%
4916.TW,+10.00%,+2.70%,+5.95%,+1.57%,-1.41%,-1.41%,+1.30%,-0.51%,-2.07%,+9.91%
00953B.TW,-0.29%,+0.10%,-0.29%,+0.10%,+0.00%,+0.00%,-0.10%,-0.19%,+0.10%,+0.00%
1418.TW,+2.68%,-0.19%,+0.93%,-2.22%,+0.76%,+0.76%,-0.38%,+0.00%,+0.00%,-1.32%
00663L.TW,+4.12%,+0.64%,+1.52%,-1.88%,+1.14%,+1.14%,-0.29%,+0.77%,-2.15%,+3.10%
2923.TW,+4.20%,+1.27%,-0.21%,-2.52%,+0.43%,+0.43%,-1.07%,+2.17%,-1.91%,+2.16%
1453.TW,-1.06%,+0.36%,+0.35%,+9.89%,+9.97%,+9.97%,+1.75%,+4.02%,-0.28%,-1.94%
1538.TW,+1.71%,+0.34%,+0.00%,-2.85%,+0.00%,+0.00%,-0.34%,+0.00%,-0.17%,+3.81%
2466.TW,-1.11%,+0.56%,+1.68%,+2.53%,-1.39%,-1.39%,-6.63%,+3.14%,-0.56%,-0.57%
2612.TW,+1.96%,+0.51%,-0.38%,+1.02%,-0.13%,-0.13%,+1.39%,+6.62%,-0.82%,+8.27%
2367.TW,+0.66%,+2.12%,+1.12%,-3.16%,-1.79%,-1.79%,-1.16%,+2.02%,-0.16%,+1.49%
2426.TW,+3.32%,+0.46%,-0.68%,+1.38%,-2.27%,-2.27%,-0.46%,+3.96%,+0.00%,+2.24%
3031.TW,+2.88%,+1.51%,-0.85%,-1.50%,-1.30%,-1.30%,+0.00%,+4.63%,-1.05%,+2.77%
3189.TW,+1.49%,+2.63%,-1.13%,-0.83%,-1.25%,-1.25%,-1.59%,+3.98%,+0.21%,+3.20%
2206.TW,+1.28%,+0.00%,-1.12%,+0.14%,-1.13%,-1.13%,-0.43%,+0.29%,+0.00%,-0.29%
2030.TW,+0.00%,+0.90%,-0.59%,+3.87%,-2.01%,-2.01%,-1.17%,+7.40%,+1.93%,-0.27%
2881.TW,+1.66%,+1.31%,-0.75%,+1.19%,+0.43%,+0.43%,-0.43%,+0.00%,-0.32%,+0.97%
6928.TW,+2.73%,+0.47%,+2.80%,-3.18%,+9.86%,+9.86%,-1.85%,+0.00%,+4.50%,-1.67%
3443.TW,+2.66%,-1.85%,+4.15%,-3.26%,+1.12%,+1.12%,-1.11%,+0.00%,-1.12%,+7.20%
00952.TW,+1.89%,+0.82%,+1.33%,-0.91%,+0.61%,+0.61%,-0.20%,+0.71%,-1.01%,+0.61%
2329.TW,+2.14%,+3.44%,+4.34%,-3.05%,+1.00%,+1.00%,-2.40%,+3.19%,+1.54%,+5.12%
2316.TW,+2.44%,-0.60%,+0.40%,+0.60%,-1.29%,-1.29%,-1.30%,+1.02%,+0.60%,-0.40%
2834.TW,+0.33%,+0.33%,-0.66%,+0.00%,+0.33%,+0.33%,+1.33%,-0.33%,-0.66%,+1.32%
2022.TW,+0.00%,+1.01%,-1.56%,+9.93%,-3.80%,-3.80%,-1.92%,+9.90%,+1.98%,+3.88%
00660.TW,+1.15%,+0.79%,+1.07%,-0.75%,+0.65%,+0.65%,+0.88%,+1.08%,+0.43%,+0.13%
1310.TW,+0.20%,+0.70%,-0.90%,+0.00%,+0.40%,+0.40%,+0.50%,+6.47%,+0.47%,-1.86%
00703.TW,+1.01%,-0.28%,+2.29%,+1.75%,-0.54%,-0.54%,+0.76%,+3.49%,-0.05%,+1.56%
4551.TW,+1.00%,+2.96%,+2.39%,+0.93%,+4.63%,+4.63%,-2.21%,+0.90%,+2.24%,-2.63%
5608.TW,+2.27%,+0.32%,-0.63%,+1.27%,+0.63%,+0.63%,+0.63%,+9.94%,+2.26%,+5.25%
5203.TW,+0.99%,+0.00%,+9.76%,+9.78%,+2.83%,+2.83%,-2.36%,+2.82%,-1.96%,+2.40%
00865B.TW,-0.21%,-0.13%,-0.11%,+0.21%,-0.10%,-0.10%,-0.34%,+0.17%,-0.02%,-0.19%
7795.TW,+0.33%,+0.99%,+1.31%,-1.29%,+0.66%,+0.66%,+0.33%,-2.27%,+1.00%,+0.00%
4904.TW,+0.44%,-0.33%,-0.11%,-0.33%,-1.11%,-1.11%,+1.24%,-1.00%,-0.22%,-0.23%
6695.TW,+0.95%,-1.26%,-0.16%,-2.40%,-2.95%,-2.95%,-1.35%,+0.68%,+0.85%,+1.68%
8215.TW,,,,,,,,,,
3209.TW,,,,,,,,,,
1305.TW,-0.42%,+1.26%,-1.65%,+1.26%,+0.41%,+0.41%,+2.48%,+4.84%,+1.54%,+0.00%
00900.TW,+1.17%,+0.22%,+0.07%,-0.14%,+0.14%,+0.14%,+0.14%,+1.08%,-0.50%,+1.22%
3532.TW,+1.33%,+0.83%,-0.12%,-1.18%,-0.24%,-0.24%,+0.24%,+8.13%,+0.33%,+5.29%
1314.TW,-0.55%,+2.08%,-1.49%,+1.10%,+0.27%,+0.27%,+0.54%,+3.65%,+2.35%,+0.00%
6885.TW,+4.76%,-0.49%,-2.12%,-0.67%,+0.00%,+0.00%,+0.50%,+0.67%,+0.50%,+1.32%
1603.TW,,,,,,,,,,
1304.TW,+0.00%,+4.59%,-3.07%,+2.71%,-1.76%,-1.76%,+2.24%,+8.33%,+3.64%,-1.56%
00923.TW,+1.64%,+0.09%,+0.85%,-0.76%,+0.58%,+0.58%,-0.27%,+0.31%,-0.71%,+1.21%
6873.TW,+9.90%,-0.23%,-1.62%,+3.06%,+0.23%,+0.23%,-0.68%,+4.13%,-0.66%,-1.11%
9906.TW,-0.47%,+0.00%,-3.30%,+1.95%,-0.96%,-0.96%,+0.00%,+2.90%,-1.41%,+1.43%
1227.TW,+0.72%,+0.72%,+0.00%,-0.29%,-0.14%,-0.14%,+0.57%,+1.42%,-0.28%,+0.28%
2340.TW,+1.15%,+2.26%,+0.37%,-1.65%,-2.06%,-2.06%,-1.15%,+4.25%,-0.37%,+0.19%
3027.TW,+1.52%,-0.67%,+0.17%,+1.17%,-1.32%,-1.32%,+0.00%,+2.51%,+0.00%,+0.33%
3138.TW,+3.40%,+3.29%,+3.18%,-2.20%,+0.00%,+0.00%,-2.70%,+0.46%,+0.46%,+1.83%
3017.TW,+3.54%,+1.71%,+2.62%,-2.00%,+1.30%,+1.30%,+1.47%,+0.54%,+0.72%,+0.36%
3037.TW,+1.23%,+0.41%,+1.21%,-1.20%,+0.81%,+0.81%,-2.01%,+4.92%,-1.17%,-1.19%
4106.TW,+0.41%,+2.25%,-1.60%,+0.00%,-0.41%,-0.41%,-0.41%,+0.82%,+0.00%,+0.00%
3060.TW,+5.17%,+0.00%,+0.61%,-1.02%,+2.06%,+2.06%,-1.41%,+0.41%,+0.41%,+1.62%
1503.TW,+0.00%,+2.01%,-1.69%,-2.00%,+4.08%,+4.08%,-1.68%,+3.42%,-1.10%,+1.39%
4155.TW,+0.49%,+0.73%,+0.00%,+0.24%,+0.48%,+0.48%,+0.00%,+0.24%,+0.72%,+0.95%
2883B.TW,+0.00%,+0.25%,+0.00%,+0.25%,+0.13%,+0.13%,+0.13%,+0.00%,+0.25%,-0.25%
5215.TW,,,,,,,,,,
8482.TW,+3.47%,+5.74%,+6.79%,-0.42%,+0.00%,+0.00%,+2.98%,-1.24%,-1.26%,+3.81%
2607.TW,+0.85%,+1.01%,-0.66%,+0.00%,+0.33%,+0.33%,-0.17%,+0.83%,+0.00%,+0.33%
4755.TW,+2.50%,-0.81%,+0.41%,-1.63%,+0.00%,+0.00%,-1.24%,+2.52%,+0.00%,+0.82%
5469.TW,+3.67%,+0.93%,+2.21%,+0.90%,+0.89%,+0.89%,-1.06%,-0.54%,-0.54%,+1.81%
3305.TW,+5.05%,+2.85%,+1.31%,+0.86%,-2.57%,-2.57%,+0.15%,+0.29%,-0.15%,+0.88%
6214.TW,-0.36%,-1.81%,+4.43%,-0.71%,-1.42%,-1.42%,+1.81%,+2.48%,+0.00%,-0.35%
00640L.TW,+0.85%,+0.19%,-0.75%,-0.19%,-0.94%,-0.94%,+0.19%,+2.84%,-0.74%,+0.56%
6552.TW,+0.43%,+0.85%,+1.69%,+1.80%,-0.41%,-0.41%,-0.41%,+2.06%,+0.81%,+0.00%
1216.TW,+1.02%,+0.76%,-0.25%,-0.25%,-0.38%,-0.38%,+1.14%,+1.13%,+0.00%,+0.49%
2887.TW,+0.00%,+0.57%,-0.29%,-0.86%,+0.29%,+0.29%,+0.00%,+0.29%,-0.86%,+0.29%
1471.TW,+3.20%,-0.78%,+0.78%,+1.94%,-1.90%,-1.90%,-0.39%,+3.11%,+1.51%,-1.49%
2493.TW,+1.59%,+1.57%,+0.82%,-0.82%,+0.93%,+0.93%,-0.10%,+0.41%,-0.20%,+1.02%
1590.TW,+1.39%,+7.55%,-0.64%,-0.43%,+2.26%,+2.26%,-2.00%,+1.39%,+0.63%,+3.36%
020034.TW,,,,,,,,,,
00916.TW,+0.54%,+0.46%,-0.19%,-0.72%,-0.23%,-0.23%,+0.35%,+0.31%,+0.84%,+0.04%
00638R.TW,+1.59%,-1.01%,-2.15%,+0.69%,+0.00%,+0.00%,+0.11%,-1.72%,-0.82%,+0.00%
00919.TW,+1.18%,+0.52%,-0.17%,-0.22%,+0.17%,+0.17%,+0.00%,+1.12%,-0.34%,+1.11%
1710.TW,-0.69%,+1.39%,-1.03%,+4.15%,-2.99%,-2.99%,+0.68%,+4.76%,+0.97%,-1.61%
6213.TW,+0.71%,+0.85%,+0.98%,+0.56%,+6.08%,+6.08%,+1.56%,+2.31%,-1.50%,+0.13%
9103.TW,-2.31%,+0.63%,+0.63%,-0.47%,-2.66%,-2.66%,+0.32%,+0.32%,-0.16%,-0.48%
1452.TW,+0.34%,+0.34%,-0.68%,+2.74%,+0.33%,+0.33%,-0.66%,-0.33%,+0.67%,+0.00%
4746.TW,,,,,,,,,,
2337.TW,+1.35%,+3.47%,+0.77%,-0.77%,-0.52%,-0.52%,+1.04%,+7.18%,+0.96%,-0.47%
6796.TW,+0.69%,+1.59%,-0.34%,-0.56%,-1.02%,-1.02%,+0.00%,-0.80%,+0.00%,-0.23%
6133.TW,+9.83%,-1.53%,-0.26%,-0.26%,+1.83%,+1.83%,-0.51%,+1.29%,+0.00%,+1.02%
4569.TW,+3.73%,+0.30%,+0.60%,+4.15%,-1.14%,-1.14%,+4.32%,-3.31%,-0.57%,+2.01%
7799.TW,-4.33%,+1.05%,-3.10%,+0.00%,+1.60%,+1.60%,+0.88%,+11.46%,-5.76%,+4.13%
3036.TW,+0.98%,+2.42%,+0.47%,-0.94%,-0.47%,-0.47%,-0.48%,+0.48%,+0.00%,+0.48%
3518.TW,+3.28%,+1.13%,+0.45%,-0.67%,-0.67%,-0.67%,-1.81%,+7.14%,-0.43%,+1.30%
2495.TW,+1.63%,+1.76%,+1.57%,-0.93%,-6.73%,-6.73%,-1.34%,+1.70%,+0.33%,+1.33%
1341.TW,+0.00%,+0.15%,+0.58%,+1.01%,-0.57%,-0.57%,+0.72%,+0.29%,+0.28%,+0.43%
6225.TW,-5.33%,+2.11%,+2.76%,-3.36%,+0.69%,+0.69%,-1.38%,+0.70%,+0.69%,+5.86%
1444.TW,+0.59%,+0.94%,+0.23%,+0.23%,-0.58%,-0.58%,-0.47%,+1.88%,+0.69%,+0.00%
0056.TW,+1.19%,+0.25%,+0.39%,+0.08%,+0.39%,+0.39%,+0.00%,+0.89%,-0.14%,+0.85%
8463.TW,+0.84%,+0.62%,+0.00%,+0.21%,+0.62%,+0.62%,-1.23%,+1.66%,+0.41%,+1.22%
2364.TW,+1.40%,-0.25%,+1.00%,+0.37%,+9.90%,+9.90%,+3.60%,-1.63%,-1.77%,-0.11%
00882.TW,+0.08%,+0.32%,+0.32%,+0.00%,-0.47%,-0.47%,+0.08%,+1.50%,-0.39%,+0.94%
2377.TW,+1.03%,-2.79%,+0.78%,-1.04%,+2.62%,+2.62%,-1.53%,+0.52%,-2.06%,+2.89%
4583.TW,+9.96%,-0.94%,+3.09%,-0.35%,+2.54%,+2.54%,+0.68%,-2.58%,+2.87%,-0.89%
1236.TW,+0.00%,+1.32%,-0.22%,+0.00%,-0.22%,-0.22%,+1.53%,-1.07%,+0.00%,+1.08%
7711.TW,+2.86%,+0.00%,+6.21%,+0.46%,+15.47%,+15.47%,-1.46%,+0.00%,-0.40%,+7.16%
00910.TW,+1.09%,+1.73%,-1.06%,-1.04%,+2.89%,+2.89%,-1.43%,+0.29%,+2.90%,+0.28%
2397.TW,+6.47%,-0.92%,+2.00%,-0.52%,+2.37%,+2.37%,+0.13%,+1.41%,-0.25%,+0.63%
00678.TW,+1.38%,+2.51%,-1.26%,-1.78%,-1.43%,-1.43%,-0.80%,+0.98%,+1.42%,-0.31%
1608.TW,+1.22%,+3.02%,-0.98%,+3.94%,-0.76%,-0.76%,-2.49%,+5.29%,+2.98%,-1.08%
2006.TW,-0.43%,-0.43%,+0.44%,+0.58%,+0.43%,+0.43%,+0.29%,+3.43%,+0.69%,-2.06%
6715.TW,+4.08%,-0.33%,+0.00%,-2.95%,+0.68%,+0.68%,-1.34%,+1.70%,+0.00%,+1.34%
00946.TW,+1.56%,+0.66%,+0.22%,-0.65%,+0.11%,+0.11%,-0.11%,+1.48%,-0.32%,+1.19%
3034.TW,+0.00%,+1.48%,-0.55%,-1.10%,+0.00%,+0.00%,+1.49%,+0.73%,-0.91%,-0.37%
3588.TW,+3.29%,+1.43%,+1.41%,+0.46%,+1.39%,+1.39%,-1.52%,+2.62%,+3.31%,-0.73%
4994.TW,+1.50%,+0.49%,+1.47%,-1.45%,+0.98%,+0.98%,-1.94%,+0.00%,-0.99%,+0.50%
2603.TW,+4.86%,+0.00%,+0.49%,+0.49%,+2.66%,+2.66%,+0.00%,+1.41%,-1.86%,+2.13%
3528.TW,+0.20%,+0.39%,+0.00%,-0.20%,+4.31%,+4.31%,+0.94%,+1.30%,-0.55%,+0.00%
6854.TW,+2.53%,-1.97%,+0.00%,-0.25%,+9.82%,+9.82%,+9.86%,+9.19%,-1.72%,+0.00%
1459.TW,+0.33%,+0.22%,-0.43%,-0.22%,+0.76%,+0.76%,+0.75%,+0.96%,+1.27%,+0.42%
3016.TW,+1.85%,+2.30%,-0.36%,+0.00%,-1.07%,-1.07%,-1.68%,+6.23%,+1.61%,+3.62%
00852L.TW,+0.38%,+2.25%,-1.32%,-1.34%,+0.07%,+0.07%,+0.66%,-0.55%,+1.32%,-0.75%
6533.TW,+9.88%,+1.29%,+2.65%,-1.35%,-0.34%,-0.34%,+0.57%,+3.75%,-2.85%,+1.01%
9919.TW,+0.25%,+0.75%,-0.99%,+0.50%,-2.74%,-2.74%,-0.51%,+1.03%,-0.51%,-0.26%
1326.TW,-0.94%,+1.89%,-2.97%,-0.19%,-0.19%,-0.19%,+2.69%,+6.18%,+1.59%,+1.74%
1583.TW,+1.68%,+0.17%,+0.66%,+0.65%,+0.98%,+0.98%,-0.16%,-0.48%,+0.65%,+3.22%
00669R.TW,-0.46%,-1.24%,+0.47%,+0.94%,+0.00%,+0.00%,-0.31%,+0.00%,-0.62%,+0.31%
4919.TW,+2.10%,+1.73%,+1.06%,+1.48%,-2.39%,-2.39%,-1.38%,+3.02%,+0.52%,+1.04%
6142.TW,-0.45%,+0.45%,+2.26%,+1.77%,+2.17%,+2.17%,-1.28%,+2.16%,-0.84%,-1.28%
2321.TW,-1.66%,+4.05%,-2.92%,+0.33%,+0.00%,+0.00%,-0.67%,+0.00%,-3.36%,+3.47%
2327.TW,+6.55%,+0.35%,+0.00%,+0.70%,+0.00%,+0.00%,+0.52%,+2.60%,-0.84%,-0.34%
1473.TW,+2.86%,+0.70%,-0.14%,+0.00%,+1.52%,+1.52%,+0.27%,+0.14%,-0.14%,-0.95%
6278.TW,+0.00%,+1.90%,-0.93%,+0.94%,+1.40%,+1.40%,-0.92%,+0.93%,-1.38%,+0.93%
3005.TW,+1.26%,+0.00%,+0.83%,+0.00%,-2.46%,-2.46%,+0.42%,+0.00%,+0.00%,+0.00%
2009.TW,+1.93%,+3.11%,-1.57%,+10.00%,+2.79%,+2.79%,-7.31%,+5.09%,+3.63%,-1.87%
2610.TW,+1.42%,-0.60%,-2.81%,-0.62%,-0.62%,-0.62%,-0.63%,+0.63%,+0.63%,+0.83%
2836.TW,+0.00%,+0.87%,+0.00%,-0.86%,+0.00%,+0.00%,+0.00%,+0.43%,-0.43%,+0.43%
2611.TW,+2.52%,-0.22%,-0.67%,+0.00%,-1.58%,-1.58%,+0.00%,+3.44%,+0.22%,+0.88%
2379.TW,-0.53%,-4.77%,+2.60%,+0.72%,+0.36%,+0.36%,-0.36%,-0.36%,-1.26%,+0.36%
1760.TW,+2.12%,+1.96%,+0.56%,-1.68%,-1.83%,-1.83%,-0.58%,+1.17%,+1.85%,-1.25%
4552.TW,+0.66%,+0.22%,+0.00%,+0.43%,+2.60%,+2.60%,-0.63%,+0.85%,+2.32%,+1.44%
3533.TW,+4.69%,-0.84%,+6.21%,-2.93%,+0.27%,+0.27%,-0.82%,-0.28%,-1.38%,+0.00%
6120.TW,+3.64%,-1.17%,+0.79%,+0.39%,-3.13%,-3.13%,+9.68%,+1.10%,+1.09%,-0.36%
2882.TW,+1.99%,+0.60%,+0.00%,+0.75%,+1.63%,+1.63%,+0.29%,+0.00%,+0.00%,+0.44%
6456.TW,+1.77%,+3.09%,-1.31%,-0.19%,-0.19%,-0.19%,+0.38%,+3.61%,+0.00%,+0.92%
4737.TW,+0.15%,-0.60%,+0.00%,-0.91%,-0.76%,-0.76%,-1.38%,-1.40%,+4.27%,-0.76%
5434.TW,+1.59%,+0.00%,+0.17%,+1.39%,-0.17%,-0.17%,-0.34%,+0.52%,+0.34%,+0.17%
3059.TW,+2.83%,-0.25%,+2.38%,+0.98%,-1.09%,-1.09%,-1.23%,-0.12%,-1.87%,+6.46%
9924.TW,+0.78%,+0.58%,-1.34%,-0.19%,+0.00%,+0.00%,-0.58%,+0.78%,+0.97%,+0.00%
4938.TW,+2.13%,+0.73%,-0.21%,+0.10%,+0.62%,+0.62%,+0.00%,+0.31%,-0.92%,+0.52%
8499.TW,+0.80%,+0.00%,+1.20%,+1.57%,-1.55%,-1.55%,-0.79%,+0.79%,+0.00%,+0.00%
00898.TW,+0.55%,+2.74%,-1.60%,-0.95%,-1.50%,-1.50%,-0.69%,+0.84%,+0.97%,+1.10%
1470.TW,-1.75%,+2.01%,-2.19%,+1.12%,+0.00%,+0.00%,-1.77%,+0.45%,+1.35%,+1.77%
3338.TW,+3.87%,+0.34%,+1.69%,-1.66%,-0.84%,-0.84%,+1.36%,+1.18%,+0.00%,+1.33%
3702.TW,+0.57%,+1.00%,-1.27%,-1.57%,-0.72%,-0.72%,-0.29%,+0.73%,-0.58%,+0.58%
6136.TW,+0.43%,-0.64%,+0.65%,+1.07%,-1.48%,-1.48%,+0.86%,+1.71%,-0.42%,+1.05%
2548.TW,+1.38%,+1.36%,-0.90%,+1.36%,-1.34%,-1.34%,+0.00%,+1.36%,-0.89%,+1.35%
00922.TW,+1.48%,+0.27%,+0.59%,-0.82%,+0.55%,+0.55%,-0.18%,+0.32%,-0.82%,+1.10%
6835.TW,+8.31%,-2.14%,+3.34%,+0.00%,+0.45%,+0.45%,+0.89%,+1.43%,-0.22%,+3.37%
1210.TW,,,,,,,,,,
00651R.TW,-0.27%,-0.68%,-2.07%,-1.41%,+0.00%,+0.00%,-0.71%,-2.88%,-0.59%,-0.89%
2615.TW,+6.01%,-1.58%,+0.67%,+1.86%,+0.65%,+0.65%,+1.69%,+3.19%,+1.86%,+2.55%
4807.TW,+0.56%,-0.28%,-0.84%,-0.28%,+9.92%,+9.92%,-3.35%,+0.80%,+0.00%,+2.65%
2606.TW,+2.30%,-0.52%,-0.70%,+0.18%,+0.35%,+0.35%,+5.57%,+9.90%,-1.20%,+7.14%
5519.TW,+1.58%,+1.24%,-2.15%,+2.19%,-0.31%,-0.31%,-0.15%,+1.85%,+0.45%,+1.51%
1308.TW,+0.00%,+1.08%,-2.86%,+0.00%,-0.37%,-0.37%,+2.58%,+3.96%,+1.73%,+0.34%
6768.TW,+4.48%,+4.64%,-2.73%,-2.81%,+1.08%,+1.08%,-2.86%,+2.94%,+0.36%,-0.71%
3596.TW,+3.68%,+0.00%,-0.51%,-4.08%,+1.06%,+1.06%,+2.11%,+0.77%,-2.81%,+0.79%
6550.TW,+0.99%,+2.30%,+6.42%,-2.11%,-1.03%,-1.03%,+0.62%,+4.12%,+0.79%,-1.38%
6753.TW,+0.92%,+0.45%,+0.00%,-0.90%,-1.37%,-1.37%,+1.85%,-0.91%,+3.67%,-1.33%
6168.TW,+2.83%,+1.83%,-0.68%,+0.23%,-1.36%,-1.36%,+0.23%,+2.06%,+0.45%,+0.89%
4770.TW,+1.08%,+1.07%,+0.35%,-5.45%,-0.56%,-0.56%,+7.29%,+9.93%,+4.91%,-1.96%
2468.TW,+5.57%,+0.00%,+9.88%,+1.95%,+10.00%,+10.00%,-1.74%,+6.94%,-1.78%,-2.72%
2851.TW,+0.79%,+0.39%,-0.19%,+0.39%,+0.97%,+0.97%,+0.77%,+0.19%,-0.19%,+0.00%
3041.TW,+0.72%,-2.13%,+2.61%,-1.27%,-1.15%,-1.15%,-2.46%,+1.49%,-0.44%,+0.00%
2472.TW,+9.94%,-0.31%,+1.24%,+1.53%,-0.50%,-0.50%,-2.72%,+2.80%,-5.85%,+0.21%
6949.TW,+6.99%,+9.91%,+4.51%,+0.00%,+0.00%,+0.00%,+9.80%,+9.82%,+5.69%,+0.38%
6426.TW,+2.15%,+1.32%,+5.33%,-2.47%,+1.14%,+1.14%,+0.75%,+6.71%,-1.98%,-0.83%
6112.TW,+0.89%,+3.51%,+3.25%,+1.10%,-0.68%,-0.68%,-1.77%,-1.39%,-3.38%,+3.06%
2601.TW,+0.86%,+0.42%,+0.28%,+1.41%,-0.42%,-0.42%,+0.42%,+3.19%,+0.81%,+2.93%
6005.TW,+0.79%,+3.31%,-1.32%,-0.38%,+0.58%,+0.58%,-1.15%,+2.32%,+0.19%,+1.13%
2258.TW,+2.94%,+1.06%,+4.72%,-2.10%,+0.92%,+0.92%,+3.75%,-0.39%,-0.20%,-0.59%
3051.TW,+1.62%,+1.44%,+0.94%,-4.67%,-2.45%,-2.45%,+0.17%,+0.50%,+0.00%,+0.17%
00902.TW,+0.33%,+0.55%,+1.75%,-0.65%,-0.32%,-0.32%,-0.76%,+1.64%,+0.54%,-0.32%
2449.TW,+3.47%,+4.93%,+1.88%,-0.92%,+0.47%,+0.47%,+0.00%,+1.39%,+2.28%,+1.79%
2702.TW,+0.30%,+0.30%,+1.79%,-1.17%,-0.89%,-0.89%,-1.19%,+1.51%,+0.30%,-0.89%
2616.TW,+0.29%,+0.29%,+0.00%,+0.00%,+0.29%,+0.29%,-0.58%,+0.87%,+2.30%,+2.53%
00917.TW,-0.17%,+0.88%,+0.65%,-0.22%,-0.86%,-0.86%,+0.13%,+0.04%,+0.57%,+0.04%
3167.TW,+4.81%,+2.03%,+0.73%,-1.14%,+0.42%,+0.42%,+1.99%,+2.15%,-1.71%,+1.84%
6579.TW,+4.56%,+0.40%,+1.58%,-1.17%,+1.97%,+1.97%,-1.54%,+1.96%,+0.38%,+1.53%
00896.TW,+1.51%,+0.59%,+0.30%,-0.41%,+0.65%,+0.65%,-0.24%,+1.12%,-0.29%,+0.99%
2892.TW,+0.54%,+0.72%,-1.07%,+0.00%,-0.18%,-0.18%,+0.54%,+0.18%,+0.00%,-0.18%
2889.TW,+0.00%,+1.05%,-0.69%,-0.35%,-0.35%,-0.35%,-0.70%,+0.00%,+0.00%,+1.06%
2014.TW,-1.83%,-0.53%,-2.14%,+9.59%,-5.25%,-5.25%,-1.58%,+9.92%,+7.32%,-0.23%
2438.TW,+2.17%,+0.39%,+10.00%,+9.97%,+9.86%,+9.86%,+9.99%,+7.11%,-7.86%,-1.07%
2231.TW,+1.10%,+1.49%,-5.07%,+0.00%,-0.31%,-0.31%,-1.65%,+1.47%,+1.14%,+1.12%
2354.TW,+0.98%,+2.76%,+0.81%,-2.40%,+3.14%,+3.14%,-1.59%,+0.67%,-0.27%,+0.94%
8442.TW,+1.00%,+0.99%,+0.00%,+0.98%,+0.97%,+0.97%,+4.31%,+0.46%,-3.20%,+2.36%
00666R.TW,-0.60%,-0.60%,-2.41%,-1.68%,+0.54%,+0.54%,-0.54%,-3.32%,+0.09%,-1.11%
6541.TW,+0.46%,+2.30%,-0.15%,-1.65%,+2.90%,+2.90%,+3.41%,-1.00%,+3.33%,+7.84%
3150.TW,+0.32%,+0.00%,+9.94%,+1.87%,+0.00%,+0.00%,-0.85%,-1.14%,-0.14%,+0.58%
1904.TW,+0.79%,+1.57%,+0.00%,+1.54%,-1.01%,-1.01%,-1.02%,+2.07%,+1.01%,+1.00%
1512.TW,-0.56%,-0.57%,-0.57%,+0.29%,+0.00%,+0.00%,+1.43%,-0.99%,-1.71%,+2.17%
00939.TW,+1.22%,+0.43%,+0.14%,-0.28%,+0.36%,+0.36%,+0.14%,+0.92%,-0.14%,+0.63%
3062.TW,+2.22%,+0.47%,-0.46%,-0.93%,+0.47%,+0.47%,+5.30%,-1.63%,+0.30%,+0.00%
4571.TW,+8.12%,+0.23%,+0.94%,+9.98%,-1.05%,-1.05%,-2.13%,-1.53%,-0.88%,+6.70%
9929.TW,+0.95%,+0.00%,+0.00%,+0.00%,-0.31%,-0.31%,+0.00%,+0.63%,+0.62%,+0.00%
3043.TW,+1.56%,+3.52%,+2.07%,+2.90%,+0.28%,+0.28%,+0.42%,+0.70%,+0.42%,-1.24%
3416.TW,+5.49%,+0.00%,+0.00%,+1.16%,-0.29%,-0.29%,-2.58%,+0.88%,+0.00%,+1.17%
2115.TW,+0.68%,+0.51%,+1.01%,+0.17%,-0.50%,-0.50%,+0.34%,+0.17%,+0.33%,+0.50%
4142.TW,-0.99%,-0.80%,+0.60%,-3.59%,-0.83%,-0.83%,-1.46%,+2.12%,-0.83%,-1.05%
5388.TW,+1.15%,+0.75%,-0.75%,-5.66%,+1.20%,+1.20%,+0.40%,+2.76%,+0.00%,+1.15%
1541.TW,+2.48%,+0.00%,+0.00%,-0.93%,+9.96%,+9.96%,-3.25%,+1.06%,+1.22%,-0.69%
2530.TW,-2.64%,+0.00%,-1.03%,+1.83%,-0.38%,-0.38%,+0.39%,+1.92%,-0.75%,+1.27%
3419.TW,+2.07%,+1.45%,+1.14%,-1.13%,+1.71%,+1.71%,+0.28%,+2.24%,-0.27%,+0.00%
5222.TW,+0.82%,+2.02%,+0.00%,-1.19%,+0.00%,+0.00%,-0.40%,+1.61%,+1.19%,-1.18%
1528.TW,+5.17%,+3.86%,-1.69%,-1.72%,-1.05%,-1.05%,+2.12%,+0.69%,+2.75%,-2.01%
8072.TW,+1.25%,+0.21%,+2.26%,-0.60%,+0.40%,+0.40%,-0.20%,+0.81%,+4.21%,-1.54%
6666.TW,+0.11%,+1.64%,-1.40%,-0.33%,+0.55%,+0.55%,+0.00%,+3.27%,-1.05%,+2.99%
2344.TW,+1.07%,+2.11%,-1.03%,-0.70%,+0.00%,+0.00%,+2.11%,+9.97%,+7.19%,+8.16%
1460.TW,+0.57%,+0.00%,+0.14%,+0.43%,-0.85%,-0.85%,-0.14%,+2.15%,-0.28%,+1.40%
00735.TW,+1.70%,+0.64%,+0.73%,-0.33%,+0.69%,+0.69%,-0.48%,+0.39%,-0.51%,+1.02%
2105.TW,-0.59%,+3.17%,-1.54%,-0.98%,-0.20%,-0.20%,-1.88%,+1.31%,+2.78%,+0.97%
2460.TW,+1.11%,+0.88%,+4.56%,-1.24%,-0.84%,-0.84%,-0.85%,+0.64%,+0.21%,+0.00%
4999.TW,+0.79%,+0.47%,+0.31%,-0.78%,+1.72%,+1.72%,-0.62%,+0.78%,+0.31%,-0.15%
3035.TW,+4.80%,-1.04%,+1.26%,+0.62%,-0.83%,-0.83%,+0.42%,+1.87%,+2.04%,-0.60%
2357.TW,+1.55%,-0.76%,+1.99%,+0.60%,-0.60%,-0.60%,+1.50%,+0.59%,-0.15%,+0.44%
00686R.TW,-2.63%,+0.45%,-0.90%,+0.45%,+0.00%,+0.00%,+0.00%,-0.45%,+1.36%,-1.34%
2801.TW,+0.28%,+0.28%,-0.55%,-0.28%,+0.00%,+0.00%,+0.28%,+0.00%,+0.28%,+0.00%
3040.TW,+0.31%,+6.78%,-0.20%,+0.20%,-1.95%,-1.95%,-0.40%,-0.10%,+0.90%,+0.60%
2491.TW,+2.83%,-0.39%,+0.00%,+1.58%,-0.78%,-0.78%,+0.39%,+5.47%,-0.74%,+1.87%
2439.TW,+0.96%,+9.00%,-2.61%,-1.34%,-1.81%,-1.81%,-0.92%,+3.72%,-0.45%,+0.90%
2371.TW,-0.24%,+2.42%,+0.12%,+0.12%,-1.18%,-1.18%,-0.12%,+2.51%,+0.81%,-0.69%
00903.TW,+1.79%,+0.42%,-1.08%,-0.79%,+0.12%,+0.12%,+0.00%,-0.25%,+1.91%,-0.18%
2614.TW,+1.22%,+1.51%,+1.19%,+0.88%,-0.58%,-0.58%,-1.46%,+2.97%,+0.29%,+0.29%
2204.TW,+0.73%,-0.12%,+0.24%,-1.44%,-1.47%,-1.47%,-0.62%,+1.25%,+0.37%,-0.12%
5871.TW,+0.43%,+2.60%,-0.42%,+0.00%,+3.81%,+3.81%,-0.41%,+1.64%,+2.02%,+0.79%
1110.TW,+1.04%,+0.52%,-0.51%,+0.00%,-2.06%,-2.06%,+1.84%,+2.84%,+0.25%,+3.01%
2429.TW,+0.17%,+2.88%,+1.81%,-3.72%,+8.22%,+8.22%,+0.78%,+9.69%,-0.28%,+3.09%
1809.TW,+2.90%,+5.38%,-0.73%,+0.98%,-3.64%,-3.64%,-1.51%,+1.28%,+0.76%,-1.00%
2342.TW,+0.17%,+1.49%,+0.33%,+0.00%,+0.16%,+0.16%,+0.32%,+1.46%,+1.75%,+0.00%
1609.TW,+1.63%,+1.60%,-1.33%,+1.97%,-1.20%,-1.20%,-0.61%,+2.21%,+2.76%,-0.82%
1440.TW,+0.00%,+1.83%,-0.36%,-0.72%,+0.00%,+0.00%,+0.00%,+3.27%,+0.70%,+0.35%
5269.TW,-0.24%,-0.98%,+9.85%,+0.00%,+0.22%,+0.22%,-1.12%,-2.71%,+0.93%,+0.92%
2069.TW,+0.59%,+2.34%,-0.29%,+2.29%,-0.56%,-0.56%,-1.13%,+6.55%,+2.67%,-1.82%
5285.TW,+0.50%,+3.80%,+2.12%,-0.57%,+0.00%,+0.00%,+0.19%,+1.33%,+0.37%,-0.56%
6243.TW,+1.00%,+0.11%,+0.11%,-1.09%,+0.11%,+0.11%,-0.66%,+0.56%,+1.11%,+0.55%
3229.TW,+0.00%,+1.75%,+2.87%,-2.79%,+0.29%,+0.29%,+0.86%,+1.70%,-0.28%,-0.28%
9941.TW,-1.72%,+2.62%,+0.43%,-0.42%,+0.43%,+0.43%,-1.27%,+2.58%,+1.67%,-0.82%
1301.TW,-0.15%,+1.62%,-2.90%,+0.15%,+1.34%,+1.34%,+4.85%,+5.05%,+2.54%,+2.73%
6202.TW,+1.97%,+1.07%,+0.96%,+1.68%,+2.17%,+2.17%,+0.41%,+2.52%,+1.38%,-0.97%
912000.TW,-0.31%,+0.00%,-0.62%,+0.31%,-1.57%,-1.57%,+0.00%,+0.64%,+1.90%,+1.55%
4766.TW,-0.31%,+2.93%,+1.20%,+0.59%,+3.38%,+3.38%,-1.14%,-0.86%,-1.89%,+1.78%
1101.TW,-0.48%,+1.29%,-0.95%,-0.16%,+1.12%,+1.12%,+1.27%,+4.86%,-1.20%,+1.36%
3504.TW,+1.87%,+4.17%,+0.64%,+4.93%,+2.88%,+2.88%,-0.29%,-1.18%,-1.49%,+9.86%
2903.TW,+0.23%,+0.23%,+1.61%,+1.36%,+1.34%,+1.34%,-0.66%,+2.66%,+0.86%,-1.71%
5521.TW,+0.00%,+5.12%,-1.77%,+0.00%,-1.80%,-1.80%,+1.38%,+0.45%,+0.90%,+0.00%
6669.TW,+4.23%,+1.19%,+3.30%,-0.68%,+2.30%,+2.30%,-0.22%,-4.50%,-3.54%,+2.20%
2421.TW,+0.98%,+0.54%,+0.75%,-0.64%,-0.43%,-0.43%,-0.21%,+0.86%,+1.17%,+1.05%
1525.TW,+1.75%,+0.69%,+0.34%,+0.34%,-1.36%,-1.36%,+0.69%,+3.25%,-1.16%,+1.17%
6239.TW,+0.45%,+0.90%,+1.34%,+2.20%,+0.86%,+0.86%,-0.85%,+2.59%,-0.42%,+8.02%
9907.TW,+0.33%,+1.33%,-0.66%,+0.00%,+1.32%,+1.32%,-0.98%,+1.97%,+0.65%,+0.32%
6830.TW,+4.21%,-2.02%,+2.06%,+0.34%,-0.67%,-0.67%,+0.00%,+2.03%,-0.33%,-0.33%
00891.TW,+1.71%,+0.16%,+1.08%,-0.96%,+0.43%,+0.43%,-0.43%,+0.86%,-0.48%,+1.40%
3010.TW,+0.00%,+1.74%,-0.43%,+0.00%,+0.43%,+0.43%,-0.43%,+0.43%,+0.43%,+0.43%
2886.TW,+0.00%,+0.78%,-0.38%,-0.39%,-0.52%,-0.52%,+0.52%,+0.13%,+0.13%,+0.26%
2376.TW,+4.57%,-0.99%,+2.01%,+0.20%,+0.98%,+0.98%,+0.19%,+2.52%,-1.52%,+0.38%
5706.TW,+1.22%,-0.15%,+0.91%,+0.00%,+0.15%,+0.15%,-0.75%,+0.15%,-0.75%,+0.91%
1419.TW,+0.12%,+1.19%,-0.71%,-0.71%,+0.48%,+0.48%,+0.83%,+0.35%,+0.12%,+1.87%
6412.TW,+1.20%,-1.98%,+3.23%,-0.78%,-1.18%,-1.18%,-0.80%,+2.41%,-0.39%,+1.18%
4720.TW,+0.79%,+0.52%,+0.52%,+2.33%,+1.27%,+1.27%,+0.25%,+0.75%,+0.25%,-0.74%
3019.TW,+10.00%,+2.56%,+3.05%,-2.15%,+6.04%,+6.04%,+2.59%,+0.51%,-2.01%,+3.59%
3545.TW,+1.61%,+1.58%,+0.52%,-3.10%,-2.13%,-2.13%,-1.36%,+4.00%,-0.13%,+0.93%
6655.TW,+2.38%,+0.00%,-1.94%,+3.56%,-1.53%,-1.53%,+0.78%,+1.54%,+0.00%,+0.76%
6283.TW,+0.54%,+0.18%,+3.24%,+0.70%,+2.43%,+2.43%,+0.34%,+1.18%,-2.50%,+2.22%
2458.TW,+0.32%,+0.32%,+2.85%,-1.23%,-2.49%,-2.49%,+0.32%,+1.59%,-0.63%,-0.63%
1597.TW,+3.79%,+4.97%,+0.00%,-1.45%,+0.98%,+0.98%,+6.31%,+0.00%,+0.00%,+2.28%
2432.TW,+0.84%,+1.11%,+0.27%,+1.23%,+0.14%,+0.14%,+0.00%,+1.08%,-1.07%,+0.14%
00665L.TW,-0.22%,+1.44%,+4.16%,+4.10%,-0.91%,-0.91%,+1.73%,+6.21%,-0.19%,+1.32%
2328.TW,+1.69%,+0.77%,+2.93%,-0.62%,+1.24%,+1.24%,-0.37%,+0.99%,-1.22%,+0.62%
9926.TW,+1.56%,+0.00%,-0.19%,-1.73%,+0.78%,+0.78%,+0.00%,+0.58%,-0.39%,+0.00%
6691.TW,+0.98%,+0.54%,-1.18%,-3.26%,-1.01%,-1.01%,-1.14%,-0.23%,-2.42%,+2.36%
1439.TW,+0.00%,-0.78%,+0.47%,+0.00%,+0.31%,+0.31%,-0.47%,+0.00%,+0.00%,+0.47%
4915.TW,+1.76%,+0.92%,+0.69%,-3.53%,+0.83%,+0.83%,+0.23%,+1.05%,+0.00%,+0.46%
0052.TW,+1.47%,+0.23%,+1.14%,-1.45%,+0.41%,+0.41%,-0.28%,-0.38%,-1.45%,+1.29%
00670L.TW,+2.14%,+2.39%,+0.25%,-1.11%,+0.62%,+0.62%,-0.14%,+1.23%,+2.10%,+1.19%
6901.TW,-0.15%,+4.81%,+0.00%,-1.92%,-1.06%,-1.06%,+0.61%,+1.52%,+0.60%,+0.00%
2241.TW,+1.54%,+0.17%,+0.00%,+0.34%,-1.84%,-1.84%,+3.92%,+1.81%,-0.97%,+0.16%
1447.TW,+0.29%,+1.42%,+0.70%,+0.70%,-0.42%,-0.42%,-0.28%,+2.65%,-0.54%,-0.55%
1213.TW,+2.94%,-1.59%,-0.32%,-0.65%,-1.30%,-1.30%,+1.65%,-0.32%,-0.65%,+0.33%
5234.TW,-2.32%,+0.53%,+0.00%,-4.46%,-0.27%,-0.27%,+1.93%,+1.35%,-2.13%,+2.72%
00653L.TW,+2.62%,-0.97%,-0.27%,-2.14%,-1.00%,-1.00%,-2.76%,+2.27%,-2.13%,-0.57%
3515.TW,+2.69%,-0.66%,+1.54%,-1.08%,+9.85%,+9.85%,+1.99%,-1.56%,-1.79%,+1.62%
1805.TW,+3.05%,-0.99%,-0.33%,+3.33%,+0.00%,+0.00%,+10.00%,-1.47%,-0.30%,-0.90%
2634.TW,+0.45%,+2.23%,-0.87%,-2.32%,-0.56%,-0.56%,-0.11%,+0.57%,+2.71%,-3.41%
00936.TW,+1.01%,+0.74%,+0.00%,-0.33%,+0.13%,+0.13%,+0.00%,+1.60%,-0.13%,+1.18%
6834.TW,+4.11%,-2.05%,+2.10%,-2.05%,+2.26%,+2.26%,-1.42%,+2.24%,-1.72%,+0.00%
2363.TW,+0.94%,-0.62%,+2.65%,+0.91%,-0.60%,-0.60%,-1.66%,+2.31%,+2.56%,-0.73%
2911.TW,+1.00%,-0.74%,-0.25%,+0.00%,-1.49%,-1.49%,-0.76%,+0.00%,+2.17%,+0.75%
6117.TW,+3.57%,+0.83%,+1.65%,+0.93%,-0.34%,-0.34%,+0.00%,+0.46%,+1.95%,+1.80%
3645.TW,+1.72%,+9.87%,+1.80%,+1.51%,+0.00%,+0.00%,+5.71%,-6.11%,-2.75%,+1.03%
2414.TW,+0.28%,+0.83%,+1.10%,+0.14%,+0.41%,+0.41%,-0.41%,+0.27%,-0.14%,+0.54%
2705.TW,+0.56%,+0.28%,+0.00%,-0.83%,+0.00%,+0.00%,+1.40%,+0.28%,+0.00%,-0.28%
2355.TW,+1.63%,+0.40%,+0.53%,-0.80%,-1.34%,-1.34%,-3.26%,+1.96%,+0.28%,+0.27%
1465.TW,-0.35%,+0.71%,-0.70%,+0.00%,+0.35%,+0.35%,-0.35%,-0.35%,+0.71%,+0.00%
1598.TW,+1.27%,+1.87%,-0.31%,-0.31%,-2.78%,-2.78%,+0.00%,+3.49%,-0.92%,-1.24%
00893.TW,+1.33%,+0.00%,+0.98%,-0.65%,-1.02%,-1.02%,-0.95%,+1.58%,+2.42%,+0.88%
2480.TW,+3.36%,-0.65%,+3.59%,-1.26%,+0.32%,+0.32%,+1.27%,-0.31%,-2.84%,+0.97%
2233.TW,+5.63%,+0.67%,+7.28%,-2.47%,+1.69%,+1.69%,-1.66%,-3.16%,-1.96%,+4.67%
2527.TW,+2.01%,+0.14%,+0.00%,-0.70%,-1.27%,-1.27%,-2.01%,+3.22%,-1.13%,+3.15%
4108.TW,+0.62%,+0.61%,+0.30%,-1.22%,-0.31%,-0.31%,+0.00%,+1.23%,+0.61%,-0.61%
2330.TW,+1.37%,+0.45%,+0.90%,-1.78%,+0.45%,+0.45%,-0.90%,-0.91%,-2.75%,+2.36%
2385.TW,+1.95%,+0.64%,+0.00%,-1.27%,+2.88%,+2.88%,-0.93%,+1.26%,-0.31%,+0.31%
1529.TW,+1.83%,+3.60%,-1.08%,+0.66%,-0.22%,-0.22%,+0.66%,+2.39%,+2.54%,-0.83%
1413.TW,+0.00%,-0.89%,+0.45%,-0.45%,-0.45%,-0.45%,+0.45%,+0.45%,+0.45%,+0.45%
3004.TW,+0.31%,+0.31%,-0.31%,-0.10%,+0.92%,+0.92%,+1.32%,+0.00%,+1.00%,+0.99%
3296.TW,+0.18%,+3.45%,-1.05%,-0.36%,-1.07%,-1.07%,+0.72%,+0.72%,+0.18%,+2.13%
910861.TW,+6.70%,+3.68%,+9.01%,-0.27%,+4.08%,+4.08%,-4.44%,-2.32%,+2.80%,-2.59%
6442.TW,+1.51%,+0.74%,+2.77%,-1.44%,+9.85%,+9.85%,-6.64%,+0.89%,-2.12%,-3.42%
8162.TW,+0.38%,+1.38%,+0.12%,-0.50%,-0.12%,-0.12%,-1.62%,+1.65%,-1.49%,+0.38%
8081.TW,+2.21%,+0.65%,+0.43%,+0.00%,+2.14%,+2.14%,+0.84%,+2.07%,+0.00%,-1.02%
1727.TW,+2.71%,+1.06%,+1.92%,+0.00%,-0.85%,-0.85%,-1.21%,+3.49%,-0.17%,-0.51%
4943.TW,+3.41%,+0.00%,+0.55%,-1.64%,+0.00%,+0.00%,-0.28%,-6.13%,+3.86%,-1.14%
1587.TW,+1.86%,-0.14%,+1.83%,-1.38%,-1.68%,-1.68%,+1.42%,+0.56%,+0.98%,+0.83%
2017.TW,+0.46%,+0.45%,-1.36%,+7.34%,-3.85%,-3.85%,+0.00%,+8.00%,+1.23%,-1.22%
2645.TW,+0.96%,+0.00%,+0.47%,-1.89%,-2.88%,-2.88%,+0.00%,-0.50%,+0.50%,+0.50%
6534.TW,-2.44%,-3.21%,-0.37%,-4.32%,+3.48%,+3.48%,+1.37%,+1.11%,-0.61%,+1.71%
2912.TW,+0.98%,+1.16%,-0.57%,+0.96%,-1.14%,-1.14%,+0.58%,+0.77%,+0.57%,-0.19%
6197.TW,+3.04%,+0.00%,+5.90%,-1.39%,+0.00%,+0.00%,-0.71%,+1.78%,+0.00%,+0.35%
9110.TW,+1.86%,-1.12%,+0.57%,-1.55%,+0.14%,+0.14%,-0.43%,+0.00%,-1.15%,+2.76%
9914.TW,+0.00%,+7.19%,-0.61%,-3.07%,+2.85%,+2.85%,+5.85%,+2.62%,-1.42%,-0.57%
3024.TW,+0.87%,+2.30%,+1.12%,-1.11%,-5.62%,-5.62%,-0.30%,+0.60%,-0.30%,+0.60%
2605.TW,+1.69%,+1.24%,-0.20%,+1.64%,-1.82%,-1.82%,+2.67%,+8.62%,+0.00%,+2.58%
2712.TW,+1.02%,+0.00%,+0.40%,+0.80%,-0.40%,-0.40%,-0.20%,+1.00%,+0.00%,-1.39%
3652.TW,+2.91%,+0.27%,+1.61%,+0.00%,-0.53%,-0.53%,+0.27%,+0.80%,+0.26%,+3.81%
4935.TW,+1.99%,+1.42%,-0.87%,-1.23%,+0.18%,+0.18%,+0.89%,+1.94%,-0.87%,+0.35%
1436.TW,+4.44%,+1.54%,-0.76%,+6.13%,+3.25%,+3.25%,+1.05%,-1.73%,+0.70%,-1.05%
1215.TW,+0.21%,+1.27%,-0.73%,-0.32%,-0.42%,-0.42%,+0.42%,+0.42%,+0.21%,+0.73%
1708.TW,+1.36%,+0.81%,-1.33%,-1.49%,+0.00%,+0.00%,-0.14%,+4.12%,+1.19%,+0.13%
2915.TW,+0.89%,+1.03%,-0.44%,+0.00%,-0.44%,-0.44%,-0.44%,+2.07%,+0.14%,-0.14%
7730.TW,+0.48%,+0.00%,+1.90%,+0.47%,-0.47%,-0.47%,+0.00%,-0.93%,+1.42%,-1.40%
8210.TW,+1.03%,+0.81%,+6.46%,-1.52%,+2.50%,+2.50%,+3.01%,+5.11%,-2.60%,+3.92%
2613.TW,+2.32%,+0.32%,+0.16%,+1.29%,+0.16%,+0.16%,+2.38%,+2.33%,+0.91%,+1.80%
2547.TW,+2.35%,+1.38%,-0.96%,+0.92%,-3.64%,-3.64%,+0.47%,+2.82%,+0.91%,+0.90%
00656R.TW,+1.42%,-0.89%,-2.18%,+0.39%,+0.39%,+0.39%,-0.26%,-1.69%,-0.53%,+0.00%
2399.TW,+2.20%,-0.20%,+1.76%,+0.39%,-1.73%,-1.73%,+0.98%,+0.97%,+2.30%,-1.12%
1468.TW,+1.20%,+1.18%,+0.39%,+0.00%,+0.39%,+0.39%,+0.77%,+0.38%,-0.38%,+0.38%
2820.TW,+0.00%,+0.00%,+0.00%,+0.00%,+0.00%,+0.00%,+0.00%,+0.00%,+0.33%,+0.00%
3042.TW,+1.13%,+1.22%,+0.60%,-0.90%,+0.90%,+0.90%,-0.50%,+3.00%,-0.97%,-0.49%
1563.TW,+0.00%,+1.69%,+1.16%,+0.16%,+1.47%,+1.47%,+2.10%,+0.00%,+0.79%,-0.63%
4934.TW,+1.22%,+1.21%,+0.80%,-0.79%,-1.59%,-1.59%,+1.21%,+10.00%,+0.36%,-1.45%
2424.TW,+0.84%,+0.17%,-0.17%,-0.17%,+0.00%,+0.00%,-0.50%,-0.17%,+0.00%,-1.51%
6271.TW,+0.81%,+2.41%,-0.78%,-1.98%,-0.40%,-0.40%,-1.21%,+5.74%,+1.55%,+0.38%
2441.TW,+0.00%,+0.97%,+0.80%,+0.16%,-1.58%,-1.58%,+0.48%,+1.28%,+0.00%,+0.63%
8464.TW,+0.91%,+1.92%,-2.89%,-0.11%,+0.34%,+0.34%,-0.80%,-1.49%,-2.10%,+2.62%
2442.TW,+0.40%,+2.61%,-1.96%,+2.40%,-0.19%,-0.19%,+2.15%,+1.72%,+0.38%,-0.19%
3257.TW,+0.52%,+0.69%,-0.34%,-0.69%,-1.04%,-1.04%,-2.62%,+0.18%,+1.79%,+2.82%
5244.TW,+0.00%,-1.00%,+2.36%,-0.66%,+6.41%,+6.41%,-1.97%,+0.85%,-2.10%,+0.97%
00915.TW,+0.66%,+0.49%,-0.12%,-0.37%,+0.16%,+0.16%,-0.29%,+0.87%,+0.04%,+0.61%
8940.TW,+0.63%,-0.63%,+9.94%,-4.62%,+0.60%,+0.60%,-1.60%,+0.00%,+0.61%,+1.01%
8021.TW,+2.35%,+1.38%,+1.21%,+1.94%,-0.15%,-0.15%,-0.73%,+0.89%,+0.44%,+0.58%
7780.TW,+1.11%,-0.83%,+1.39%,-0.55%,-1.38%,-1.38%,-0.56%,-1.12%,+0.57%,-0.56%
00671R.TW,-1.43%,-0.87%,-0.29%,+0.88%,-0.29%,-0.29%,+0.00%,-0.87%,-0.88%,-0.59%
8070.TW,+2.55%,+0.95%,-0.59%,-1.53%,-0.12%,-0.12%,-1.08%,+1.94%,+1.66%,+0.12%
1905.TW,+0.31%,+2.18%,-1.83%,+0.62%,-0.31%,-0.31%,+0.00%,+4.33%,+1.19%,+1.47%
1456.TW,+3.82%,+1.34%,-1.32%,+3.68%,-1.29%,-1.29%,+0.98%,-0.65%,+0.33%,+1.30%
1402.TW,+1.30%,+0.80%,+0.16%,-1.27%,-0.80%,-0.80%,+0.32%,+1.29%,+1.43%,-0.16%
1313.TW,+0.00%,+0.58%,-1.72%,+0.94%,-0.58%,-0.58%,+1.28%,+4.26%,+2.21%,-1.08%
3450.TW,+1.60%,+4.39%,+2.18%,+1.32%,+9.90%,+9.90%,-6.94%,-1.59%,-3.06%,-0.67%
3003.TW,+2.15%,+0.84%,+0.70%,-2.07%,-2.68%,-2.68%,-0.29%,+0.44%,+0.29%,+0.29%
00688L.TW,+1.07%,+3.18%,-0.39%,-1.29%,-0.39%,-0.39%,-1.84%,-1.60%,+2.58%,+0.66%
4555.TW,+3.96%,+5.33%,-1.57%,-2.20%,+2.50%,+2.50%,+0.00%,+0.49%,+7.65%,-1.69%
2444.TW,+1.79%,-1.17%,+5.62%,-8.68%,-3.68%,-3.68%,+9.87%,+9.86%,-2.90%,-1.36%
2323.TW,+1.67%,+3.18%,-1.09%,-1.71%,-0.72%,-0.72%,-0.41%,+2.69%,+0.50%,+0.30%
2368.TW,+0.93%,+0.23%,+4.35%,-2.63%,-0.68%,-0.68%,+0.00%,+2.72%,-0.22%,-0.44%
1476.TW,+0.92%,-0.18%,-0.55%,-0.18%,+0.18%,+0.18%,-0.74%,+2.97%,-0.36%,-3.07%
3058.TW,+1.71%,+1.01%,+2.67%,-1.62%,-0.99%,-0.99%,+0.33%,+1.33%,+1.31%,+0.32%
9933.TW,+0.76%,+1.39%,+0.75%,+0.37%,-0.86%,-0.86%,-0.37%,+1.87%,+1.22%,-0.24%
6277.TW,+0.81%,+0.54%,+1.46%,+0.00%,-0.66%,-0.66%,-0.40%,+0.00%,+0.27%,+0.53%
00961.TW,+1.07%,+0.42%,-0.21%,-0.42%,+0.11%,+0.11%,-0.11%,+1.48%,+0.21%,+1.04%
3716.TW,+0.53%,+0.53%,+0.00%,-0.13%,+0.13%,+0.13%,+0.13%,+0.26%,+1.96%,+0.13%
5607.TW,+2.52%,+0.94%,-0.93%,+0.23%,+0.00%,+0.00%,+0.47%,+2.21%,+2.39%,-0.11%
6152.TW,+5.74%,+2.33%,-1.14%,-2.68%,-3.54%,-3.54%,+0.82%,+2.43%,+0.79%,-0.39%
2476.TW,,,,,,,,,,
2890.TW,+0.45%,+0.89%,-1.10%,+1.11%,-0.88%,-0.88%,-0.44%,+0.89%,-0.66%,+2.00%
2486.TW,+0.47%,+0.00%,-0.47%,-1.87%,+1.90%,+1.90%,-0.47%,-0.47%,+0.94%,+0.47%
2454.TW,+2.35%,+0.00%,+0.00%,-2.95%,+2.03%,+2.03%,-1.66%,+2.36%,-0.99%,+2.66%
6226.TW,,,,,,,,,,
00875.TW,+2.37%,+2.05%,-0.12%,+0.46%,+1.14%,+1.14%,-0.52%,+0.69%,+1.11%,-0.07%
6257.TW,+2.34%,+1.28%,+0.85%,+1.68%,+3.71%,+3.71%,-1.06%,+0.40%,+0.13%,-0.40%
2617.TW,,,,,,,,,,
6414.TW,+5.46%,+2.34%,+0.82%,+0.49%,-0.64%,-0.64%,+0.16%,-2.10%,+0.83%,+1.80%
4739.TW,+0.94%,+0.19%,+0.19%,+3.72%,+0.72%,+0.72%,-1.25%,+1.99%,+0.00%,+0.71%
1626.TW,+0.00%,+0.36%,+0.00%,-0.36%,-2.14%,-2.14%,+0.36%,+0.36%,+1.09%,+0.36%
2482.TW,+2.43%,+3.46%,+0.00%,+0.63%,-0.62%,-0.62%,-0.42%,+4.82%,-0.80%,+1.01%
6869.TW,+3.35%,-1.18%,-1.49%,-0.30%,+0.30%,+0.30%,+1.21%,+1.20%,+2.96%,+0.00%
3168.TW,+0.21%,+0.85%,-0.63%,-1.05%,+1.71%,+1.71%,-1.78%,+0.75%,-1.27%,+0.11%
00935.TW,+1.83%,+0.31%,+0.88%,-1.17%,+0.48%,+0.48%,-0.57%,+0.66%,-0.79%,+1.50%
2236.TW,+3.72%,+3.59%,+3.46%,-1.26%,+1.27%,+1.27%,+9.62%,+3.44%,+1.85%,-1.09%
1225.TW,+1.59%,-0.62%,+0.10%,+0.73%,-1.35%,-1.35%,-0.53%,+2.54%,-0.41%,+3.63%
2731.TW,+0.00%,-0.41%,+1.23%,-0.40%,+0.41%,+0.41%,-0.40%,+0.41%,+0.81%,+1.20%
2380.TW,+0.44%,+0.88%,+3.49%,+2.95%,-6.15%,-6.15%,+0.00%,+1.75%,+3.86%,+0.62%
6206.TW,+9.72%,-1.90%,+8.74%,+9.82%,+4.47%,+4.47%,+6.23%,-0.37%,-2.21%,+3.76%
2852.TW,+0.20%,-0.59%,-0.40%,-0.20%,+0.40%,+0.40%,+0.00%,+0.00%,+0.40%,+0.60%
6862.TW,+4.64%,-0.32%,+0.63%,+3.79%,-3.04%,-3.04%,+0.31%,+1.88%,-1.53%,+4.05%
3026.TW,+1.85%,+0.79%,+0.00%,-0.34%,-0.56%,-0.56%,+0.00%,+0.34%,-0.34%,-0.34%
3617.TW,+1.87%,+1.07%,+0.91%,-0.60%,+1.06%,+1.06%,-0.60%,-0.60%,-4.08%,+1.10%
4576.TW,+9.97%,+4.69%,+0.90%,-2.37%,+0.00%,+0.00%,-1.82%,-3.70%,+1.28%,+5.06%
4590.TW,+6.67%,-0.39%,-1.18%,-4.37%,-2.49%,-2.49%,-1.70%,-1.73%,-3.08%,+4.55%
00905.TW,+1.47%,+0.29%,+0.87%,-0.65%,+0.43%,+0.43%,+0.07%,+0.14%,-0.86%,+0.94%
2338.TW,+0.74%,+1.16%,+1.04%,-2.38%,-1.27%,-1.27%,-1.71%,+4.80%,+0.21%,-0.83%
2501.TW,+1.91%,+0.42%,-1.25%,+1.47%,+0.00%,+0.00%,-0.21%,+2.91%,+1.41%,+2.19%
2597.TW,-1.25%,+0.63%,+0.00%,+2.84%,-1.23%,-1.23%,+0.93%,+0.62%,+0.92%,+3.64%
5907.TW,+0.00%,+1.92%,-0.47%,+0.47%,-1.42%,-1.42%,+0.00%,+2.87%,+1.40%,-0.92%
6757.TW,+4.63%,-0.44%,-2.67%,+1.14%,-5.64%,-5.64%,-1.67%,+1.82%,+0.36%,+2.02%
6792.TW,+5.19%,+2.07%,+7.33%,-4.22%,+0.91%,+0.91%,-0.45%,-0.45%,+0.00%,+1.52%
6722.TW,+2.46%,+0.00%,-0.40%,-0.10%,+0.00%,+0.00%,-1.51%,+0.00%,+0.41%,+0.20%
9908.TW,+0.66%,+0.00%,+0.16%,-0.33%,+0.16%,+0.16%,+0.00%,+0.66%,+0.65%,-0.81%
2855.TW,-0.19%,+1.55%,-0.57%,-0.38%,-0.19%,-0.19%,+0.00%,+0.58%,+0.58%,+0.76%
3032.TW,+4.83%,+2.88%,+1.79%,-2.31%,-1.01%,-1.01%,+0.34%,+0.91%,+2.02%,+1.21%
1477.TW,+0.71%,+0.28%,-0.14%,-1.97%,+1.01%,+1.01%,+0.28%,+0.57%,-1.41%,-0.14%
6505.TW,+2.71%,+0.00%,-1.61%,+1.64%,+1.76%,+1.76%,+3.75%,+2.64%,+2.17%,+3.44%
2405.TW,+2.91%,+5.14%,+3.42%,-1.65%,+4.09%,+4.09%,-0.69%,+0.23%,-2.09%,+5.21%
00752.TW,+0.32%,+0.41%,+2.41%,+1.82%,-0.39%,-0.39%,+1.14%,+3.51%,+0.42%,+1.71%
00878.TW,+0.86%,+0.18%,+0.31%,-0.09%,+0.27%,+0.27%,+0.22%,+1.07%,-0.26%,+0.84%
6754.TW,+0.77%,+0.15%,+0.92%,+1.21%,-4.64%,-4.64%,+0.00%,+1.73%,-0.15%,+0.46%
6477.TW,-1.03%,+1.55%,-2.55%,-8.38%,+0.57%,+0.57%,-2.41%,+2.33%,+5.83%,+0.81%
6742.TW,-1.03%,+9.93%,-0.94%,+1.36%,-0.27%,-0.27%,+5.25%,-1.41%,-4.15%,+0.00%
1340.TW,+0.23%,+0.35%,-0.11%,-0.69%,+0.46%,+0.46%,+0.81%,+1.71%,+0.56%,+0.89%
6770.TW,-0.54%,-1.35%,-3.83%,-4.26%,+4.15%,+4.15%,-1.99%,+5.52%,+1.10%,+0.54%
00655L.TW,-3.46%,+1.30%,+4.06%,-0.54%,-0.97%,-0.97%,+0.78%,+3.11%,+0.91%,-0.04%
2630.TW,+2.37%,+0.00%,-0.95%,-1.93%,+0.14%,+0.14%,+0.28%,+0.70%,+6.39%,-1.04%
2939.TW,+0.47%,+0.31%,+0.00%,-2.03%,+0.64%,+0.64%,-1.90%,+2.75%,+0.47%,+0.31%
3135.TW,+1.79%,-1.76%,-0.45%,+0.30%,-2.10%,-2.10%,+0.92%,-0.15%,-1.52%,-0.46%
2356.TW,+2.13%,+0.55%,+0.22%,-1.97%,+1.34%,+1.34%,+2.09%,+3.34%,-1.15%,+1.05%
6838.TW,+2.50%,+1.00%,-1.13%,-2.15%,+0.59%,+0.59%,+0.29%,+3.05%,+2.68%,-1.10%
6139.TW,+2.31%,+0.21%,+1.64%,-0.20%,-0.40%,-0.40%,+6.49%,-1.52%,-2.71%,+1.99%
1906.TW,+1.10%,+0.36%,-0.36%,+0.73%,-1.81%,-1.81%,+0.74%,+0.73%,+0.72%,+1.08%
1519.TW,-0.56%,+0.38%,-3.19%,+0.00%,+0.00%,+0.00%,-0.19%,+3.30%,-1.50%,+1.34%
2239.TW,+0.29%,+0.00%,+1.46%,+2.16%,-2.11%,-2.11%,-0.14%,+2.45%,+0.28%,+5.18%
1235.TW,+1.12%,-0.74%,+0.75%,-0.86%,+1.37%,+1.37%,+1.23%,+5.21%,-1.73%,+9.96%
8466.TW,+1.93%,+1.06%,+2.69%,-0.80%,-0.92%,-0.92%,-0.69%,-0.58%,+0.70%,-0.42%
1504.TW,-1.09%,+1.10%,+0.00%,-1.63%,-0.37%,-0.37%,-2.04%,+1.13%,-0.19%,-0.37%
6192.TW,+1.44%,+0.94%,+0.00%,+2.34%,-2.74%,-2.74%,-0.94%,+1.42%,+0.47%,+0.00%
2436.TW,+2.36%,+0.89%,+0.53%,-0.87%,+1.59%,+1.59%,-1.22%,+1.76%,+0.69%,+0.00%
2027.TW,-0.91%,+0.39%,-0.39%,+9.97%,+3.82%,+3.82%,-3.45%,+5.00%,-1.36%,-0.92%
00650L.TW,+0.00%,+1.18%,+4.03%,+3.36%,-0.72%,-0.72%,+2.11%,+6.33%,+0.20%,+1.07%
2440.TW,+1.25%,+0.82%,+2.45%,-2.39%,+0.00%,+0.00%,+0.41%,+2.44%,+0.00%,-0.40%
9918.TW,+0.76%,+0.00%,-0.50%,-0.38%,+0.13%,+0.13%,+0.63%,+0.25%,+0.00%,+0.00%
3711.TW,+2.54%,-0.31%,+2.17%,+1.22%,+0.60%,+0.60%,-1.19%,+3.02%,+2.64%,+1.71%
8033.TW,+1.03%,-1.31%,-2.65%,-6.26%,+0.64%,+0.64%,-1.42%,+0.48%,+9.41%,-2.77%
4967.TW,+3.29%,-0.13%,+0.13%,+9.94%,+2.43%,+2.43%,-1.58%,+5.40%,-0.87%,-0.99%
00954.TW,+0.69%,+3.29%,+1.10%,+0.22%,-0.54%,-0.54%,-0.87%,+1.54%,-0.33%,+1.96%
00675L.TW,+3.92%,+0.63%,+1.46%,-1.54%,+0.83%,+0.83%,-0.26%,+0.62%,-1.90%,+2.94%
2467.TW,+1.36%,+1.07%,-0.27%,-5.32%,+0.84%,+0.84%,+0.00%,+1.11%,+0.00%,+0.55%
6782.TW,+1.48%,-0.58%,+1.47%,+0.00%,-0.29%,-0.29%,+0.87%,+1.72%,+3.11%,+4.11%
6215.TW,+9.59%,+9.58%,+3.04%,+2.21%,+0.00%,+0.00%,-6.14%,+0.38%,-0.38%,+3.85%
00711B.TW,-0.12%,+1.05%,-0.18%,-0.06%,-0.24%,-0.24%,-0.55%,-0.62%,+0.93%,+0.18%
3653.TW,+4.89%,+3.39%,+6.15%,-6.18%,+5.35%,+5.35%,+0.39%,+3.11%,+2.26%,+4.43%
6674.TW,+0.00%,+2.12%,+0.41%,-1.45%,+0.21%,+0.21%,+1.05%,+3.52%,-2.00%,-0.41%
8462.TW,+0.45%,+0.00%,-0.45%,-0.45%,+0.00%,+0.00%,+0.00%,+0.00%,-0.45%,-0.45%
00680L.TW,+1.07%,+3.29%,-0.38%,-1.28%,-0.52%,-0.52%,-1.69%,-1.86%,+2.84%,+0.39%
5538.TW,+1.37%,+1.50%,+0.29%,+0.29%,-1.17%,-1.17%,-1.78%,+2.57%,-0.44%,+2.51%
9931.TW,+0.15%,+0.15%,-0.15%,+0.73%,+0.15%,+0.15%,+0.00%,-0.29%,+0.29%,-0.58%
8101.TW,-0.54%,+1.09%,+2.70%,-0.79%,-1.59%,-1.59%,+9.97%,+4.90%,-9.11%,+4.37%
4557.TW,-1.93%,+0.40%,+3.20%,+0.78%,+3.85%,+3.85%,-0.37%,+3.35%,-1.64%,-1.13%
7806.TWO,+8.48%,-1.99%,-2.97%,+0.28%,+0.00%,+0.00%,-1.39%,+1.41%,+0.00%,-0.69%
00696B.TWO,+0.23%,+1.45%,-0.13%,-0.54%,-0.35%,-0.35%,-0.71%,-1.13%,+1.34%,+0.06%
7595.TWO,-1.03%,+0.35%,+0.00%,+3.45%,+0.00%,+0.00%,-0.67%,+0.00%,-5.03%,+0.00%
3479.TWO,+5.30%,+1.78%,+1.86%,+5.77%,+2.87%,+2.87%,+1.40%,-0.92%,-2.31%,+1.90%
3171.TWO,+1.14%,+1.41%,+3.20%,-0.13%,+2.03%,+2.03%,-0.66%,+0.53%,-0.27%,-0.66%
4721.TWO,+2.63%,+0.48%,+1.11%,+0.47%,+0.31%,+0.31%,-1.56%,+1.43%,+0.16%,+1.56%
6638.TWO,+0.00%,+0.00%,-4.23%,+2.94%,+0.29%,+0.29%,-2.85%,+3.81%,+1.69%,+0.00%
6972.TWO,+0.00%,+0.00%,+3.11%,+1.68%,-0.99%,-0.99%,-0.11%,-3.23%,+3.45%,+1.11%
6877.TWO,+3.46%,-0.94%,-2.43%,-1.38%,+1.96%,+1.96%,+6.60%,-1.81%,+0.00%,+2.23%
2758.TWO,-0.22%,+4.17%,+2.38%,+0.11%,+1.58%,+1.58%,-1.35%,-0.11%,-0.42%,+0.85%
7642.TWO,+1.52%,+0.00%,+0.00%,-1.49%,+0.20%,+0.20%,-0.71%,+0.71%,+3.83%,-2.43%
4442.TWO,-0.92%,-1.45%,+0.84%,-0.21%,-0.42%,-0.42%,-0.52%,+2.95%,-1.64%,+0.00%
3086.TWO,-0.30%,-2.12%,-3.41%,+0.32%,+4.79%,+4.79%,+1.83%,+0.90%,-0.89%,+0.90%
6811.TWO,-0.68%,-1.71%,+0.35%,+0.17%,+0.00%,+0.00%,+3.28%,-0.17%,-1.84%,+0.17%
4544.TWO,-0.53%,+0.53%,+0.26%,+0.52%,+0.00%,+0.00%,-3.39%,+2.70%,+0.79%,+0.78%
9949.TWO,,,,,,,,,,
4510.TWO,+9.49%,-0.80%,+0.00%,-3.45%,+4.52%,+4.52%,+4.33%,-1.09%,+8.50%,+0.71%
6194.TWO,+1.42%,+0.00%,+0.42%,-1.26%,+0.14%,+0.14%,+0.42%,+0.56%,+0.56%,+0.00%
6124.TWO,+0.50%,+1.33%,+0.16%,-1.15%,-0.17%,-0.17%,-0.50%,+0.67%,+1.82%,-1.30%
4556.TWO,-1.90%,+0.32%,+0.64%,+0.16%,-1.91%,-1.91%,+0.00%,+0.33%,-0.32%,-0.16%
6624.TWO,-0.89%,+0.26%,-3.08%,+1.46%,+0.26%,+0.26%,-0.13%,+0.13%,-1.04%,+0.39%
3081.TWO,+0.78%,+4.42%,+3.59%,-1.43%,+4.97%,+4.97%,-7.00%,+0.53%,+0.53%,+4.20%
6485.TWO,+3.33%,-1.45%,+0.33%,+9.95%,+6.82%,+6.82%,+2.50%,+2.98%,-0.66%,+4.24%
6294.TWO,+0.17%,+0.67%,+0.67%,+1.49%,+1.31%,+1.31%,+0.81%,+3.04%,-0.47%,+4.05%
5403.TWO,+2.76%,+0.00%,+1.92%,-1.50%,+0.38%,+0.38%,+0.00%,+0.76%,+0.00%,+0.00%
6775.TWO,+0.75%,+4.07%,+0.36%,+3.01%,+0.00%,+0.00%,+3.61%,-0.50%,-3.17%,+0.00%
5455.TWO,+1.02%,+0.50%,+0.00%,-2.17%,+0.00%,+0.00%,+0.00%,+1.71%,-1.34%,-0.34%
6113.TWO,+9.72%,+10.00%,+9.87%,+7.80%,+1.75%,+1.75%,-4.96%,+4.31%,-1.52%,-0.66%
6912.TWO,+22.93%,-2.69%,-7.11%,-1.06%,+1.29%,+1.29%,-0.21%,+4.26%,-0.41%,-1.64%
3372.TWO,+2.55%,+0.35%,+1.77%,-2.43%,+0.71%,+0.71%,-1.41%,+9.68%,-1.96%,+2.67%
6158.TWO,+1.43%,+0.00%,+0.18%,-0.35%,-0.18%,-0.18%,-0.18%,+1.42%,+0.17%,+0.52%
8433.TWO,-0.12%,+0.00%,+0.12%,-0.71%,+1.31%,+1.31%,+0.71%,+0.12%,+0.23%,+0.00%
7743.TWO,+0.37%,+0.00%,-0.74%,+0.00%,-1.49%,-1.49%,+0.38%,-0.38%,+0.38%,-0.38%
3499.TWO,+0.00%,+0.52%,+0.26%,+1.28%,-2.53%,-2.53%,-0.26%,+1.30%,+0.00%,-0.51%
6223.TWO,+9.92%,+0.37%,+3.16%,-3.30%,+3.53%,+3.53%,-0.82%,-0.24%,+2.97%,-0.69%
6261.TWO,+0.83%,+1.48%,-0.49%,+0.00%,+0.16%,+0.16%,-0.16%,+0.65%,+0.32%,+0.81%
7583.TWO,-0.21%,-0.31%,+1.34%,+2.04%,-0.30%,-0.30%,+1.81%,-0.49%,-0.99%,+2.00%
3287.TWO,,,,,,,,,,
7773.TWO,+3.62%,+5.13%,-0.22%,+0.00%,-0.56%,-0.56%,+0.78%,-0.67%,+0.67%,+2.33%
3434.TWO,+0.53%,+4.60%,+1.35%,-1.34%,-2.37%,-2.37%,+0.87%,+0.00%,-0.86%,-0.35%
6913.TWO,-0.41%,+1.24%,-0.41%,+3.70%,+9.92%,+9.92%,+9.75%,+4.28%,-2.84%,+3.25%
00749B.TWO,+0.51%,+0.79%,-0.25%,-0.22%,-0.03%,-0.03%,-0.57%,-0.61%,+0.80%,+0.51%
6677.TWO,-0.42%,+6.50%,-1.77%,-1.60%,-0.20%,-0.20%,+0.82%,-1.21%,-1.02%,+1.86%
3219.TWO,+1.29%,+2.21%,+3.18%,+1.98%,-2.27%,-2.27%,+0.44%,+1.21%,+3.91%,-0.63%
4951.TWO,+8.52%,-0.83%,+2.92%,-0.67%,-0.14%,-0.14%,-0.95%,-0.55%,-0.28%,+1.25%
4537.TWO,+3.33%,-0.74%,+4.74%,-4.41%,-1.37%,-1.37%,+0.38%,-1.26%,+1.02%,-0.38%
4167.TWO,+1.46%,+2.63%,+0.00%,-2.33%,-0.95%,-0.95%,-0.48%,+0.48%,+2.65%,-1.17%
2743.TWO,+0.51%,-1.12%,+2.38%,+0.51%,-0.20%,-0.20%,-0.60%,+1.11%,-0.50%,+0.60%
6617.TWO,+0.45%,+0.89%,+2.64%,+0.86%,-1.28%,-1.28%,+2.59%,+0.42%,+0.84%,-1.66%
8354.TWO,+2.31%,+0.32%,+2.57%,+0.00%,+0.00%,+0.00%,+0.31%,+0.00%,+0.31%,+0.00%
6818.TWO,+8.02%,-3.20%,-0.26%,-0.13%,-5.98%,-5.98%,-4.66%,+1.19%,+6.15%,+2.76%
4554.TWO,-0.87%,+0.00%,-0.70%,+1.23%,+2.78%,+2.78%,+1.02%,-0.17%,-0.17%,-3.19%
6173.TWO,+6.65%,+0.35%,+0.58%,+0.34%,-1.37%,-1.37%,-0.81%,+4.55%,-0.78%,-0.67%
3224.TWO,-0.39%,-0.39%,+0.20%,-0.39%,-0.99%,-0.99%,-0.10%,-0.90%,-0.40%,+0.20%
8930.TWO,+0.55%,+0.69%,-1.91%,+0.83%,+0.41%,+0.41%,-0.27%,+0.55%,+0.00%,+0.27%
4765.TWO,+16.14%,-2.15%,-0.20%,-0.20%,-0.20%,-0.20%,+0.00%,-3.62%,-1.25%,-2.54%
6842.TWO,+0.36%,+2.13%,+4.17%,-3.23%,-3.79%,-3.79%,+8.12%,+2.87%,-0.75%,+0.00%
4150.TWO,+0.45%,+9.46%,-0.82%,-1.24%,-6.30%,-6.30%,+0.00%,+3.14%,-0.43%,+3.06%
5355.TWO,+1.21%,+2.00%,-0.98%,+0.50%,+0.49%,+0.49%,-0.98%,+0.99%,-0.49%,+0.00%
006201.TWO,+2.29%,-0.18%,+1.15%,-1.36%,+0.00%,+0.00%,-0.69%,+0.69%,+0.14%,+0.73%
3184.TWO,-0.41%,+1.67%,+0.00%,-2.87%,-2.95%,-2.95%,+7.39%,-0.40%,-5.69%,+2.59%
6808.TWO,-2.45%,+1.10%,-1.09%,-0.63%,-7.73%,-7.73%,-2.05%,-0.52%,+0.70%,+0.35%
7815.TWO,+2.74%,+6.23%,-2.79%,-0.29%,-1.15%,-1.15%,-2.62%,+0.00%,+4.79%,-0.29%
6735.TWO,+5.56%,-1.05%,+0.18%,-0.18%,+0.18%,+0.18%,+0.88%,+1.58%,+1.21%,-1.19%
6867.TWO,+0.49%,+0.48%,+2.88%,+2.80%,-1.36%,-1.36%,-0.23%,-0.46%,-1.16%,+0.23%
3609.TWO,+3.01%,+2.59%,+1.79%,+3.31%,+8.22%,+8.22%,+3.33%,+2.87%,+1.92%,-2.22%
4568.TWO,-0.20%,-0.20%,+0.59%,+6.07%,+0.37%,+0.37%,+0.00%,+0.37%,-1.10%,+1.85%
8923.TWO,+1.30%,+2.05%,-2.26%,-1.79%,+4.18%,+4.18%,+1.75%,-3.20%,-0.25%,-0.26%
7789.TWO,+0.00%,-0.42%,-0.63%,+0.00%,+1.05%,+1.05%,+7.71%,+3.68%,+2.24%,+2.19%
8068.TWO,+0.60%,+2.18%,-0.97%,+0.00%,-1.76%,-1.76%,-1.20%,+3.43%,-0.78%,+2.76%
1586.TWO,+0.36%,+0.53%,+0.00%,+7.62%,-1.98%,-1.98%,+0.17%,+5.87%,-2.22%,-0.81%
8932.TWO,-0.49%,+0.99%,+1.47%,+4.35%,-1.39%,-1.39%,-4.69%,-0.99%,+0.00%,-0.60%
8908.TWO,+0.88%,+0.98%,-1.08%,-1.09%,+0.99%,+0.99%,+0.22%,+0.54%,+1.08%,-0.32%
4174.TWO,-0.17%,+5.44%,-0.48%,-3.24%,-1.01%,-1.01%,-0.51%,-0.17%,+2.39%,+0.00%
6597.TWO,-3.35%,+0.77%,+0.00%,-0.76%,+0.77%,+0.77%,-0.76%,-0.77%,+1.16%,+5.75%
5276.TWO,-1.05%,-0.53%,-0.27%,+1.60%,+2.63%,+2.63%,-1.28%,+0.26%,-3.11%,-1.07%
1584.TWO,,,,,,,,,,
7562.TWO,+4.17%,+4.63%,-7.77%,+0.26%,+3.75%,+3.75%,+0.00%,-0.12%,+0.00%,+0.25%
6240.TWO,-2.40%,+0.49%,+1.96%,+0.48%,+0.95%,+0.95%,-2.36%,-0.24%,+1.94%,+1.67%
6812.TWO,-0.89%,+1.57%,+0.77%,-3.93%,+0.34%,+0.34%,+3.17%,+0.22%,-0.55%,-5.62%
8472.TWO,+0.39%,-1.56%,+0.20%,+1.39%,+0.98%,+0.98%,+2.13%,+0.76%,+0.19%,+0.00%
3306.TWO,+1.90%,+1.14%,+1.23%,-0.51%,-0.71%,-0.71%,+0.61%,+0.61%,+0.00%,+2.43%
6473.TWO,-1.32%,+0.51%,-3.47%,+0.11%,+4.54%,+4.54%,-0.30%,+0.10%,+0.30%,-1.82%
7792.TWO,+5.01%,-0.56%,-1.98%,-1.44%,-1.17%,-1.17%,-2.66%,+1.82%,+0.00%,-2.99%
6127.TWO,+7.77%,+0.18%,-0.92%,-1.86%,-0.57%,-0.57%,-0.19%,+2.87%,-1.30%,-0.19%
7556.TWO,+4.28%,+0.63%,+0.94%,+2.17%,+1.52%,+1.52%,+0.90%,+7.42%,-1.38%,-0.84%
5206.TWO,+0.25%,+0.49%,+0.00%,+1.82%,-0.12%,-0.12%,+0.24%,+1.55%,+2.23%,+4.71%
5464.TWO,-0.59%,+4.14%,-1.89%,+2.32%,+0.00%,+0.00%,-0.57%,+0.76%,-1.88%,-0.19%
3284.TWO,-0.14%,-0.84%,-2.40%,+1.73%,+5.54%,+5.54%,-1.35%,+0.82%,-0.27%,-0.54%
4528.TWO,+0.00%,+0.47%,-0.23%,+0.47%,+0.93%,+0.93%,+1.39%,+2.28%,+4.23%,-0.43%
3709.TWO,+1.67%,+1.81%,-1.45%,-5.97%,-4.72%,-4.72%,-0.18%,+1.06%,+0.88%,+2.78%
5353.TWO,+0.47%,+1.71%,+0.91%,-0.76%,+1.52%,+1.52%,+0.00%,+0.15%,-0.60%,+0.30%
6129.TWO,+1.95%,+0.64%,+2.22%,-3.42%,-1.61%,-1.61%,-0.65%,+7.89%,-0.61%,+0.92%
5475.TWO,+1.67%,+1.23%,+9.76%,-0.37%,+0.00%,+0.00%,-0.37%,+0.00%,-0.75%,+0.00%
5289.TWO,+8.03%,+8.15%,+6.87%,+7.47%,-0.77%,-0.77%,-4.28%,+5.49%,+1.54%,+2.28%
5514.TWO,+0.00%,-0.51%,+0.77%,-1.27%,+1.28%,+1.28%,+1.52%,+0.00%,-1.25%,+0.25%
3587.TWO,+0.66%,+2.61%,+1.91%,-2.70%,-0.43%,-0.43%,-1.07%,+1.08%,-1.50%,+0.00%
5202.TWO,+3.42%,+2.39%,+2.87%,+3.83%,-4.87%,-4.87%,-0.88%,+0.71%,-0.53%,+0.36%
6532.TWO,+2.49%,-0.43%,+0.14%,-1.58%,-0.58%,-0.58%,-1.02%,+0.15%,+0.44%,+0.15%
00950B.TWO,+0.20%,+0.54%,-0.27%,-0.33%,-0.21%,-0.21%,-0.34%,-0.74%,+0.82%,+0.20%
3685.TWO,+0.38%,+2.29%,+4.85%,-1.42%,+1.44%,+1.44%,+0.71%,+0.71%,-0.70%,+0.35%
4529.TWO,+1.47%,+0.00%,+0.15%,+0.00%,+5.80%,+5.80%,-2.33%,+2.38%,-4.52%,+0.43%
3523.TWO,-1.69%,-0.74%,+0.25%,+2.47%,+3.13%,+3.13%,+3.74%,-0.90%,+0.45%,+9.95%
4908.TWO,+0.88%,+0.98%,+6.67%,-2.22%,+2.58%,+2.58%,-3.02%,+0.52%,-1.75%,+0.00%
6245.TWO,+4.72%,-0.45%,+3.62%,-0.87%,-1.76%,-1.76%,+0.90%,+0.00%,-1.78%,-1.36%
00726B.TWO,+0.12%,+0.65%,-0.12%,-0.21%,-0.09%,-0.09%,+0.06%,-0.77%,+0.24%,+0.38%
6987.TWO,+2.29%,+0.10%,-0.92%,-0.31%,+0.72%,+0.72%,-0.51%,+0.00%,-0.31%,-0.21%
5009.TWO,+0.31%,+1.43%,-0.40%,+0.20%,-2.73%,-2.73%,-0.10%,+1.56%,+1.74%,-0.70%
6815.TWO,-0.14%,+0.70%,-0.97%,+0.70%,-5.01%,-5.01%,-1.32%,-0.15%,+1.93%,+1.02%
5278.TWO,+2.71%,+6.67%,+0.00%,+1.04%,-4.12%,-4.12%,-1.61%,+0.82%,-2.71%,+0.56%
3317.TWO,+0.76%,+0.22%,+0.64%,-0.85%,-0.11%,-0.11%,+0.11%,+1.83%,-0.32%,-0.21%
4416.TWO,+0.00%,+1.05%,+0.26%,+0.13%,+0.00%,+0.00%,-1.04%,+1.18%,+0.00%,+0.39%
4905.TWO,-0.52%,-0.13%,+0.39%,-0.52%,-1.82%,-1.82%,+1.32%,-1.05%,-0.26%,+2.38%
8155.TWO,+2.90%,+0.00%,+9.86%,+4.27%,+2.46%,+2.46%,-2.40%,+1.23%,-1.21%,-0.93%
6741.TWO,+4.08%,-0.50%,+3.64%,+0.98%,+2.42%,+2.42%,+0.47%,-0.47%,-2.36%,+0.48%
6696.TWO,+1.05%,-1.73%,+1.41%,+0.35%,-1.38%,-1.38%,+2.81%,+0.34%,-2.38%,-0.70%
6925.TWO,+1.54%,-0.57%,+0.95%,+6.23%,+17.58%,+17.58%,+5.89%,-3.28%,+5.46%,-0.42%
4744.TWO,+0.23%,-0.45%,+0.23%,-3.17%,-3.04%,-3.04%,-1.93%,+1.72%,+0.48%,+0.72%
8359.TWO,-1.24%,+0.00%,+0.34%,-0.91%,+0.23%,+0.23%,+0.23%,+1.03%,-0.23%,+0.56%
4121.TWO,+1.92%,-0.81%,+0.00%,-1.36%,+0.00%,+0.00%,+1.37%,-0.27%,+1.09%,-1.08%
7754.TWO,-0.17%,+0.00%,+0.00%,+1.16%,-1.63%,-1.63%,+0.17%,-0.17%,-0.50%,-0.17%
00773B.TWO,+0.13%,+0.83%,-0.37%,-0.45%,-0.13%,-0.13%,-0.48%,-0.65%,+1.00%,+0.13%
8042.TWO,+7.32%,-1.71%,+0.93%,-2.91%,-2.59%,-2.59%,+0.28%,+3.63%,-0.54%,+0.14%
6642.TWO,+3.67%,-1.54%,+1.72%,-0.15%,-1.54%,-1.54%,+0.00%,+0.31%,+1.09%,+1.39%
4402.TWO,+9.93%,-2.52%,+3.45%,+5.00%,+5.16%,+5.16%,+4.53%,-2.17%,+3.32%,+0.00%
8034.TWO,+1.26%,+0.74%,+0.49%,+1.96%,-6.73%,-6.73%,+0.26%,+0.00%,+0.77%,-0.51%
4109.TWO,+2.43%,+9.98%,+0.00%,+0.00%,-2.16%,-2.16%,-2.65%,-0.68%,+0.23%,-2.96%
8024.TWO,-2.33%,+0.60%,+0.89%,+1.47%,-1.73%,-1.73%,+0.88%,+0.58%,-0.58%,+4.96%
4503.TWO,+1.72%,+7.14%,+0.00%,+0.70%,-3.14%,-3.14%,-2.16%,-0.18%,-0.18%,-0.37%
6461.TWO,-0.18%,-0.55%,+0.37%,-1.11%,-3.18%,-3.18%,-0.19%,-0.39%,+0.19%,+0.39%
7805.TWO,+0.00%,+0.95%,+4.88%,-1.65%,-0.92%,-0.92%,-2.16%,-1.26%,+0.80%,+1.27%
2256.TWO,+5.42%,+1.81%,+5.18%,-1.69%,+0.66%,+0.66%,-0.39%,-0.13%,+0.40%,+2.36%
6961.TWO,+0.00%,+0.34%,+0.34%,-0.33%,-0.34%,-0.34%,+0.67%,-0.22%,+0.00%,+0.11%
3339.TWO,+0.15%,+0.00%,-1.04%,-0.90%,-2.72%,-2.72%,+1.40%,+1.23%,+1.06%,+0.45%
7752.TWO,-1.36%,+0.46%,+0.92%,+2.27%,-1.33%,-1.33%,-2.25%,+0.00%,-0.46%,+0.93%
6026.TWO,+0.41%,+0.82%,+2.02%,+3.17%,+0.00%,+0.00%,+0.00%,+0.00%,+0.38%,+0.77%
4538.TWO,+1.10%,+0.55%,-0.27%,-0.27%,+1.09%,+1.09%,-0.54%,+0.00%,+0.27%,+0.27%
2719.TWO,+0.00%,-2.11%,+3.74%,-0.22%,+1.97%,+1.97%,+0.00%,-0.54%,-3.02%,+0.78%
6492.TWO,+2.22%,+1.14%,-0.11%,-1.02%,+0.00%,+0.00%,+0.69%,-0.11%,+1.82%,-0.11%
6665.TWO,+3.75%,+0.24%,+5.53%,-1.59%,-3.47%,-3.47%,+0.24%,-2.87%,+0.99%,-1.46%
3323.TWO,+0.72%,-0.14%,+0.85%,-2.82%,+0.29%,+0.29%,-2.17%,+0.30%,-1.62%,+0.60%
6648.TWO,+0.56%,+0.56%,+2.95%,+0.36%,+0.00%,+0.00%,+0.71%,-0.18%,+0.00%,+0.00%
8091.TWO,+1.72%,+1.69%,+2.90%,-1.21%,+0.00%,+0.00%,-0.82%,+2.88%,+0.00%,+1.60%
2064.TWO,+2.38%,+0.00%,+0.33%,-1.99%,+0.00%,+0.00%,+0.00%,+2.03%,+0.33%,+0.00%
7810.TWO,-7.12%,-0.24%,+3.48%,+1.51%,-2.29%,-2.29%,-0.58%,+1.65%,+3.36%,-1.57%
00870B.TWO,+0.07%,+1.17%,+0.00%,-0.20%,+0.00%,+0.00%,+0.00%,-1.60%,+0.72%,+0.68%
6187.TWO,+2.86%,+1.90%,+0.12%,-3.60%,+1.03%,+1.03%,+2.17%,+4.24%,-2.99%,+2.71%
4724.TWO,-1.91%,+3.90%,-4.59%,-1.09%,+1.11%,+1.11%,+0.00%,+1.75%,+0.86%,+0.21%
2252.TWO,+0.18%,-0.18%,-3.20%,+2.57%,-3.40%,-3.40%,+1.85%,-2.91%,+1.69%,-0.37%
2761.TWO,+3.93%,+0.16%,-4.25%,+4.28%,+0.32%,+0.32%,+0.63%,-0.16%,-0.31%,+4.71%
6027.TWO,-2.27%,+0.00%,+0.00%,+0.00%,+0.21%,+0.21%,-2.95%,+2.71%,+1.27%,-1.98%
7764.TWO,+1.61%,+1.98%,-2.53%,-3.39%,+0.83%,+0.83%,+0.00%,-0.41%,+0.41%,+0.20%
8941.TWO,+0.44%,+0.00%,+0.00%,-0.44%,-0.30%,-0.30%,+0.00%,+0.00%,+0.74%,+0.00%
3285.TWO,+2.31%,-0.19%,-0.56%,+0.38%,-0.94%,-0.94%,-0.38%,+0.57%,-0.76%,-0.19%
3581.TWO,+3.09%,+4.71%,-1.12%,-0.21%,+3.00%,+3.00%,-0.30%,+0.40%,+2.61%,+0.00%
5301.TWO,-1.29%,-2.61%,+1.34%,-3.52%,-0.91%,-0.91%,-1.84%,-2.35%,-3.37%,-0.50%
5488.TWO,+1.25%,+0.41%,-0.41%,-1.23%,+0.42%,+0.42%,+0.00%,+1.24%,+3.28%,-0.79%
6875.TWO,+6.29%,+0.68%,+2.35%,-0.82%,+0.66%,+0.66%,+1.64%,-1.94%,+0.33%,+0.99%
8272.TWO,+0.70%,-2.00%,+4.08%,-2.25%,+0.80%,+0.80%,+0.50%,-0.50%,-0.50%,-0.80%
8938.TWO,+0.14%,+0.81%,+0.81%,+0.93%,+1.45%,+1.45%,-0.78%,+0.26%,-0.26%,+0.26%
5310.TWO,-2.78%,-1.84%,-0.52%,+1.46%,+0.31%,+0.31%,+0.21%,+0.82%,+0.20%,-0.71%
4401.TWO,+1.27%,+0.50%,+0.50%,+1.74%,-1.22%,-1.22%,+1.23%,-0.98%,+0.99%,+1.22%
6147.TWO,+1.12%,+0.47%,+0.63%,+0.16%,-0.16%,-0.16%,-0.16%,+0.62%,+0.62%,+0.00%
4573.TWO,+0.00%,+1.59%,-2.77%,-3.10%,-2.81%,-2.81%,-1.32%,-1.33%,-2.03%,-1.38%
8032.TWO,+3.77%,+2.87%,+0.56%,+3.51%,+10.00%,+10.00%,+1.79%,-4.15%,-2.33%,-1.19%
6667.TWO,+3.02%,-0.29%,+0.00%,-1.18%,+3.87%,+3.87%,-1.15%,+2.32%,-0.57%,+0.00%
6231.TWO,+3.76%,+6.17%,+0.11%,-5.57%,-1.45%,-1.45%,-1.47%,+3.23%,-1.68%,+0.12%
6817.TWO,-1.15%,-1.27%,+0.86%,+1.91%,-1.46%,-1.46%,-0.74%,+0.00%,-0.64%,-0.21%
6910.TWO,+1.36%,+0.15%,+1.19%,-1.91%,+3.90%,+3.90%,+1.44%,+1.56%,+0.42%,+0.28%
00751B.TWO,+0.18%,+1.03%,-0.26%,-0.47%,-0.24%,-0.24%,-0.53%,-0.68%,+1.13%,+0.03%
5015.TWO,+0.55%,-0.55%,+0.14%,+3.18%,+3.75%,+3.75%,-2.32%,-0.40%,+0.53%,+0.13%
1269.TWO,-0.13%,+0.40%,+0.40%,+0.00%,+0.00%,+0.00%,+0.00%,-0.79%,+0.00%,-2.93%
6878.TWO,-0.47%,+0.00%,+7.86%,+1.10%,-1.31%,-1.31%,-1.99%,-0.23%,-0.90%,-0.91%
6716.TWO,+1.49%,+2.33%,+0.12%,-2.87%,-0.49%,-0.49%,-1.12%,+1.75%,-0.37%,-0.12%
5344.TWO,+0.89%,+1.17%,-0.29%,-0.29%,-0.58%,-0.58%,+0.88%,+0.87%,+2.02%,-2.54%
3664.TWO,+2.66%,-1.85%,-0.75%,-3.04%,-1.96%,-1.96%,-0.20%,-0.20%,+0.00%,+9.84%
3218.TWO,+2.44%,+2.38%,+1.40%,+0.23%,+2.06%,+2.06%,+0.67%,+2.23%,-0.87%,-0.22%
3325.TWO,+3.84%,+0.53%,+1.31%,+0.78%,+4.88%,+4.88%,+3.19%,-0.24%,+0.71%,+0.00%
5228.TWO,+0.00%,+0.51%,-0.26%,+1.79%,-0.25%,-0.25%,-1.01%,-0.25%,-0.77%,+0.26%
4587.TWO,+3.99%,-1.78%,+0.42%,-3.19%,-0.43%,-0.43%,-0.72%,+0.15%,+0.43%,+1.59%
4161.TWO,-0.86%,-2.17%,+1.04%,+0.29%,+0.73%,+0.73%,-0.15%,-0.44%,-0.15%,-1.46%
6536.TWO,+0.00%,+0.00%,+0.21%,+10.52%,-4.29%,-4.29%,-1.75%,+0.00%,+0.00%,+0.00%
5452.TWO,+3.21%,+1.55%,+1.36%,-1.17%,-1.53%,-1.53%,-1.38%,+4.02%,-1.51%,+2.90%
4923.TWO,,,,,,,,,,
7734.TWO,+2.63%,-1.42%,-1.16%,-4.09%,-3.96%,-3.96%,+3.49%,+7.67%,-3.70%,-1.18%
3259.TWO,+0.00%,+0.50%,-0.50%,+0.25%,+0.00%,+0.00%,+4.74%,+1.90%,-0.70%,+0.24%
6279.TWO,+0.27%,-0.53%,+1.07%,-1.85%,-3.23%,-3.23%,-0.28%,+0.84%,-1.10%,+0.84%
3324.TWO,+2.70%,+1.40%,+2.07%,-0.68%,+1.19%,+1.19%,+2.69%,+0.16%,+2.95%,+1.75%
6737.TWO,+0.00%,-0.30%,+0.30%,+0.00%,-2.83%,-2.83%,-0.61%,+0.15%,-0.15%,-1.08%
5254.TWO,+0.28%,+0.00%,+0.00%,+0.00%,-0.85%,-0.85%,+0.57%,+0.00%,+0.00%,+0.00%
3577.TWO,+1.19%,+0.84%,+1.50%,+9.85%,+3.14%,+3.14%,-2.75%,+1.64%,+2.49%,-1.29%
3357.TWO,+3.54%,+0.43%,+2.55%,+0.00%,+3.32%,+3.32%,-0.40%,+0.00%,-2.02%,-0.41%
4609.TWO,+5.80%,+5.60%,-6.88%,+1.82%,+5.71%,+5.71%,-0.11%,-4.96%,+7.47%,-1.99%
6146.TWO,+1.04%,+1.03%,+3.83%,+0.25%,+0.98%,+0.98%,-1.94%,+2.23%,+0.00%,-0.97%
6221.TWO,-1.14%,+0.29%,+0.29%,-2.72%,+10.00%,+10.00%,+3.21%,+7.25%,+2.17%,-0.12%
4431.TWO,+5.31%,-2.71%,+3.59%,-1.73%,-0.39%,-0.39%,-1.57%,+2.00%,-2.74%,+3.82%
7751.TWO,+0.13%,+0.39%,-0.52%,-2.86%,-6.15%,-6.15%,-5.70%,+1.51%,+2.53%,+1.60%
8489.TWO,-0.30%,+2.42%,-2.51%,+1.21%,-1.05%,-1.05%,+2.57%,-0.88%,-1.19%,-1.20%
6844.TWO,+1.10%,+0.00%,+0.00%,-0.36%,-0.36%,-0.36%,-1.09%,+0.00%,-0.37%,+0.00%
6738.TWO,-1.18%,+0.00%,+0.00%,+1.07%,-0.59%,-0.59%,+2.25%,+3.48%,+12.11%,+0.40%
8935.TWO,-2.24%,+1.46%,+0.20%,-1.02%,-1.86%,-1.86%,-0.42%,-1.48%,+0.00%,+0.21%
8342.TWO,+0.88%,+1.64%,-3.23%,-1.78%,-0.45%,-0.45%,+0.00%,+0.11%,-0.11%,+0.23%
2733.TWO,+1.14%,-2.54%,+0.00%,+0.00%,+0.00%,+0.00%,-2.89%,+1.19%,-1.18%,+0.00%
5547.TWO,+1.83%,+7.17%,+4.60%,+0.00%,-0.60%,-0.60%,-0.60%,+0.40%,-1.21%,-5.71%
5227.TWO,-0.76%,+1.27%,-1.13%,+5.08%,-3.02%,-3.02%,-0.12%,+2.87%,-1.09%,-2.70%
3521.TWO,-0.31%,+0.62%,+0.61%,+0.00%,-0.30%,-0.30%,-0.31%,+0.00%,+1.84%,-0.30%
3564.TWO,+3.71%,+0.69%,+3.01%,-0.27%,+0.27%,+0.27%,+1.73%,+0.00%,+1.83%,+2.95%
6419.TWO,+1.81%,+1.49%,-0.49%,+4.41%,-1.41%,-1.41%,+0.95%,+0.00%,+3.30%,+0.46%
00959B.TWO,+0.20%,+0.81%,-0.20%,-0.30%,+0.00%,+0.00%,-0.51%,-0.51%,+0.82%,+0.00%
2724.TWO,+0.00%,-1.35%,+0.00%,-1.37%,-0.14%,-0.14%,-2.23%,+0.43%,-0.28%,+0.57%
3232.TWO,+0.00%,+0.37%,-3.30%,+0.57%,+1.13%,+1.13%,+0.56%,+0.00%,-0.74%,+0.00%
6676.TWO,-0.74%,+2.50%,+0.73%,-1.21%,-0.98%,-0.98%,+0.00%,+0.50%,-0.49%,+0.00%
7530.TWO,-1.18%,+0.00%,-0.20%,-0.80%,+0.40%,+0.40%,+1.60%,-1.57%,+0.40%,-0.40%
00787B.TWO,+0.12%,+0.88%,-0.26%,-0.32%,-0.26%,-0.26%,-0.35%,-0.70%,+0.97%,+0.00%
4565.TWO,+3.77%,+1.82%,-1.34%,+2.26%,+5.31%,+5.31%,+2.94%,+4.49%,+1.56%,-1.15%
6015.TWO,+0.46%,+0.00%,-0.46%,+0.92%,+0.45%,+0.45%,+0.00%,+0.90%,+0.45%,+0.89%
8291.TWO,-4.49%,-3.42%,+5.90%,+4.46%,+0.00%,+0.00%,-6.53%,-3.42%,-5.61%,+9.86%
6865.TWO,-0.31%,-0.32%,-1.58%,-3.54%,-3.33%,-3.33%,+0.00%,+0.86%,-1.71%,-2.43%
6210.TWO,+2.14%,+0.52%,+2.09%,+0.26%,+0.00%,+0.00%,-1.79%,+9.87%,-5.67%,+0.25%
6915.TWO,+0.71%,+2.36%,-2.19%,-2.12%,-1.68%,-1.68%,-3.06%,+1.26%,-2.62%,+2.05%
6784.TWO,+0.48%,+0.00%,-0.24%,-1.91%,+0.00%,+0.00%,+0.97%,+0.00%,-1.45%,-2.44%
00845B.TWO,-0.06%,+0.59%,-0.03%,-0.09%,+0.06%,+0.06%,-0.32%,-0.38%,+0.38%,+0.03%
2071.TWO,+4.13%,+3.52%,-1.28%,-1.72%,-0.88%,-0.88%,+2.88%,-3.01%,+2.88%,+0.43%
5859.TWO,+0.31%,+0.91%,+0.30%,+0.90%,-0.30%,-0.30%,+0.00%,+0.30%,-0.30%,-0.90%
5543.TWO,+0.00%,+1.16%,+0.23%,-0.92%,+0.00%,+0.00%,+0.00%,+0.00%,+0.00%,+0.00%
3691.TWO,+0.29%,+3.50%,-0.42%,-1.56%,-0.72%,-0.72%,+0.14%,+4.77%,+2.21%,+1.08%
6561.TWO,+1.76%,+0.23%,+3.92%,-0.22%,-0.89%,-0.89%,-0.34%,+0.00%,-0.79%,+1.81%
4760.TWO,+4.52%,+0.87%,+0.00%,+0.86%,-1.28%,-1.28%,-0.86%,+1.30%,-1.72%,+0.44%
4806.TWO,+3.30%,-6.39%,+6.34%,-3.67%,+0.95%,+0.95%,+1.42%,+0.00%,-5.58%,+6.40%
7707.TWO,-0.29%,+1.17%,-1.16%,+0.29%,-1.75%,-1.75%,-1.79%,-2.12%,+0.62%,+0.31%
00955.TWO,+1.19%,+0.43%,-1.07%,-0.65%,-0.54%,-0.54%,-1.31%,+1.11%,-0.44%,+0.11%
3078.TWO,-0.71%,+1.78%,+0.58%,-0.69%,+0.00%,+0.00%,+1.28%,+0.69%,-3.65%,+2.13%
6829.TWO,+0.00%,-1.13%,-0.76%,-0.77%,+2.70%,+2.70%,-0.75%,-2.27%,-0.39%,-0.78%
6996.TWO,+1.57%,+0.00%,+1.10%,-2.18%,-1.79%,-1.79%,-1.82%,+0.46%,-0.23%,+1.39%
3388.TWO,+0.59%,-0.15%,+0.44%,-0.44%,+0.88%,+0.88%,+0.14%,-0.14%,-0.14%,+0.72%
3115.TWO,+0.48%,+2.39%,-0.93%,+0.47%,+5.16%,+5.16%,-0.89%,-1.80%,+3.67%,+4.42%
6259.TWO,+0.00%,-0.52%,+1.58%,+1.55%,+0.00%,+0.00%,-2.04%,-0.26%,+3.13%,-1.27%
6947.TWO,+1.67%,-0.47%,-0.59%,-0.36%,-1.43%,-1.43%,+0.60%,+0.12%,-2.03%,+0.12%
6103.TWO,+0.21%,+3.06%,-0.20%,+0.00%,-0.31%,-0.31%,+1.54%,+0.81%,+0.00%,-0.30%
6864.TWO,+2.87%,+7.41%,-0.70%,-1.61%,-0.72%,-0.72%,+12.37%,-4.13%,-3.35%,+7.43%
6599.TWO,+3.90%,-1.25%,-2.03%,+2.07%,+1.77%,+1.77%,+3.36%,+6.98%,+19.01%,+3.97%
6596.TWO,+2.74%,-0.33%,-0.45%,+0.22%,+6.70%,+6.70%,+0.00%,+0.52%,-2.50%,+0.43%
6160.TWO,+4.42%,+1.41%,+2.78%,-0.19%,-0.39%,-0.39%,+0.78%,-0.58%,-0.39%,+1.95%
5426.TWO,+3.61%,+1.57%,+0.86%,+0.51%,+0.85%,+0.85%,+0.50%,+1.67%,-0.99%,+0.83%
4980.TWO,-1.90%,-2.59%,+0.83%,-1.81%,-2.68%,-2.68%,+0.17%,+1.55%,+1.19%,+8.88%
6926.TWO,+1.65%,-1.33%,+0.15%,+1.50%,-1.03%,-1.03%,+1.04%,-1.77%,+0.15%,+0.45%
8048.TWO,+3.23%,+0.91%,+2.10%,+0.39%,-0.78%,-0.78%,-0.79%,-0.20%,-0.60%,+2.60%
6882.TWO,+0.51%,+5.10%,+0.49%,+0.72%,-0.24%,-0.24%,+1.20%,-3.33%,-3.93%,+0.26%
7584.TWO,+1.56%,+0.13%,-0.51%,+6.68%,-2.05%,-2.05%,-1.35%,+0.00%,+0.37%,+0.99%
8050.TWO,+7.61%,+4.91%,+0.55%,+2.05%,+0.27%,+0.27%,+1.34%,-0.40%,-0.79%,-0.53%
6814.TWO,+3.37%,+0.00%,+0.00%,+0.00%,-1.53%,-1.53%,+1.56%,-1.92%,+1.95%,+0.00%
3455.TWO,+2.88%,+1.40%,+0.46%,+3.67%,-5.75%,-5.75%,+2.82%,+0.46%,+0.91%,+0.45%
6122.TWO,+0.96%,+0.00%,+0.19%,+0.00%,-2.67%,-2.67%,-1.76%,+0.40%,-0.20%,+1.59%
6435.TWO,+1.05%,+0.00%,+9.78%,+1.90%,+4.19%,+4.19%,-0.89%,+0.90%,+2.23%,-1.31%
3633.TWO,+1.74%,+4.51%,+0.23%,-1.16%,-0.24%,-0.24%,-0.83%,+0.36%,-1.07%,-0.84%
8942.TWO,+1.25%,+1.76%,-0.17%,+0.17%,-0.52%,-0.52%,+0.35%,+0.17%,+0.17%,+4.32%
6530.TWO,+2.13%,+1.93%,+5.35%,+0.75%,-0.15%,-0.15%,-1.49%,+0.00%,-1.21%,+0.61%
3226.TWO,+0.84%,-2.60%,+2.14%,+1.15%,-0.62%,-0.62%,+0.42%,-0.41%,-0.10%,-0.31%
2755.TWO,+1.36%,-0.45%,+0.90%,+9.78%,+5.26%,+5.26%,-3.85%,+1.60%,-5.51%,+3.75%
3390.TWO,+2.10%,+3.55%,+0.18%,+1.26%,-1.42%,-1.42%,+0.00%,+1.81%,-0.71%,+0.89%
4117.TWO,-1.55%,-0.79%,+1.86%,-5.73%,+0.00%,+0.00%,+1.93%,+0.00%,+0.27%,-0.54%
8038.TWO,+2.79%,+0.18%,+0.90%,-3.41%,-2.78%,-2.78%,-0.19%,+1.72%,-0.56%,+0.19%
4726.TWO,+1.63%,+5.18%,+4.81%,-1.45%,+1.59%,+1.59%,-0.78%,+1.13%,+0.78%,+1.22%
6927.TWO,+0.00%,+1.39%,-0.68%,-0.97%,-1.11%,-1.11%,-1.13%,+2.14%,-2.09%,+0.00%
8349.TWO,+0.49%,+0.65%,-0.16%,+0.98%,-0.32%,-0.32%,+0.00%,+0.16%,-0.81%,+0.33%
4530.TWO,+2.38%,+0.00%,-0.39%,+0.00%,-1.56%,-1.56%,+1.19%,+0.00%,+0.39%,+0.39%
6493.TWO,+0.00%,+0.00%,+0.00%,+0.00%,-1.03%,-1.03%,+1.04%,-2.05%,+2.09%,-1.03%
00760B.TWO,+0.00%,+0.81%,-0.18%,+0.00%,-0.36%,-0.36%,-0.27%,-0.36%,+0.63%,+0.18%
8931.TWO,-0.21%,+0.10%,-0.31%,-0.73%,-0.10%,-0.10%,-0.21%,+1.15%,-0.72%,+0.10%
6654.TWO,-1.14%,+3.45%,+4.00%,+2.14%,-2.82%,-2.82%,-0.11%,+0.86%,+0.00%,+0.64%
3693.TWO,+1.66%,-0.89%,+2.25%,+2.49%,+2.29%,+2.29%,+5.73%,-1.06%,-0.80%,+0.54%
1295.TWO,+0.89%,+0.00%,-0.63%,-3.80%,+0.92%,+0.92%,+0.00%,-0.13%,-0.39%,-0.39%
6290.TWO,+0.85%,-0.36%,+1.33%,+1.44%,+4.01%,+4.01%,+0.68%,-1.58%,-1.49%,-0.12%
6234.TWO,+2.19%,+0.97%,+0.97%,-1.72%,+0.19%,+0.19%,-0.39%,+1.17%,+0.00%,+0.39%
7803.TWO,+5.12%,+6.00%,-0.47%,-5.81%,+1.89%,+1.89%,-1.11%,-0.50%,+3.14%,+4.62%
3360.TWO,+0.74%,+2.21%,-1.44%,+2.56%,-1.79%,-1.79%,+0.36%,+1.45%,+1.43%,+0.35%
2249.TWO,+2.73%,-0.38%,+0.38%,+5.32%,-0.36%,-0.36%,-1.81%,+1.11%,-0.36%,+0.00%
3260.TWO,+1.58%,+0.92%,-0.91%,+0.26%,+1.56%,+1.56%,+0.64%,+3.70%,+0.25%,+2.45%
2035.TWO,-0.16%,+0.47%,+0.00%,-0.16%,+0.16%,+0.16%,+0.16%,+0.16%,+1.41%,+1.55%
6418.TWO,+0.26%,+2.60%,+1.01%,-1.50%,+0.25%,+0.25%,+0.76%,+0.76%,-0.75%,+0.25%
5230.TWO,+6.42%,+0.58%,-0.58%,-0.58%,-2.94%,-2.94%,+0.00%,+3.02%,+0.59%,+2.53%
3169.TWO,+1.43%,+0.00%,+2.35%,-0.46%,-0.92%,-0.92%,+0.00%,+1.86%,+0.91%,-0.90%
3516.TWO,+0.44%,+1.31%,+0.43%,-2.15%,+0.88%,+0.88%,+0.22%,+0.00%,+0.00%,-0.22%
3071.TWO,+6.47%,-0.81%,+0.82%,+0.20%,+0.20%,+0.20%,+0.60%,+1.00%,+0.20%,+0.79%
6819.TWO,+0.00%,-0.18%,+6.09%,-1.74%,-1.06%,-1.06%,+4.29%,+0.00%,-3.95%,+3.57%
00931B.TWO,+0.21%,+1.46%,-0.27%,-0.48%,-0.28%,-0.28%,-0.76%,-1.05%,+1.13%,+0.14%
2948.TWO,-0.10%,+0.20%,-0.40%,+0.20%,-2.81%,-2.81%,+0.00%,+0.00%,+0.00%,-1.03%
4741.TWO,+0.00%,+1.71%,-0.56%,+7.34%,-0.39%,-0.39%,-0.40%,+0.53%,+0.79%,-0.39%
6847.TWO,+0.40%,+0.00%,+0.00%,+0.00%,+0.00%,+0.00%,+0.00%,+0.50%,+0.00%,-0.50%
8906.TWO,-0.16%,+0.16%,-0.32%,+0.00%,-0.79%,-0.79%,-0.96%,-0.16%,+0.48%,+3.38%
4966.TWO,-0.70%,+1.13%,+1.54%,-0.69%,-3.74%,-3.74%,+0.00%,+0.00%,+2.02%,+0.28%
6186.TWO,+0.17%,+1.68%,-1.16%,+2.34%,-1.14%,-1.14%,+0.33%,+1.81%,+0.49%,+2.58%
6595.TWO,+0.69%,-1.23%,+0.97%,+2.20%,+0.00%,+0.00%,-0.13%,+0.00%,-1.48%,+1.64%
6169.TWO,-0.98%,-3.45%,+1.02%,+3.28%,+0.24%,+0.24%,-0.98%,-0.49%,+1.49%,-1.22%
8171.TWO,-0.42%,+4.52%,+2.70%,+2.37%,+1.67%,+1.67%,-0.76%,+1.27%,+1.38%,-4.71%
8102.TWO,+0.00%,+2.46%,-0.96%,-0.49%,+0.24%,+0.24%,-1.09%,-1.48%,+2.25%,-0.49%
8437.TWO,,,,,,,,,,
8085.TWO,+2.25%,+0.17%,+1.18%,-1.17%,-1.01%,-1.01%,+2.39%,+5.83%,+0.47%,+0.16%
8416.TWO,+0.29%,+0.58%,+1.72%,-0.85%,-3.98%,-3.98%,+0.59%,-1.18%,-1.49%,+1.51%
1570.TWO,+1.47%,+1.09%,-0.54%,+4.86%,+2.75%,+2.75%,-1.00%,+0.34%,+0.34%,-1.17%
3444.TWO,-2.22%,+0.40%,-0.13%,+0.00%,+0.40%,+0.40%,-4.24%,+0.41%,+0.14%,+1.65%
8027.TWO,+2.93%,+1.36%,+1.10%,-0.60%,+0.97%,+0.97%,+0.48%,+0.96%,+5.34%,+3.38%
7760.TWO,+0.00%,-0.70%,-1.58%,-4.99%,+3.56%,+3.56%,-0.36%,+3.45%,+0.00%,+0.00%
4991.TWO,+3.72%,+5.18%,+9.85%,+0.34%,+0.69%,+0.69%,-2.05%,-1.74%,-2.13%,-0.72%
4542.TWO,+3.37%,+0.97%,+0.60%,+1.19%,+6.00%,+6.00%,-2.33%,-0.68%,+0.80%,+1.70%
7753.TWO,+2.37%,+0.00%,+3.58%,-0.41%,-0.20%,-0.20%,-0.20%,-1.02%,-0.62%,+1.04%
3597.TWO,+3.82%,+3.39%,-0.55%,-2.34%,+8.73%,+8.73%,-2.85%,+0.27%,-1.86%,+2.57%
5536.TWO,+1.81%,-1.00%,-1.35%,-2.16%,+4.65%,+4.65%,+0.00%,-3.56%,-3.46%,+0.72%
6104.TWO,+1.78%,+2.33%,+0.57%,-0.28%,+1.42%,+1.42%,-2.23%,+1.71%,+0.28%,+3.64%
4197.TWO,+0.00%,-3.14%,+3.24%,-5.83%,+2.86%,+2.86%,+0.00%,+0.93%,+0.00%,-0.46%
7706.TWO,+0.00%,+0.00%,+0.00%,+0.00%,+0.00%,+0.00%,+0.00%,+0.00%,+0.00%,+0.00%
4589.TWO,-3.19%,-0.11%,+2.45%,-1.04%,+0.95%,+0.95%,-4.16%,+4.02%,+0.00%,+1.25%
4192.TWO,+0.00%,+3.99%,-0.69%,-1.52%,+0.98%,+0.98%,+0.14%,-2.36%,+0.57%,-1.27%
8074.TWO,+0.00%,+0.48%,+0.71%,+0.47%,-0.47%,-0.47%,-0.47%,+1.42%,+0.47%,-0.23%
2245.TWO,+0.37%,+0.18%,+3.47%,+0.00%,+0.88%,+0.88%,+1.93%,+0.86%,-0.17%,+0.17%
4924.TWO,+1.16%,+0.23%,-8.70%,+0.25%,+0.00%,+0.00%,-0.25%,+0.25%,-2.25%,-0.51%
5548.TWO,+0.37%,+4.23%,+0.71%,+3.33%,-1.53%,-1.53%,-0.86%,+1.56%,+0.00%,+0.34%
8182.TWO,+0.92%,+0.76%,+0.30%,-0.60%,+0.60%,+0.60%,+0.00%,+0.30%,+0.60%,-0.30%
6940.TWO,+1.11%,-0.55%,-1.83%,-0.19%,-1.87%,-1.87%,-2.10%,-0.39%,-0.98%,+4.74%
7455.TWO,+1.67%,+1.88%,+1.38%,-5.68%,-2.89%,-2.89%,-0.25%,+0.50%,+0.74%,+1.23%
6167.TWO,,,,,,,,,,
2926.TWO,+1.01%,+0.40%,-0.40%,+1.00%,+1.58%,+1.58%,+0.97%,-0.96%,+0.78%,-0.39%
6734.TWO,-0.16%,+5.32%,-2.30%,-5.17%,+6.12%,+6.12%,-0.31%,-1.56%,+0.00%,-1.75%
4732.TWO,-0.45%,+7.53%,-3.82%,+1.32%,-0.65%,-0.65%,-1.32%,+0.00%,+2.22%,-1.09%
8047.TWO,+0.56%,-1.96%,+4.57%,-3.83%,-0.57%,-0.57%,+0.57%,+1.42%,+0.00%,+0.56%
7731.TWO,-2.53%,+2.32%,-1.73%,+1.36%,-1.47%,-1.47%,-1.49%,-1.10%,-2.37%,+1.43%
6973.TWO,+6.48%,-2.51%,+0.00%,-0.14%,+0.68%,+0.68%,+0.81%,-0.13%,-0.80%,-1.35%
3158.TWO,+1.15%,+7.92%,-3.50%,+1.81%,+5.34%,+5.34%,-2.70%,+4.86%,-2.98%,+1.37%
6028.TWO,+3.50%,+1.13%,-2.97%,+0.38%,+0.76%,+0.76%,+1.14%,-0.75%,+2.26%,-1.85%
3211.TWO,+4.50%,-0.29%,+4.90%,+1.37%,+0.54%,+0.54%,-1.35%,-1.64%,-2.50%,+0.57%
9962.TWO,+2.82%,+0.00%,+0.00%,+9.93%,-4.36%,-4.36%,-1.63%,+3.64%,+2.24%,-1.56%
6634.TWO,+0.20%,-0.40%,+10.42%,-1.63%,+0.37%,+0.37%,+4.78%,-2.11%,-3.41%,-1.67%
6180.TWO,+1.09%,+0.94%,+0.67%,+0.13%,+0.40%,+0.40%,+0.00%,+1.45%,+0.13%,-0.52%
6284.TWO,+3.80%,-0.37%,+0.37%,+0.00%,+0.49%,+0.49%,-0.24%,+1.70%,-0.96%,+0.85%
4558.TWO,+4.22%,+1.95%,-0.59%,+1.04%,-1.32%,-1.32%,-0.59%,+0.30%,-0.89%,+3.90%
5211.TWO,+0.76%,+0.38%,+7.89%,-4.36%,+0.00%,+0.00%,+0.36%,-0.18%,+0.36%,+3.62%
7783.TWO,-0.49%,+0.49%,+4.39%,+0.23%,-0.23%,-0.23%,+0.00%,-0.93%,+3.54%,-2.05%
7794.TWO,+3.66%,+1.53%,+0.00%,+3.82%,+1.56%,+1.10%,+19.57%,-5.09%,-2.87%,+1.58%
6870.TWO,-3.46%,+2.46%,+9.17%,+0.00%,-1.20%,-1.20%,-4.45%,-1.06%,-1.50%,-2.17%
3558.TWO,+1.31%,+1.55%,+3.83%,+1.47%,+9.93%,+9.93%,+6.17%,-2.90%,+0.00%,+0.00%
1260.TWO,-0.44%,+3.96%,+0.00%,-0.85%,+0.21%,+0.21%,+0.00%,+0.21%,+0.00%,+0.00%
3595.TWO,+0.74%,-0.44%,+1.48%,-2.04%,+1.64%,+1.64%,-1.90%,+1.64%,-1.32%,+0.60%
7725.TWO,-2.48%,-0.64%,+5.12%,-2.64%,+0.00%,+0.00%,+3.33%,+0.20%,+10.46%,-6.38%
7402.TWO,+4.36%,-0.49%,+0.37%,+4.92%,+0.00%,+0.00%,+0.35%,-3.97%,+9.98%,+6.75%
7813.TWO,-1.43%,-0.97%,+14.63%,-3.40%,+0.44%,+0.44%,-4.39%,-1.38%,+0.00%,-3.26%
4580.TWO,+0.00%,+0.87%,+2.59%,-0.11%,-0.32%,-0.32%,-0.32%,+0.53%,-0.63%,-0.11%
5267.TWO,+0.00%,+0.00%,+0.00%,-0.14%,-4.10%,-4.10%,+0.00%,+0.00%,+0.85%,+0.00%
6739.TWO,-0.49%,+3.22%,+0.96%,+9.98%,+9.94%,+9.94%,+6.48%,-1.11%,+7.09%,+9.93%
7702.TWO,+0.00%,+3.76%,+0.34%,+0.00%,+3.26%,+3.26%,+0.17%,+3.16%,-0.16%,+3.23%
4738.TWO,+3.02%,-0.31%,-0.31%,+0.16%,+0.00%,+0.00%,+0.00%,+0.00%,-0.93%,+0.00%
5863.TWO,+0.00%,-1.23%,+1.67%,+0.00%,+0.41%,+0.41%,-0.82%,+0.82%,-0.41%,+3.28%
6843.TWO,+2.17%,-2.32%,+0.20%,+1.58%,-0.97%,-0.97%,+2.36%,+1.15%,-0.38%,-0.76%
4584.TWO,+0.00%,+0.00%,+0.81%,+0.00%,+0.00%,+0.00%,+0.48%,-0.48%,+0.00%,-1.60%
6543.TWO,-0.17%,+0.33%,+0.50%,-0.16%,+0.66%,+0.66%,+0.00%,+0.16%,+1.14%,+0.00%
8240.TWO,+2.47%,+5.18%,+0.34%,+0.57%,+0.91%,+0.91%,+0.67%,-0.34%,+0.90%,+0.56%
8119.TWO,+4.27%,+0.45%,-0.45%,-0.91%,-0.46%,-0.46%,-1.38%,-0.47%,+2.82%,+0.46%
5601.TWO,+0.00%,+2.10%,-0.82%,-0.28%,+1.11%,+1.11%,-1.92%,+0.42%,-0.97%,+1.12%
5210.TWO,-1.19%,+1.20%,+4.94%,+1.88%,-1.48%,-1.48%,-1.13%,-0.57%,+0.38%,+1.90%
4183.TWO,-0.21%,+0.21%,-0.21%,-1.71%,+0.43%,+0.43%,-0.65%,+0.65%,+0.00%,+0.22%
2061.TWO,+2.69%,+3.21%,+0.00%,-1.13%,+1.71%,+1.71%,-0.28%,+0.00%,+1.97%,-0.55%
6750.TWO,+4.82%,+1.57%,-2.38%,+0.61%,+0.73%,+0.73%,-0.60%,+2.30%,+1.66%,+0.12%
7719.TWO,+1.36%,-1.34%,+4.26%,-3.90%,+0.58%,+0.58%,-2.31%,-1.18%,+0.20%,+4.37%
3663.TWO,+2.77%,-0.48%,+0.48%,-2.69%,-0.33%,-0.33%,+0.49%,+6.50%,-1.83%,+0.78%
6892.TWO,+0.75%,-0.50%,+0.25%,+0.12%,-2.37%,-2.37%,-0.77%,+0.39%,-0.26%,+0.51%
6588.TWO,+2.21%,+1.15%,+3.42%,-4.27%,-0.43%,-0.43%,+0.00%,+1.88%,-1.42%,-0.29%
4563.TWO,+4.49%,+0.00%,+1.08%,-1.65%,+0.48%,+0.48%,+5.86%,-0.45%,-1.25%,+7.36%
4115.TWO,-1.47%,+0.00%,-2.39%,+1.83%,+0.10%,+0.10%,-0.20%,+0.20%,+0.00%,-0.90%
6494.TWO,+0.72%,+0.92%,+0.30%,-2.92%,+1.76%,+1.76%,-1.73%,+1.97%,-0.51%,+2.25%
3707.TWO,+2.00%,+3.46%,+0.45%,+0.33%,-1.00%,-1.00%,-0.11%,+4.37%,+1.29%,+7.42%
3064.TWO,+0.00%,-5.41%,+4.67%,-0.29%,+0.00%,+0.00%,+0.00%,-3.75%,+0.45%,+0.00%
3498.TWO,+2.11%,+2.36%,+0.77%,-0.38%,+0.00%,+0.00%,+1.15%,+0.76%,+0.94%,+4.47%
3297.TWO,+2.35%,+0.69%,+0.00%,-1.82%,+1.62%,+1.62%,-0.23%,+0.69%,+3.64%,+0.44%
3310.TWO,-1.68%,+1.14%,+0.56%,+1.12%,+0.22%,+0.22%,+0.88%,+0.33%,+0.00%,-1.53%
6788.TWO,+0.95%,+3.54%,+1.14%,-4.50%,-0.24%,-0.24%,-1.65%,+0.48%,-0.96%,+0.48%
3097.TWO,+3.14%,-0.76%,+2.68%,-2.05%,+2.10%,+2.10%,+1.87%,-0.73%,+0.00%,-0.18%
6793.TWO,+1.70%,+2.51%,-5.72%,-0.29%,+0.00%,+0.00%,-3.19%,+0.90%,+2.67%,+0.29%
7761.TWO,-2.31%,+1.05%,+4.17%,+12.88%,-7.20%,-7.20%,+3.70%,-4.83%,+2.78%,+1.88%
6903.TWO,-1.52%,+3.46%,-0.37%,-3.36%,-0.39%,-0.39%,-1.16%,+0.00%,-1.57%,+0.80%
00764B.TWO,+0.20%,+1.43%,-0.16%,-0.46%,-0.40%,-0.40%,-0.69%,-1.17%,+1.31%,+0.07%
6578.TWO,+0.28%,+1.10%,+0.54%,+2.17%,-0.27%,-0.27%,-0.27%,+0.80%,+0.79%,+0.52%
4432.TWO,-0.22%,+0.00%,+0.22%,+0.45%,+2.00%,+2.00%,-0.65%,+0.22%,+1.09%,-0.22%
2644.TWO,-0.12%,-1.12%,+0.38%,-1.89%,+1.67%,+1.67%,-0.38%,+0.38%,+0.00%,-0.38%
4513.TWO,+2.17%,+1.31%,-1.29%,+0.00%,+0.33%,+0.33%,+7.17%,+8.51%,-1.54%,+1.00%
2073.TWO,+3.85%,+0.00%,+1.11%,+0.00%,+0.00%,+0.00%,+0.00%,+0.00%,+0.00%,+0.00%
00958B.TWO,+0.21%,+0.94%,-0.10%,-0.31%,-0.10%,-0.10%,-0.62%,-0.42%,+0.94%,+0.10%
3313.TWO,+0.00%,+0.32%,-1.58%,-2.25%,-0.66%,-0.66%,+0.66%,+2.63%,+1.00%,+0.00%
4433.TWO,+0.18%,+2.17%,+0.00%,-0.53%,-0.36%,-0.36%,+1.61%,+0.00%,-0.35%,+0.53%
3529.TWO,+2.51%,-1.53%,+4.19%,-1.64%,+0.00%,+0.00%,-0.61%,-5.95%,-6.00%,+2.93%
8436.TWO,+4.74%,+1.65%,-1.21%,-1.64%,-0.83%,-0.83%,+0.00%,+0.42%,+2.51%,-2.04%
6276.TWO,+2.08%,+0.34%,+0.17%,-0.84%,+9.86%,+9.86%,+9.91%,+10.00%,+9.99%,-5.36%
6832.TWO,+1.23%,+1.22%,-3.31%,+6.32%,+4.29%,+4.29%,-0.56%,+0.00%,-3.57%,+3.70%
6182.TWO,+0.65%,+2.78%,+0.62%,-0.83%,+1.46%,+1.46%,-1.85%,+5.44%,+1.19%,-0.20%
4931.TWO,+1.79%,-0.15%,+1.76%,-0.14%,-0.58%,-0.58%,-3.34%,-0.75%,-4.24%,+3.16%
6499.TWO,+2.11%,+2.32%,+3.27%,-0.73%,+1.47%,+1.47%,-0.97%,-0.73%,-0.12%,+1.23%
6171.TWO,+0.38%,+0.13%,-0.25%,+1.65%,-0.25%,-0.25%,+0.38%,+1.37%,+0.74%,+5.13%
6650.TWO,-1.99%,+5.19%,-0.12%,-2.53%,+0.00%,+0.00%,+0.00%,+0.00%,-0.62%,+0.62%
7742.TWO,+0.16%,+0.81%,-1.94%,+1.15%,-3.26%,-3.26%,+1.52%,+0.00%,-1.82%,+1.69%
00968B.TWO,+0.10%,+0.82%,-0.10%,-0.51%,-0.20%,-0.20%,-0.31%,-0.41%,+0.93%,+0.10%
8071.TWO,+6.03%,-0.71%,+4.53%,-0.68%,-0.69%,-0.69%,-1.39%,-1.88%,-0.72%,+1.45%
3632.TWO,+0.00%,+0.78%,+1.54%,-1.14%,-0.77%,-0.77%,-1.16%,+0.00%,+0.39%,+0.39%
5013.TWO,+1.16%,+0.00%,+0.00%,-3.11%,+2.71%,+2.71%,+5.11%,-1.41%,-0.79%,-0.96%
6548.TWO,+0.58%,+1.74%,-0.28%,+0.00%,+0.43%,+0.43%,-1.28%,+1.15%,-1.14%,+0.29%
5314.TWO,+5.81%,-2.20%,+0.79%,-9.92%,-2.23%,-2.23%,+1.27%,-1.50%,-3.43%,+5.52%
6797.TWO,-4.24%,-1.30%,+1.85%,-0.52%,-0.52%,-0.52%,+0.00%,+0.00%,+3.14%,-4.06%
6407.TWO,+0.29%,+0.29%,+3.74%,-3.05%,-2.86%,-2.86%,+1.18%,-0.58%,+0.88%,-0.87%
4138.TWO,+1.33%,-0.11%,+0.55%,-1.09%,+0.00%,+0.00%,-0.77%,+0.45%,+0.00%,+0.78%
3594.TWO,+6.84%,+4.21%,+2.57%,+0.36%,+1.78%,+1.78%,+1.93%,-2.58%,-1.23%,+3.21%
4561.TWO,+2.77%,-1.90%,+0.97%,-0.48%,+2.58%,+2.58%,+1.10%,-0.93%,+6.11%,+7.83%
6823.TWO,+0.47%,+3.55%,+0.89%,+7.09%,-12.68%,-12.68%,-0.15%,-0.75%,+0.15%,+1.51%
6175.TWO,+9.69%,-0.71%,+1.30%,+0.47%,-1.28%,-1.28%,-1.18%,+9.92%,-4.13%,-0.68%
3540.TWO,,,,,,,,,,
2718.TWO,+0.00%,+0.69%,+0.14%,-0.69%,+0.00%,+0.00%,+1.24%,+1.91%,-0.67%,+1.89%
3490.TWO,+2.02%,+0.00%,+0.33%,-0.33%,+0.16%,+0.16%,+2.80%,-0.48%,+0.16%,+0.48%
5321.TWO,+0.35%,-0.35%,+0.00%,-0.35%,+0.00%,+0.00%,+0.53%,+0.52%,-0.69%,+0.52%
4430.TWO,+4.63%,+0.22%,-0.22%,+0.00%,-0.44%,-0.44%,+0.00%,+1.78%,+1.31%,+0.22%
3379.TWO,+5.65%,-3.14%,+6.48%,-3.40%,+5.56%,+5.56%,-2.11%,+0.72%,-6.41%,+9.89%
3625.TWO,+0.29%,-0.57%,+6.65%,-0.81%,+1.09%,+1.09%,+10.00%,-3.93%,-5.88%,+6.52%
3141.TWO,+2.32%,+1.99%,+1.39%,+0.00%,-0.14%,-0.14%,+0.27%,+0.82%,+1.90%,+1.87%
6708.TWO,+2.46%,+10.00%,+7.09%,-1.87%,-2.08%,-2.08%,-2.83%,-0.91%,-0.73%,-0.55%
00785B.TWO,+0.08%,+0.77%,-0.36%,-0.30%,-0.17%,-0.17%,-0.52%,-0.53%,+0.92%,+0.03%
6291.TWO,+1.74%,+0.75%,+1.59%,-1.67%,-1.27%,-1.27%,-0.43%,-0.32%,+0.00%,+1.30%
2221.TWO,+1.58%,+0.17%,-0.17%,+1.39%,-0.68%,-0.68%,+0.17%,+1.55%,-0.68%,-0.34%
6140.TWO,+10.00%,-0.61%,+9.91%,+1.53%,-4.10%,-4.10%,+4.56%,-2.86%,-4.49%,-0.44%
6693.TWO,+0.71%,-0.71%,-0.36%,-0.60%,-0.60%,-0.60%,-0.12%,-0.72%,-0.24%,-1.83%
4559.TWO,-0.91%,+1.02%,-0.50%,+0.00%,-0.51%,-0.51%,+1.52%,+0.00%,-2.00%,+0.51%
3603.TWO,+1.66%,+9.00%,-3.38%,-4.15%,+2.70%,+2.70%,+0.92%,-5.74%,+1.66%,-4.76%
2745.TWO,+1.45%,+0.48%,+2.37%,+0.46%,-0.46%,-0.46%,+0.00%,-0.93%,-0.93%,+1.42%
6179.TWO,+1.48%,+0.00%,+1.46%,-0.90%,+0.18%,+0.18%,+2.36%,+1.77%,+0.00%,+1.57%
6791.TWO,+5.42%,-0.96%,+7.14%,-5.76%,-2.25%,-2.25%,-1.97%,+1.01%,-2.66%,+0.68%
7763.TWO,-2.72%,+3.05%,+0.00%,+0.00%,-2.59%,-2.59%,+2.03%,-2.48%,+1.27%,+0.63%
7575.TWO,-0.24%,-1.56%,+0.73%,-0.36%,-1.22%,-1.22%,+0.62%,-0.12%,+0.24%,+0.00%
5493.TWO,+1.21%,+6.67%,+2.50%,-2.56%,-0.63%,-0.63%,+0.13%,+2.01%,-1.36%,+5.50%
6118.TWO,+0.67%,+0.45%,+0.22%,-0.22%,-2.44%,-2.44%,-0.23%,+2.28%,-1.34%,+0.00%
6264.TWO,+0.89%,+1.87%,-0.11%,-2.27%,+0.44%,+0.44%,+0.77%,+0.44%,+1.41%,+0.43%
3322.TWO,+2.93%,+1.99%,+2.23%,+0.27%,-0.27%,-0.27%,-1.64%,+0.83%,-0.28%,-0.28%
6203.TWO,-1.25%,+8.04%,-1.83%,-1.86%,+0.81%,+0.81%,-0.13%,-1.35%,-0.41%,+2.19%
4933.TWO,+6.29%,-1.97%,+1.26%,-8.32%,-0.14%,-0.14%,+0.14%,+1.49%,-0.80%,+2.29%
5201.TWO,+4.04%,-0.60%,+9.91%,-2.46%,-5.04%,-5.04%,+0.00%,-1.33%,-0.75%,+0.45%
3430.TWO,+1.90%,+4.58%,+0.49%,+0.65%,+2.09%,+2.09%,-1.10%,+2.70%,+0.15%,-0.46%
3548.TWO,,,,,,,,,,
3265.TWO,+2.38%,+0.00%,+2.79%,+0.45%,+0.00%,+0.00%,+1.35%,+0.44%,-0.44%,+0.00%
2941.TWO,+0.00%,+0.32%,-0.16%,+9.94%,+9.91%,+9.91%,+2.12%,-2.60%,-2.53%,-1.09%
6841.TWO,-1.09%,+3.19%,-0.83%,-0.24%,-1.92%,-1.92%,+0.61%,+0.97%,+3.98%,+4.06%
4925.TWO,+3.26%,-2.24%,+4.58%,-1.03%,-1.04%,-1.04%,-0.26%,+0.53%,-1.83%,+2.80%
2067.TWO,-2.63%,-1.35%,+0.00%,+0.00%,-2.28%,-2.28%,+0.00%,+0.00%,+0.00%,-0.93%
8176.TWO,+0.35%,+0.70%,+1.73%,-0.68%,-1.37%,-1.37%,-1.04%,+1.05%,+2.08%,+0.68%
6114.TWO,+0.00%,+0.30%,+8.18%,+1.96%,-1.24%,-1.24%,+9.32%,-1.02%,+0.00%,-1.41%
4716.TWO,,,,,,,,,,
00942B.TWO,+0.26%,+0.99%,-0.20%,-0.39%,-0.20%,-0.20%,-0.66%,-0.59%,+1.06%,+0.07%
3236.TWO,+2.05%,-1.01%,+0.00%,+0.25%,-0.51%,-0.51%,+0.51%,+0.51%,+0.00%,-0.50%
00722B.TWO,+0.21%,+0.94%,-0.41%,-0.41%,-0.26%,-0.26%,-0.44%,-0.76%,+1.21%,-0.05%
3289.TWO,+0.21%,-0.38%,+2.69%,+1.12%,-1.48%,-1.48%,+0.38%,+0.75%,-1.12%,+0.38%
6886.TWO,+1.80%,+0.20%,+0.98%,-1.36%,+0.79%,+0.79%,-0.39%,-3.04%,+4.35%,-1.16%
00970B.TWO,+0.10%,+0.60%,-0.10%,-0.30%,-0.30%,-0.30%,-0.30%,-0.61%,+1.02%,+0.00%
4419.TWO,+0.00%,+0.00%,+2.84%,+0.31%,+0.00%,+0.00%,+0.00%,+0.41%,-0.10%,+0.10%
3710.TWO,+0.84%,+0.42%,-0.83%,-2.09%,-2.14%,-2.14%,-0.44%,+4.39%,-1.26%,-1.28%
6920.TWO,+4.27%,+2.73%,+10.62%,+4.40%,-2.30%,-2.30%,+1.96%,+1.15%,+0.00%,+0.00%
5309.TWO,-0.87%,+0.63%,-0.12%,+5.24%,-0.47%,-0.47%,-1.19%,+0.97%,-0.12%,+3.23%
8458.TWO,+0.97%,+1.68%,-4.02%,+3.45%,-3.81%,-3.81%,+3.96%,-3.81%,-0.74%,+0.75%
00847B.TWO,+0.18%,+0.98%,-0.04%,-0.29%,-0.07%,-0.07%,-0.57%,-0.80%,+0.80%,+0.22%
3556.TWO,+0.75%,+1.61%,+0.37%,-1.09%,-0.37%,-0.37%,-0.37%,+0.87%,+0.37%,+2.93%
6637.TWO,+0.11%,+2.04%,+0.11%,-2.55%,-0.45%,-0.45%,-1.37%,+0.23%,+1.50%,+0.68%
00679B.TWO,+0.21%,+1.32%,-0.14%,-0.41%,-0.31%,-0.31%,-0.69%,-1.11%,+1.27%,+0.03%
3527.TWO,+0.00%,+0.79%,-0.66%,+3.43%,-3.07%,-3.07%,-0.26%,+1.98%,-1.42%,-0.13%
6762.TWO,+0.00%,+0.37%,+0.00%,+0.73%,+0.00%,+0.00%,-0.72%,+1.09%,+0.72%,+0.54%
7782.TWO,+3.01%,+0.12%,-0.12%,-3.86%,-0.24%,-0.24%,+3.90%,-3.76%,-0.49%,-0.12%
3088.TWO,+9.73%,+4.96%,+2.03%,-2.98%,-2.05%,-2.05%,+1.39%,+0.34%,-2.40%,+2.81%
7744.TWO,+0.00%,+0.32%,+5.03%,+5.99%,-2.26%,-2.26%,+2.31%,+6.50%,-6.10%,+2.82%
6467.TWO,-2.95%,+2.28%,-2.23%,+6.83%,-2.70%,-2.70%,-1.61%,-10.98%,+0.67%,+4.80%
5508.TWO,+0.00%,+3.94%,-0.76%,+3.82%,+2.94%,+2.94%,-2.14%,-0.36%,+2.20%,+0.00%
1294.TWO,+1.01%,-0.11%,+0.00%,-0.56%,-1.01%,-1.01%,-1.24%,+1.03%,+1.13%,+0.34%
4129.TWO,+1.60%,+1.58%,-0.83%,+2.40%,-0.61%,-0.61%,+0.00%,+0.00%,-0.21%,+0.41%
7776.TWO,+6.54%,+7.02%,-4.45%,-3.55%,+4.32%,+4.32%,+0.73%,-4.72%,+0.51%,+1.01%
6904.TWO,+0.70%,-0.35%,+0.00%,+9.79%,-1.59%,-1.59%,-0.32%,-0.97%,+0.98%,+0.65%
8044.TWO,+3.29%,+2.39%,-1.22%,-1.01%,-1.02%,-1.02%,+0.34%,+1.49%,-0.11%,+2.82%
4772.TWO,+2.66%,-1.20%,-0.81%,-4.27%,+4.88%,+4.88%,-9.92%,-4.27%,-2.11%,+1.44%
1599.TWO,+0.51%,+0.34%,+0.00%,+1.17%,+0.50%,+0.50%,+0.49%,-0.16%,+0.16%,-0.49%
6148.TWO,+9.98%,+8.18%,+9.90%,-3.75%,-2.99%,-2.99%,+1.07%,+3.05%,-1.93%,+0.13%
5701.TWO,-1.26%,+1.70%,+0.42%,+0.21%,+0.83%,+0.83%,+2.06%,+0.00%,+1.62%,+1.19%
5703.TWO,+1.37%,-1.08%,+0.54%,-0.54%,-1.09%,-1.09%,+0.28%,+1.10%,-0.54%,+0.00%
7728.TWO,+5.17%,+8.67%,+8.11%,-5.04%,-1.42%,-1.42%,-2.76%,+0.00%,+0.00%,+1.35%
3585.TWO,+0.84%,-0.70%,-1.40%,-0.14%,-0.43%,-0.43%,-0.29%,+0.29%,-0.71%,+1.01%
6509.TWO,+1.08%,+1.20%,+0.26%,+0.79%,-0.13%,-0.13%,-0.26%,+1.18%,-0.39%,-0.39%
3105.TWO,+1.81%,+0.99%,+0.00%,+0.00%,+0.00%,+0.00%,-0.98%,+3.96%,-0.95%,+4.33%
9957.TWO,+1.28%,-1.27%,+1.28%,+6.80%,-5.48%,-5.48%,-0.63%,+5.99%,+1.19%,-4.12%
4570.TWO,+0.38%,-1.01%,+0.89%,+0.13%,+0.00%,+0.00%,+0.00%,-4.15%,+4.33%,+0.00%
00768B.TWO,+0.18%,+1.45%,-0.09%,-0.36%,-0.36%,-0.36%,-0.63%,-1.09%,+1.01%,+0.27%
7607.TWO,+0.00%,-4.97%,+4.36%,+0.00%,-7.80%,-7.80%,+3.63%,+0.00%,+0.29%,-0.58%
5212.TWO,+0.66%,-0.16%,+2.78%,-1.43%,-1.77%,-1.77%,+0.82%,+0.33%,-0.65%,-0.65%
6821.TWO,+1.83%,+1.12%,+1.78%,-2.73%,-1.57%,-1.57%,-1.37%,-1.39%,+0.35%,-0.47%
7590.TWO,+0.19%,+0.39%,+0.00%,-1.35%,-0.39%,-0.39%,-1.37%,+1.39%,-0.20%,-0.20%
5246.TWO,-3.39%,+1.10%,+1.52%,-7.84%,+19.03%,+19.03%,+7.06%,-9.37%,+5.75%,+1.81%
5014.TWO,+0.69%,+0.68%,-1.02%,+2.75%,-3.68%,-3.68%,-1.04%,+7.02%,+5.25%,-2.18%
6810.TWO,-0.16%,+1.31%,+0.16%,+0.49%,+0.00%,+0.00%,-0.81%,-0.16%,-0.33%,-0.98%
8064.TWO,+3.75%,+1.81%,+0.52%,-1.25%,-0.63%,-0.63%,+0.21%,+2.85%,-0.41%,+3.30%
5299.TWO,+2.16%,+0.22%,+1.11%,-0.55%,-0.55%,-0.55%,-1.56%,+1.35%,+0.67%,+0.11%
3362.TWO,+6.63%,+0.48%,-0.71%,+2.88%,+0.70%,+0.70%,+0.46%,-0.23%,-1.39%,+0.23%
1784.TWO,+1.81%,+1.42%,+0.82%,+0.00%,-4.51%,-4.51%,+0.48%,+1.33%,+0.00%,-0.12%
6977.TWO,+3.49%,+1.23%,+7.68%,-1.50%,-0.19%,-0.19%,-3.05%,+0.39%,+2.94%,+2.67%
6130.TWO,-2.75%,+1.09%,-1.08%,-1.30%,-1.54%,-1.54%,-2.24%,+0.23%,+1.14%,-0.68%
4749.TWO,-0.15%,-3.94%,+2.52%,-2.00%,+0.00%,+0.00%,-1.10%,-0.79%,-0.32%,+6.26%
00933B.TWO,+0.18%,+0.59%,-0.18%,-0.47%,-0.06%,-0.06%,-0.42%,-0.54%,+0.78%,+0.12%
5425.TWO,+1.76%,+2.69%,+0.94%,+0.93%,+0.00%,+0.00%,-0.55%,+0.92%,+0.73%,-1.09%
6610.TWO,+0.36%,-0.36%,+0.36%,+0.00%,-1.08%,-1.08%,+0.00%,+0.00%,-0.73%,+0.37%
2235.TWO,+0.21%,+0.41%,-2.56%,-0.21%,+0.32%,+0.32%,+0.63%,+0.84%,-1.35%,-0.63%
3629.TWO,+0.00%,+0.00%,+1.87%,+0.69%,-4.33%,-4.33%,+4.52%,+0.00%,-0.46%,-2.52%
6683.TWO,+5.45%,-1.24%,-1.48%,-2.42%,+0.36%,+0.36%,-1.89%,+0.00%,+3.97%,+6.36%
3290.TWO,+1.53%,+2.42%,+1.33%,+0.00%,-1.02%,-1.02%,-0.88%,+0.59%,-1.18%,+1.49%
6730.TWO,-3.18%,+1.23%,+1.22%,+0.13%,-1.60%,-1.60%,+1.63%,-0.13%,+0.67%,+0.27%
1742.TWO,-0.86%,+0.29%,-0.29%,+0.00%,+0.00%,+0.00%,+0.58%,+0.00%,+0.87%,+0.29%
7507.TWO,+2.11%,+2.07%,+0.00%,+0.68%,+4.87%,+4.87%,-3.68%,+0.50%,-0.50%,+0.00%
3465.TWO,+9.28%,+4.75%,-2.47%,-1.83%,+2.01%,+2.01%,+0.00%,-1.55%,-6.00%,+2.74%
6246.TWO,-0.33%,-0.99%,+1.33%,-0.99%,-0.33%,-0.33%,+0.33%,+1.66%,+1.31%,+0.00%
5271.TWO,+1.01%,-1.33%,-2.36%,-3.10%,+0.00%,+0.00%,+0.00%,+3.20%,+1.72%,-3.73%
5481.TWO,-0.45%,-0.15%,-2.44%,-4.69%,-2.46%,-2.46%,-2.52%,-1.38%,-6.64%,+1.12%
8059.TWO,+0.31%,+7.59%,+8.20%,-0.27%,-3.20%,-3.20%,-2.62%,-0.85%,-1.85%,-0.44%
6586.TWO,+9.22%,+16.34%,-0.46%,-6.05%,+0.99%,+0.99%,-0.49%,-1.97%,+2.51%,-2.78%
4533.TWO,+2.45%,+0.60%,+1.19%,+4.99%,+5.59%,+5.59%,+0.00%,+0.53%,-1.18%,+1.86%
8933.TWO,+0.12%,+0.98%,+1.33%,+7.04%,-0.67%,-0.67%,-1.23%,+0.91%,+0.11%,-0.11%
6855.TWO,+0.33%,+3.95%,+0.95%,+2.51%,-0.61%,-0.61%,+3.08%,-1.19%,-0.91%,+0.00%
5457.TWO,+2.23%,+0.20%,+0.79%,+0.59%,+1.76%,+1.76%,+0.19%,+1.34%,-1.89%,+0.00%
6848.TWO,+1.02%,+2.51%,+0.00%,+0.98%,+3.64%,+3.64%,-3.51%,-0.49%,+3.66%,-4.00%
3511.TWO,+0.94%,+2.49%,+1.82%,-1.94%,+2.13%,+2.13%,-1.49%,+0.15%,-0.45%,+0.00%
6859.TWO,+6.67%,-1.44%,+0.24%,-3.41%,+2.02%,+2.02%,+2.72%,-4.33%,-2.01%,-1.54%
6995.TWO,+1.73%,+25.50%,+5.98%,+3.01%,-3.65%,-3.65%,-6.82%,-3.66%,-9.28%,+12.09%
7797.TWO,+2.71%,-1.32%,-0.45%,+1.35%,-1.77%,-1.77%,+0.90%,-0.89%,+2.25%,-2.64%
6212.TWO,+2.03%,+0.99%,-2.30%,+0.84%,+0.00%,+0.00%,+2.33%,+0.98%,-3.22%,+1.33%
5474.TWO,+3.23%,-0.72%,+0.24%,+0.72%,-1.20%,-1.20%,+1.21%,-3.12%,-2.72%,+5.60%
6518.TWO,+1.76%,+0.19%,+0.00%,-1.34%,+0.00%,+0.00%,-0.78%,+0.20%,+0.59%,+1.36%
5351.TWO,+0.95%,+2.66%,+1.37%,+1.36%,-0.59%,-0.59%,+0.00%,+4.48%,+0.86%,-0.85%
6982.TWO,+2.93%,-1.74%,+0.97%,-0.96%,+1.93%,+1.93%,+0.79%,+0.16%,-1.25%,+3.17%
1593.TWO,+0.71%,+1.13%,+0.42%,+0.84%,-0.55%,-0.55%,-0.97%,-0.14%,+1.55%,+0.42%
3288.TWO,+0.99%,+0.73%,+3.16%,+2.82%,-3.66%,-3.66%,-0.24%,+0.00%,+2.14%,-3.26%
6190.TWO,+2.08%,+0.15%,+0.87%,+2.74%,+1.40%,+1.40%,-0.97%,+1.54%,+0.28%,+0.69%
1780.TWO,+0.28%,-0.28%,+0.00%,+0.85%,-0.28%,-0.28%,+1.13%,-1.40%,-0.28%,+2.85%
2070.TWO,+4.05%,+1.09%,+10.00%,-4.62%,-0.29%,-0.29%,-2.65%,+1.66%,+0.00%,+0.00%
3508.TWO,+0.56%,-0.19%,+0.19%,-1.11%,+3.19%,+3.19%,+1.27%,+0.54%,+0.00%,+0.89%
3294.TWO,-0.80%,+9.93%,-1.83%,+0.25%,-4.96%,-4.96%,+5.61%,+1.36%,-0.98%,+1.11%
5516.TWO,-1.08%,+0.00%,+0.82%,+0.81%,-1.07%,-1.07%,+0.00%,+0.00%,-1.89%,+0.83%
5223.TWO,+1.69%,+0.33%,+0.33%,-0.66%,+3.67%,+3.67%,-2.25%,+0.00%,-0.82%,+0.17%
4575.TWO,-0.42%,+2.13%,+0.00%,+0.00%,+0.00%,+0.00%,+0.00%,+0.00%,+0.00%,+0.00%
3083.TWO,+0.00%,+0.84%,+2.98%,-0.46%,-0.93%,-0.93%,-1.29%,+0.83%,+1.18%,+0.00%
6876.TWO,-1.70%,-1.44%,+5.26%,+0.00%,+0.56%,+0.56%,+0.00%,-4.14%,+0.00%,-1.15%
5345.TWO,+0.56%,-2.06%,-0.76%,+0.00%,+0.00%,+0.00%,-0.19%,-0.19%,-0.19%,-0.39%
6609.TWO,+2.75%,-1.69%,+0.57%,+0.43%,+9.93%,+9.93%,+1.29%,-3.82%,+1.99%,+1.69%
6572.TWO,-1.70%,+0.87%,-2.58%,+1.32%,-0.87%,-0.87%,+3.07%,-2.55%,+0.44%,+0.43%
7777.TWO,+0.00%,+0.00%,+0.00%,-1.22%,-4.92%,-4.92%,+0.32%,+1.94%,+0.00%,+0.00%
6704.TWO,-1.30%,-0.19%,+0.56%,+0.93%,-2.04%,-2.04%,+2.08%,+0.00%,+0.00%,-1.30%
1293.TWO,+0.00%,-1.96%,+2.00%,+0.00%,+0.33%,+0.33%,-0.65%,+0.00%,+0.00%,+4.26%
8905.TWO,+1.74%,-0.16%,-0.31%,-0.16%,-0.63%,-0.63%,-0.47%,+0.16%,+0.47%,-0.16%
3615.TWO,+2.93%,+3.04%,+0.74%,-0.91%,-1.29%,-1.29%,-0.75%,+3.20%,-0.73%,+0.00%
6207.TWO,+1.47%,+0.72%,+2.51%,-4.37%,+0.00%,+0.00%,-0.18%,+3.30%,-1.42%,+6.12%
5205.TWO,-1.07%,+6.69%,-6.61%,+6.53%,-6.30%,-6.30%,-7.82%,+5.72%,-3.36%,-3.47%
6411.TWO,+0.83%,+0.35%,+1.76%,-0.12%,-0.81%,-0.81%,-1.17%,+1.42%,-0.35%,+0.35%
6856.TWO,+1.44%,-0.16%,+0.00%,+0.00%,-0.63%,-0.63%,-0.32%,+1.44%,+0.16%,+0.63%
6188.TWO,+2.61%,+4.78%,+1.46%,-0.48%,+0.96%,+0.96%,+1.90%,+2.34%,-0.91%,+3.23%
2726.TWO,-2.66%,-1.68%,+3.21%,+0.62%,-0.82%,-0.82%,+1.04%,-1.85%,+0.21%,+0.42%
6826.TWO,+0.54%,+3.78%,+1.82%,+6.91%,-2.39%,-2.39%,-0.74%,-2.47%,+1.27%,-0.25%
6980.TWO,+2.37%,+0.31%,-0.77%,-0.62%,+1.71%,+1.71%,+1.07%,-1.36%,-0.31%,+0.92%
6857.TWO,+1.55%,-0.76%,-1.54%,-0.78%,-1.18%,-1.18%,-1.20%,+0.00%,+0.40%,-0.40%
3268.TWO,-1.56%,+0.23%,-0.68%,+0.00%,+2.49%,+2.49%,+0.00%,+0.00%,-0.44%,+0.22%
8089.TWO,+3.03%,+0.42%,-0.84%,-9.99%,-1.09%,-1.09%,-0.47%,+1.43%,-2.35%,+1.44%
1815.TWO,+0.00%,+9.98%,+9.87%,+1.30%,-1.29%,-1.29%,-2.46%,-1.63%,-1.81%,+0.62%
5468.TWO,+0.92%,-2.28%,+9.81%,+0.00%,-1.28%,-1.28%,-1.72%,+0.00%,+5.26%,+2.92%
4707.TWO,+0.00%,+0.72%,+0.36%,-0.36%,+0.00%,+0.00%,+0.00%,+1.08%,+0.00%,+0.00%
8107.TWO,+3.33%,+7.26%,-3.01%,+0.78%,+1.79%,+1.79%,-1.01%,+2.04%,+0.50%,+1.74%
6755.TWO,-0.40%,-1.00%,+1.01%,+0.00%,-0.40%,-0.40%,+0.00%,+0.40%,+0.00%,+8.80%
2924.TWO,-1.11%,-0.64%,-1.46%,+5.10%,-2.66%,-2.66%,+0.48%,-0.16%,+1.44%,+0.00%
6428.TWO,+0.00%,+0.00%,+0.00%,+0.00%,+0.00%,+0.00%,+2.00%,+2.94%,+0.00%,-4.29%
6640.TWO,+1.47%,+2.99%,+0.00%,-4.51%,+1.57%,+1.57%,-1.76%,+2.31%,-0.72%,+0.72%
3526.TWO,+2.08%,+1.66%,+0.91%,+0.90%,+1.79%,+1.79%,-0.35%,-1.58%,-0.89%,+3.07%
6199.TWO,-1.89%,+1.54%,+2.28%,-4.46%,+1.56%,+1.56%,-2.30%,-2.75%,-5.65%,-9.83%
3234.TWO,+1.37%,+6.98%,+4.21%,+4.24%,+0.78%,+0.78%,+3.65%,-0.37%,-4.66%,+0.20%
00795B.TWO,+0.31%,+1.36%,-0.10%,-0.54%,-0.30%,-0.30%,-0.71%,-1.09%,+1.24%,+0.14%
2063.TWO,+1.74%,+0.28%,+2.27%,-1.81%,-0.57%,-0.57%,-1.99%,+1.31%,+0.57%,+0.28%
5011.TWO,+0.99%,+0.00%,-0.25%,+2.46%,+0.96%,+0.96%,-0.95%,+4.33%,+1.61%,-1.59%
4417.TWO,+0.47%,+0.94%,-0.23%,+0.23%,+1.16%,+1.16%,+0.46%,+0.11%,+0.00%,+0.80%
6748.TWO,+3.47%,+0.21%,+0.42%,+1.67%,-2.46%,-2.46%,+0.21%,+0.84%,-1.25%,+0.00%
6204.TWO,+0.36%,+9.95%,+1.29%,-2.07%,-0.65%,-0.65%,+3.11%,+0.16%,+3.17%,+0.00%
8098.TWO,-3.09%,+11.85%,+0.27%,+4.20%,+8.71%,+8.71%,-2.87%,-1.60%,-1.38%,+0.25%
4406.TWO,+0.47%,+0.00%,+0.00%,+0.00%,-0.93%,-0.93%,-0.47%,+0.47%,+1.41%,-0.46%
8234.TWO,+8.26%,+1.36%,+9.87%,+3.20%,+9.88%,+9.88%,+5.77%,-0.13%,+1.52%,+9.89%
7714.TWO,-0.66%,-0.33%,+1.34%,+2.54%,+0.00%,+0.00%,-2.47%,-0.44%,-1.66%,+0.56%
6953.TWO,+3.93%,+0.00%,+0.00%,-3.78%,+0.69%,+0.69%,-1.15%,+0.93%,-1.15%,+0.00%
6963.TWO,+0.00%,-0.29%,+0.00%,-4.57%,+4.79%,+4.79%,-1.77%,+4.20%,-2.16%,-1.33%
8084.TWO,+0.52%,+6.09%,+1.31%,+0.00%,-1.62%,-1.62%,-2.96%,+0.00%,-1.53%,-2.07%
6839.TWO,-0.50%,+1.01%,-0.50%,-1.00%,-3.03%,-3.03%,-1.04%,+0.53%,+0.00%,-1.05%
7551.TWO,-2.26%,+4.62%,+4.41%,+0.00%,+1.06%,+1.06%,-4.88%,+1.83%,+3.24%,-0.35%
7814.TWO,+12.21%,-7.35%,+7.78%,+1.03%,-3.06%,-3.06%,-0.60%,+1.36%,-0.45%,-1.95%
4123.TWO,+0.63%,+2.11%,-0.73%,-1.10%,-0.62%,-0.62%,+0.00%,+1.00%,+1.36%,-0.12%
4973.TWO,+0.63%,+2.36%,+1.54%,-0.45%,+0.46%,+0.46%,+0.45%,+1.96%,-1.33%,-1.05%
4728.TWO,+1.09%,+0.00%,-1.08%,+0.00%,+6.02%,+6.02%,+1.03%,-1.36%,-1.21%,+2.45%
00720B.TWO,+0.11%,+0.97%,-0.34%,-0.40%,-0.26%,-0.26%,-0.43%,-0.60%,+1.12%,+0.00%
4305.TWO,+0.00%,-0.23%,+0.00%,+1.28%,+0.00%,+0.00%,+0.00%,+0.00%,+0.92%,+0.11%
4413.TWO,+1.46%,-0.57%,+0.87%,+2.87%,+2.51%,+2.51%,+1.36%,-0.80%,+0.81%,-1.34%
5512.TWO,+0.21%,+1.03%,+1.63%,+0.20%,-1.40%,-1.40%,-0.51%,+1.43%,-0.40%,+0.20%
7704.TWO,+1.76%,-0.93%,-2.28%,-0.14%,+0.00%,+0.00%,+1.37%,-1.08%,-0.68%,+7.17%
3221.TWO,+1.32%,+0.65%,+0.65%,-1.07%,+0.00%,+0.00%,+0.87%,+0.64%,+1.49%,-0.84%
6820.TWO,-4.42%,-0.49%,+0.00%,-5.87%,+3.64%,+3.64%,-3.01%,-4.39%,-4.59%,-3.40%
6441.TWO,+3.35%,-0.88%,+0.00%,+4.76%,-1.14%,-1.14%,+0.72%,+1.00%,+0.14%,+0.14%
7516.TWO,-0.43%,-0.87%,+2.62%,-2.98%,+5.26%,+5.26%,+8.33%,-3.08%,-3.97%,+3.31%
6151.TWO,+2.43%,+3.03%,-0.64%,-2.32%,+0.26%,+0.26%,-0.26%,+5.14%,-2.38%,+1.03%
5478.TWO,+1.26%,+1.66%,+0.41%,-1.22%,+1.65%,+1.65%,-0.81%,+0.82%,+0.81%,+0.80%
6959.TWO,+0.00%,+0.00%,-1.91%,-1.95%,-2.29%,-2.29%,+1.53%,+2.31%,-1.96%,-1.20%
8111.TWO,+1.07%,+4.12%,-0.30%,-4.18%,+0.11%,+0.11%,-1.27%,+0.75%,-1.49%,-0.65%
8928.TWO,+2.09%,+0.63%,+1.10%,+0.78%,+0.77%,+0.77%,+0.00%,-0.46%,-0.31%,+0.31%
6917.TWO,+0.85%,+1.68%,-1.38%,+0.56%,-1.67%,-1.67%,+0.28%,-0.28%,+1.13%,-0.28%
3531.TWO,+0.19%,+0.00%,-2.48%,-0.39%,+0.00%,+0.00%,-0.59%,-1.18%,+0.40%,+2.98%
3252.TWO,+0.49%,+0.73%,-0.73%,-0.49%,+0.49%,+0.49%,-2.93%,+0.50%,-0.25%,+0.75%
8329.TWO,-0.40%,-1.62%,-1.23%,-1.67%,-0.85%,-0.85%,+0.43%,+4.68%,-2.44%,+3.33%
3093.TWO,+0.58%,-0.38%,+1.16%,+0.00%,-2.29%,-2.29%,+0.97%,+0.39%,+0.00%,+0.00%
8076.TWO,+2.10%,+1.27%,+1.41%,+0.46%,-3.07%,-3.07%,-0.63%,+1.43%,+0.78%,-0.47%
6482.TWO,,,,,,,,,,
00724B.TWO,+0.17%,+0.71%,-0.37%,-0.26%,-0.11%,-0.11%,-0.43%,-0.63%,+0.92%,+0.00%
00969B.TWO,+0.56%,+2.43%,-0.22%,-0.76%,-0.55%,-0.55%,-1.43%,-1.22%,+1.80%,+0.22%
6935.TWO,+3.04%,-3.38%,+0.87%,+0.00%,+1.73%,+1.73%,-0.21%,+1.49%,+0.63%,+2.51%
6138.TWO,+1.75%,-0.29%,+1.73%,-0.57%,+0.00%,+0.00%,-0.57%,+1.15%,+0.00%,+0.57%
5529.TWO,-0.17%,+0.35%,+0.17%,-0.35%,+0.52%,+0.52%,+1.04%,+5.98%,+0.00%,-1.77%
7812.TWO,+9.12%,-5.34%,-0.21%,-0.11%,-2.56%,-2.56%,+1.75%,+2.48%,-2.21%,+4.40%
8477.TWO,-0.85%,+2.59%,+0.00%,+0.84%,-1.25%,-1.25%,-0.84%,+0.85%,-3.80%,+2.63%
8936.TWO,+1.69%,+2.96%,-0.54%,-0.36%,-0.73%,-0.73%,-2.19%,-0.93%,+0.00%,-1.13%
6508.TWO,-0.34%,+0.69%,-0.51%,+1.03%,+0.00%,+0.00%,+0.00%,+0.68%,-0.17%,+0.17%
8097.TWO,-0.72%,-0.12%,+0.24%,+0.00%,+4.93%,+4.93%,-3.67%,-0.60%,-1.68%,-0.24%
7790.TWO,+4.18%,-2.07%,+1.74%,-1.71%,-0.62%,-0.62%,+0.25%,+0.12%,-1.00%,+0.88%
4543.TWO,,,,,,,,,,
00740B.TWO,+0.10%,+0.89%,-0.41%,-0.39%,-0.15%,-0.15%,-0.44%,-0.49%,+1.07%,+0.02%
3131.TWO,+2.47%,+4.82%,+0.77%,-4.56%,+0.00%,+0.00%,-2.79%,+3.69%,-1.58%,+2.41%
2230.TWO,-2.86%,+1.26%,-2.49%,-3.40%,+0.88%,+0.88%,-1.31%,+3.10%,+0.43%,+5.56%
1796.TWO,+0.00%,-0.33%,+1.12%,+9.96%,+5.63%,+5.63%,-2.86%,+1.96%,+0.00%,+0.77%
3675.TWO,+2.99%,-1.69%,+1.23%,-2.43%,-0.50%,-0.50%,-1.00%,+1.26%,-0.50%,-0.75%
8431.TWO,+2.00%,+2.29%,-1.12%,+0.81%,-0.48%,-0.48%,+0.00%,-1.13%,+1.47%,+1.77%
3122.TWO,+0.00%,+1.50%,-0.16%,-1.15%,-0.66%,-0.66%,-0.33%,+4.52%,-0.32%,-1.61%
8937.TWO,+3.22%,-1.98%,-2.02%,-2.06%,-0.30%,-0.30%,+0.60%,-2.40%,+9.85%,+5.88%
6486.TWO,-0.24%,+0.12%,+0.49%,-0.36%,+0.00%,+0.00%,-0.24%,+0.12%,+0.12%,+0.12%
7724.TWO,-1.61%,-0.16%,-1.96%,-1.50%,+1.53%,+1.53%,-9.85%,-0.74%,-6.72%,+0.80%
6639.TWO,+0.00%,+0.00%,-0.46%,+0.00%,-5.53%,-5.53%,-0.49%,+3.92%,-1.42%,-0.96%
6850.TWO,+0.87%,+2.47%,-2.89%,+0.37%,+0.12%,+0.12%,+1.23%,+2.20%,+0.00%,+0.24%
5328.TWO,+9.87%,+0.90%,-1.19%,-0.90%,-1.21%,-1.21%,-1.53%,+3.43%,-2.11%,+0.31%
6163.TWO,+0.23%,+0.23%,+3.26%,-1.13%,+3.88%,+3.88%,+0.66%,+2.18%,-0.64%,-0.65%
7547.TWO,+10.22%,-0.23%,-0.12%,-1.98%,-6.29%,-6.29%,+0.38%,-0.13%,-0.88%,-1.27%
6244.TWO,+2.49%,+1.95%,-0.24%,-1.44%,-0.97%,-0.97%,+0.25%,+2.44%,+2.63%,+0.00%
8088.TWO,+1.27%,+0.00%,+0.25%,+1.75%,+1.96%,+1.96%,+9.86%,+2.41%,-1.71%,-1.30%
2072.TWO,-0.18%,-0.73%,-0.18%,-1.83%,-2.80%,-2.80%,-2.88%,-2.37%,+2.63%,+3.55%
5386.TWO,+1.98%,+1.42%,+0.13%,-1.53%,+0.39%,+0.39%,-0.64%,-0.13%,-0.65%,+0.91%
6984.TWO,-2.18%,+0.32%,+1.74%,+2.80%,-1.97%,-1.97%,+3.25%,-2.69%,-1.69%,-2.35%
8426.TWO,+1.51%,+0.00%,-0.23%,+0.80%,-3.08%,-3.08%,-0.59%,+0.12%,+0.24%,+0.12%
3438.TWO,-0.16%,-0.79%,+0.00%,-1.12%,+0.16%,+0.16%,+0.97%,+1.12%,+0.63%,-0.16%
4743.TWO,,,,,,,,,,
6840.TWO,-1.68%,+1.71%,+1.58%,-0.39%,+0.78%,+0.78%,+0.97%,+0.58%,-1.15%,-0.58%
4946.TWO,+4.80%,+10.00%,+9.97%,+9.96%,+9.96%,+9.96%,+9.88%,+7.95%,-10.00%,+2.01%
00719B.TWO,-0.19%,-0.19%,-0.19%,+0.03%,+0.03%,+0.03%,+0.03%,-0.16%,+0.00%,-0.16%
5274.TWO,+3.64%,+1.90%,+7.89%,-1.33%,-0.27%,-0.27%,+0.54%,+2.96%,-1.57%,+2.92%
2752.TWO,-1.69%,+0.00%,+0.86%,+4.04%,-1.64%,-1.64%,+0.21%,-0.41%,+0.21%,+0.21%
4909.TWO,+2.88%,+2.50%,+0.98%,-2.42%,-10.00%,-10.00%,-5.72%,+5.83%,+0.00%,+0.66%
6016.TWO,-0.35%,+0.70%,+0.00%,+2.44%,-0.34%,-0.34%,+0.00%,+0.34%,+0.68%,+0.68%
8069.TWO,+1.06%,-0.87%,+2.11%,-7.07%,-0.56%,-0.56%,-0.56%,+0.00%,+0.19%,-0.19%
5347.TWO,+0.34%,+0.23%,-0.23%,-0.79%,-2.06%,-2.06%,-0.58%,+2.11%,+0.23%,+0.46%
6680.TWO,+0.34%,+0.23%,+0.11%,+2.03%,-0.55%,-0.55%,+1.56%,-1.86%,-1.00%,+0.23%
5248.TWO,+3.27%,-2.22%,+0.00%,+1.13%,-0.32%,-0.32%,+1.61%,+1.42%,+1.71%,-0.92%
6858.TWO,-4.18%,+0.65%,+0.00%,-0.43%,+2.61%,+2.61%,-1.91%,-1.94%,-1.54%,-1.57%
6143.TWO,+2.04%,-1.20%,+6.07%,-2.67%,-5.49%,-5.49%,-2.07%,+2.54%,+0.41%,+0.82%
3441.TWO,+7.54%,-0.26%,-0.52%,+0.52%,+0.39%,+0.39%,+0.91%,-1.54%,-1.04%,+1.19%
8080.TWO,-2.31%,-0.47%,-0.16%,+1.11%,+1.57%,+1.57%,+0.00%,+0.00%,+2.32%,+2.57%
5490.TWO,+4.30%,+0.00%,-1.18%,-1.39%,-0.20%,-0.20%,-1.01%,+0.41%,-0.20%,+0.00%
6542.TWO,-2.24%,+0.00%,+0.53%,-0.53%,+7.94%,+7.94%,-3.59%,+0.34%,+1.86%,+1.99%
6263.TWO,+0.66%,+0.00%,+0.00%,-0.65%,+0.00%,+0.00%,-0.33%,+1.32%,-0.33%,+2.94%
4768.TWO,+0.00%,+0.88%,-0.58%,-4.09%,-0.30%,-0.30%,-5.20%,+2.90%,-2.82%,+1.94%
6236.TWO,-1.21%,+3.85%,+0.00%,+0.00%,+0.00%,+0.00%,-2.36%,-5.52%,+0.00%,-5.29%
2641.TWO,+3.12%,+0.27%,-0.55%,+0.83%,+3.55%,+3.55%,-0.53%,+5.84%,-0.50%,+1.76%
8432.TWO,-0.16%,-0.66%,-0.66%,-1.00%,+0.67%,+0.67%,-0.17%,+1.34%,-0.17%,-0.83%
6218.TWO,+3.87%,+0.37%,+7.98%,-4.64%,+0.72%,+0.72%,-3.22%,+0.55%,+0.74%,+0.73%
7726.TWO,+2.38%,+0.00%,+0.12%,+0.00%,-0.12%,-0.12%,+0.00%,-0.35%,+0.00%,+0.23%
6827.TWO,+0.36%,-2.14%,-0.36%,+2.19%,-2.86%,-2.86%,+0.74%,+2.19%,-0.36%,-0.72%
4127.TWO,+1.01%,-1.50%,+0.25%,-1.14%,+0.00%,+0.00%,+0.89%,-1.27%,+0.00%,-1.15%
6990.TWO,-0.87%,+0.00%,+0.00%,+0.00%,+2.27%,-1.37%,+3.81%,+0.00%,-3.33%,+3.62%
6217.TWO,+1.83%,-0.14%,+0.97%,-1.51%,-0.97%,-0.97%,-1.13%,+3.84%,-0.68%,+0.83%
6569.TWO,+0.61%,+9.76%,-2.50%,-0.57%,-2.87%,-2.87%,-0.29%,+0.59%,+1.18%,+2.62%
3466.TWO,-0.73%,+1.48%,+0.55%,+0.90%,-3.23%,-3.23%,+2.59%,-1.26%,-2.19%,+0.93%
6673.TWO,+0.00%,-3.11%,+2.84%,-0.48%,-4.94%,-4.94%,-1.14%,+4.10%,-0.25%,-2.59%
8921.TWO,-0.19%,+3.54%,-0.18%,-5.05%,+0.57%,+0.57%,+0.00%,-1.51%,+0.00%,-3.45%
3163.TWO,+3.83%,+3.36%,+5.52%,-2.15%,+1.89%,+1.89%,-3.09%,+7.01%,+2.38%,-2.03%
4546.TWO,+1.19%,+0.75%,+0.00%,-0.11%,-1.49%,-1.49%,+0.00%,-0.76%,+0.98%,+1.61%
4186.TWO,-1.24%,+1.26%,+4.04%,-4.48%,+0.63%,+0.63%,+2.17%,-0.61%,-1.83%,-0.93%
6898.TWO,+2.95%,-2.05%,+0.00%,-0.84%,-2.95%,-2.95%,+0.87%,-0.86%,+0.43%,+1.73%
6946.TWO,+4.48%,-1.14%,-0.43%,-1.02%,-0.73%,-0.73%,-1.03%,+0.00%,-1.19%,-0.15%
8109.TWO,+0.32%,+0.22%,-0.32%,+3.77%,-0.52%,-0.52%,+0.00%,-0.83%,-0.42%,+0.11%
8077.TWO,+0.00%,+0.00%,+0.00%,+0.00%,+3.77%,+3.77%,+0.11%,-2.78%,+0.00%,+0.00%
6512.TWO,+0.43%,+0.43%,-2.13%,+0.22%,-0.22%,-0.22%,+0.43%,+1.52%,+0.00%,-1.07%
6684.TWO,+0.00%,+0.48%,-0.48%,-2.40%,+0.82%,+0.82%,-1.46%,+0.66%,+0.98%,+0.81%
3546.TWO,+0.67%,+1.86%,+0.13%,+0.13%,+0.39%,+0.39%,-0.39%,-0.13%,+1.44%,+0.13%
3552.TWO,+1.30%,+0.23%,+1.97%,-0.11%,+0.57%,+0.57%,-1.25%,+1.72%,+0.68%,+1.68%
6241.TWO,+0.67%,+0.00%,+0.67%,-0.66%,+0.00%,+0.00%,+6.33%,+0.63%,-0.93%,-0.94%
7558.TWO,-0.38%,+1.15%,-1.52%,+0.39%,+3.85%,+3.85%,+4.07%,+2.14%,-2.09%,-5.69%
2255.TWO,+0.54%,+4.50%,-6.72%,-0.55%,-1.49%,-1.49%,+3.58%,-0.55%,-0.55%,+0.92%
6035.TWO,-0.15%,+0.73%,+0.58%,+1.87%,-0.57%,-0.57%,-1.28%,-0.43%,-1.74%,+0.00%
7779.TWO,+0.58%,-1.15%,-0.35%,-0.35%,+1.53%,+1.53%,-0.69%,-1.05%,+2.59%,-3.44%
3293.TWO,+1.43%,-1.41%,+0.55%,-1.10%,+0.89%,+0.89%,-0.88%,+0.67%,-0.44%,+3.21%
3117.TWO,-1.44%,+0.42%,-1.04%,+0.00%,+6.32%,+6.32%,-4.95%,+2.71%,+0.00%,+0.00%
6483.TWO,-0.83%,-2.92%,-1.72%,-3.06%,-2.70%,-2.70%,-2.78%,-0.48%,-0.96%,+0.48%
9960.TWO,+0.00%,+0.59%,+0.19%,+0.78%,-0.39%,-0.39%,+0.58%,+1.16%,+0.00%,+0.00%
8279.TWO,-1.97%,+1.20%,+1.59%,-2.73%,-1.20%,-1.20%,+2.44%,-1.59%,+1.61%,-0.40%
3485.TWO,+0.00%,-1.11%,+0.28%,-1.40%,-0.43%,-0.43%,-0.29%,+0.29%,-0.14%,-0.29%
1595.TWO,+2.09%,+2.05%,+1.00%,-4.09%,-0.35%,-0.35%,+1.39%,+0.34%,+10.00%,+2.27%
6643.TWO,+1.84%,+2.41%,+2.94%,-0.57%,+0.43%,+0.43%,-0.57%,+9.64%,+2.76%,-1.66%
6150.TWO,+0.42%,-0.28%,-0.14%,+0.84%,+0.00%,+0.00%,-0.42%,+1.53%,+0.00%,+3.16%
4903.TWO,+0.59%,+1.89%,+10.00%,+1.56%,+3.32%,+3.32%,-0.50%,-1.62%,-0.76%,-1.78%
8444.TWO,-0.19%,+1.51%,+0.00%,-1.12%,+0.94%,+0.94%,+0.75%,+0.19%,+0.00%,+9.98%
8423.TWO,,,,,,,,,,
7427.TWO,+24.89%,-5.66%,+0.00%,+2.50%,-5.73%,-5.73%,-3.75%,+6.59%,+0.00%,-0.13%
6620.TWO,-0.13%,+0.13%,+2.67%,+4.68%,-3.72%,-3.72%,+0.77%,-1.53%,+0.65%,+2.19%
6517.TWO,+1.73%,+1.08%,+0.46%,+0.00%,+0.91%,+0.91%,+1.36%,-0.75%,+0.60%,+0.75%
2643.TWO,+0.54%,-0.13%,-0.27%,+1.08%,+0.13%,+0.13%,+0.27%,-0.13%,+0.00%,+0.40%
6682.TWO,+0.00%,-1.77%,+3.81%,+0.00%,-0.48%,-0.48%,+1.94%,-0.48%,+0.00%,+0.00%
3213.TWO,+3.79%,-0.11%,+9.94%,+3.95%,-0.40%,-0.40%,+0.40%,-0.50%,-1.31%,+0.71%
3489.TWO,+0.00%,+0.20%,-0.78%,+0.79%,-0.20%,-0.20%,+0.00%,+1.77%,+1.74%,+2.47%
6126.TWO,+0.92%,+1.65%,+1.62%,-1.60%,+0.00%,+0.00%,-0.72%,+0.73%,+1.08%,+2.14%
8289.TWO,+0.00%,+2.76%,+0.00%,-0.41%,+0.83%,+0.83%,+0.41%,+0.00%,-0.41%,+0.21%
5439.TWO,+8.76%,-1.69%,+1.29%,+0.43%,+3.81%,+3.81%,-1.22%,-1.65%,+5.04%,+5.60%
6703.TWO,+1.01%,+0.00%,+1.67%,-0.33%,-1.97%,-1.97%,-0.67%,+1.01%,+2.34%,-1.63%
6423.TWO,+2.67%,+2.10%,-2.75%,+4.84%,-0.96%,-0.96%,-2.43%,+0.50%,-1.58%,+0.60%
6816.TWO,+0.00%,-0.43%,+0.00%,+0.00%,+0.00%,+0.00%,-1.31%,+0.00%,-1.22%,+0.00%
4198.TWO,+2.73%,+0.00%,-0.16%,-2.03%,-0.48%,-0.48%,-1.61%,+0.00%,+3.10%,+0.00%
4157.TWO,+4.59%,+3.51%,-0.85%,-0.85%,+0.86%,+0.86%,+0.00%,+0.43%,+3.40%,-2.47%
6546.TWO,+1.03%,+1.71%,+0.00%,+2.35%,+3.61%,+3.61%,-0.32%,-2.86%,-4.58%,+2.05%
5398.TWO,+1.44%,+2.56%,+1.66%,-1.91%,-6.11%,-6.11%,+0.30%,+1.77%,-0.87%,+0.58%
4714.TWO,+2.24%,+1.88%,-0.31%,+0.62%,+0.92%,+0.92%,-0.61%,+2.14%,-0.30%,+1.80%
5432.TWO,+1.98%,+0.39%,+3.88%,+2.99%,-2.17%,-2.17%,+4.07%,+0.36%,+5.32%,-0.67%
6474.TWO,-0.33%,+0.00%,+3.83%,-3.21%,-0.83%,-0.83%,+0.33%,+0.67%,+0.00%,+0.66%
2734.TWO,+2.46%,+0.00%,+0.74%,-1.10%,-3.52%,-3.52%,-0.19%,+0.19%,-0.19%,+0.58%
4527.TWO,+0.00%,+1.38%,+5.01%,-4.67%,+0.52%,+0.52%,-0.73%,+0.94%,-0.21%,+1.66%
4541.TWO,+3.47%,-0.28%,-0.98%,-3.11%,-1.17%,-1.17%,+1.62%,-1.02%,+2.50%,+1.15%
8450.TWO,-0.43%,-0.22%,+0.43%,-0.22%,+2.38%,+2.38%,-0.63%,+0.00%,-0.64%,+0.00%
6265.TWO,+1.77%,+0.21%,+9.52%,-1.87%,-1.90%,-1.90%,+0.00%,+1.94%,-0.48%,-0.48%
3206.TWO,+1.14%,+0.90%,+0.45%,+0.11%,-1.23%,-1.23%,+0.00%,+0.00%,-0.11%,+0.56%
5340.TWO,+5.29%,+4.89%,+9.96%,+0.92%,-4.55%,-4.55%,-0.12%,+0.36%,-1.31%,+1.20%
7801.TWO,+4.12%,+3.24%,-2.09%,-1.07%,+2.16%,+2.16%,-1.41%,-0.71%,-0.72%,+4.71%
6879.TWO,+0.00%,+0.00%,+0.00%,+0.00%,-1.15%,-1.15%,+0.00%,+0.00%,+0.00%,+0.00%
2741.TWO,+0.37%,+0.00%,-0.36%,-0.49%,+2.94%,+2.94%,-1.90%,+4.13%,+1.40%,+1.03%
5302.TWO,-0.61%,+1.33%,-2.03%,-1.76%,+1.37%,+1.37%,+0.73%,+1.03%,+2.55%,+0.00%
8390.TWO,+3.03%,+0.14%,-2.10%,-1.43%,-0.15%,-0.15%,-2.76%,+1.05%,+0.15%,-1.92%
6535.TWO,+6.24%,+7.76%,+0.58%,-2.13%,+0.00%,+0.00%,-1.98%,-0.60%,-0.20%,-2.64%
5240.TWO,+0.00%,-3.43%,+0.00%,+0.00%,+0.21%,+0.21%,-2.29%,+0.21%,+2.13%,+0.00%
3672.TWO,+1.04%,+0.00%,+1.79%,-0.25%,+1.77%,+1.77%,-1.49%,+5.79%,-0.24%,+0.24%
5297.TWO,-2.60%,-0.33%,+0.67%,+0.66%,-2.64%,-2.64%,+0.17%,-2.20%,-3.81%,+4.14%
6720.TWO,+2.30%,-0.84%,+0.57%,-0.85%,+0.28%,+0.28%,-0.28%,+0.28%,-1.42%,+1.72%
8383.TWO,+0.23%,+0.56%,-0.67%,+0.79%,-1.01%,-1.01%,+0.68%,+1.13%,+0.11%,+0.11%
6895.TWO,+2.45%,+0.60%,+0.89%,-0.29%,-0.89%,-0.89%,-1.19%,+0.60%,-0.90%,+0.61%
4195.TWO,-0.26%,-1.85%,+2.15%,-0.26%,-0.79%,-0.79%,+0.80%,+0.00%,+2.11%,+0.26%
6651.TWO,+1.40%,+1.59%,-0.42%,-0.11%,+0.42%,+0.42%,-1.05%,-0.11%,-0.85%,-0.53%
6538.TWO,+0.52%,+2.50%,+4.27%,-0.49%,+4.90%,+4.90%,+4.21%,+4.48%,-0.43%,-0.86%
6228.TWO,+0.90%,+0.22%,-0.44%,+9.82%,+9.96%,+9.96%,+7.21%,-3.62%,-0.54%,+3.06%
7419.TWO,+0.49%,+10.24%,-2.21%,-1.36%,-2.75%,-2.75%,+11.32%,-5.08%,-2.23%,-5.94%
6275.TWO,+1.31%,+0.32%,-0.32%,-0.97%,-0.54%,-0.54%,-1.31%,+0.44%,-0.88%,+1.23%
6469.TWO,+3.27%,+0.63%,-1.57%,-1.92%,+0.33%,+0.33%,+0.32%,+3.24%,+1.88%,-1.54%
7762.TWO,+24.90%,-0.97%,-4.75%,+0.69%,+5.97%,+5.97%,-0.97%,-0.65%,-0.49%,+6.09%
3659.TWO,+0.00%,+4.40%,+0.30%,-0.60%,+1.21%,+1.21%,+4.32%,-2.00%,+0.00%,-0.44%
1799.TWO,,,,,,,,,,
5272.TWO,+1.61%,-1.23%,-0.89%,+0.00%,+1.44%,+1.44%,-0.89%,+0.72%,-0.18%,+0.18%
3631.TWO,+0.53%,+9.97%,+0.12%,+0.24%,-5.54%,-5.54%,+0.26%,+0.89%,+1.89%,+0.99%
6872.TWO,-1.68%,+1.02%,+0.68%,+10.91%,+19.97%,+19.97%,-2.40%,-2.45%,-2.12%,-0.27%
00948B.TWO,+0.20%,+0.90%,-0.40%,-0.30%,-0.30%,-0.30%,-0.40%,-0.40%,+1.01%,+0.00%
6613.TWO,+3.49%,+0.21%,+4.62%,-3.41%,+3.33%,+3.33%,-2.41%,-3.30%,-1.92%,+1.96%
5443.TWO,+2.88%,-1.35%,-0.63%,-2.86%,-2.84%,-2.84%,+1.01%,+2.00%,-0.98%,+0.44%
00888.TWO,+1.25%,+0.37%,+0.68%,-0.67%,+0.18%,+0.18%,-0.12%,+0.68%,-0.55%,+1.53%
3611.TWO,+0.00%,+0.24%,+0.00%,+0.24%,+2.13%,+2.13%,-0.46%,+0.00%,+0.47%,+0.00%
6219.TWO,+0.50%,+1.48%,-1.58%,+3.45%,-0.12%,-0.12%,+0.12%,+1.55%,+2.23%,+0.46%
6997.TWO,+0.40%,+2.39%,+1.56%,-0.38%,+1.92%,+1.92%,+3.77%,-1.82%,-1.48%,-0.75%
3713.TWO,-0.89%,+1.58%,+1.33%,-1.09%,-0.66%,-0.66%,-0.45%,-0.22%,+0.22%,+0.22%
6564.TWO,+0.38%,-1.15%,-0.97%,+1.76%,-1.15%,-1.15%,-1.36%,+1.38%,+0.97%,+0.00%
5523.TWO,+0.00%,+0.17%,+0.00%,+0.00%,+0.00%,+0.00%,+0.00%,-0.17%,+0.33%,+0.33%
8054.TWO,+5.08%,-2.42%,+1.65%,-2.03%,-1.24%,-1.24%,+4.62%,+0.40%,-1.20%,-0.80%
3680.TWO,+1.59%,+1.90%,-1.10%,-1.44%,-0.45%,-0.45%,-0.91%,+0.91%,+0.34%,-0.45%
00761B.TWO,+0.11%,+0.84%,-0.32%,-0.38%,-0.24%,-0.24%,-0.44%,-0.66%,+1.07%,+0.11%
4171.TWO,+2.21%,+0.36%,+0.36%,-3.04%,+0.55%,+0.55%,+0.00%,+0.18%,-0.18%,+5.49%
4154.TWO,+9.91%,+9.81%,-5.31%,+3.32%,+4.20%,+4.20%,+7.11%,+1.99%,+2.82%,-6.33%
7738.TWO,+7.74%,-0.86%,+0.29%,-0.29%,+0.58%,+0.58%,+0.29%,+0.00%,-0.57%,-0.58%
8093.TWO,+0.44%,-0.44%,-0.22%,+0.22%,-0.66%,-0.66%,-0.22%,+0.22%,-0.89%,+1.12%
6705.TWO,+0.18%,+0.00%,+4.34%,-4.16%,+8.32%,+8.32%,-4.84%,+2.46%,-1.20%,+0.17%
5348.TWO,-1.02%,+0.00%,+0.41%,+0.00%,-1.44%,-1.44%,-2.51%,-0.21%,-4.51%,+5.39%
5371.TWO,+3.55%,+0.37%,+1.46%,-1.80%,-2.45%,-2.45%,-1.25%,-0.25%,+1.91%,-0.62%
3541.TWO,+0.00%,+1.07%,-0.70%,-0.71%,+0.00%,+0.00%,+0.00%,+0.89%,+0.18%,+0.35%
4711.TWO,+1.73%,+0.34%,+1.02%,-0.34%,+0.34%,+0.34%,-1.01%,+2.37%,+0.33%,-0.33%
7770.TWO,-0.22%,+0.00%,-1.86%,+1.22%,+0.00%,+0.00%,+0.00%,+0.00%,-2.86%,-2.60%
5604.TWO,+5.83%,+1.01%,-0.67%,+0.11%,-0.56%,-0.56%,+0.34%,+0.22%,+0.11%,+0.45%
6580.TWO,+1.90%,+0.00%,-0.34%,-2.55%,+0.87%,+0.87%,+0.87%,+0.00%,-0.34%,-0.69%
6488.TWO,+0.77%,+0.77%,-1.07%,-0.62%,-1.86%,-1.86%,-0.32%,+5.85%,+0.15%,+3.28%
1591.TWO,,,,,,,,,,
4147.TWO,+1.20%,+4.15%,+2.62%,-0.22%,+2.00%,+2.00%,+1.42%,+1.08%,+5.21%,-1.82%
3191.TWO,+0.00%,+0.86%,+0.00%,-1.98%,-0.87%,-0.87%,-0.29%,+0.58%,-3.49%,-0.60%
6547.TWO,-1.96%,+2.60%,+0.00%,-5.17%,-3.39%,-3.39%,-0.11%,+0.32%,-0.85%,+1.18%
6434.TWO,+1.64%,-1.94%,+0.00%,+0.33%,+0.00%,+0.00%,-0.66%,-0.66%,-0.66%,+1.67%
4166.TWO,+0.42%,+2.90%,+0.80%,+1.46%,-0.79%,-0.79%,+0.13%,+0.53%,-0.13%,+0.79%
6101.TWO,+0.78%,+2.57%,+0.50%,-4.48%,-0.13%,-0.13%,-1.83%,+0.00%,+0.53%,-0.13%
2596.TWO,+0.75%,+0.62%,+0.00%,+1.36%,-0.24%,-0.24%,-0.12%,+0.37%,+1.34%,+1.68%
8917.TWO,-1.40%,+1.26%,-0.62%,+0.00%,+0.16%,+0.16%,+0.00%,+0.31%,-0.31%,+0.00%
6527.TWO,-0.59%,+0.00%,-0.48%,+0.00%,+0.48%,+0.48%,+0.72%,+0.48%,+0.83%,+0.12%
3684.TWO,+0.00%,+0.88%,+0.88%,+0.00%,-0.87%,-0.87%,-0.99%,+0.00%,+1.88%,+1.41%
6849.TWO,-0.84%,+0.14%,+0.14%,-2.25%,+0.00%,+0.00%,+0.29%,+0.29%,-0.29%,+2.01%
6222.TWO,+0.17%,+0.00%,+0.00%,-0.35%,+2.26%,+2.26%,-3.40%,-0.35%,-0.71%,+0.53%
3227.TWO,+4.42%,-3.08%,+5.16%,-2.45%,+0.77%,+0.77%,-2.88%,+0.40%,+5.71%,+6.15%
6621.TWO,+0.36%,+0.72%,+0.00%,+0.71%,-0.71%,-0.71%,+6.05%,-0.34%,-1.35%,+0.68%
7781.TWO,-0.55%,-0.56%,+0.56%,+0.14%,-0.28%,-0.28%,+2.64%,-2.44%,+0.00%,+0.97%
4168.TWO,+0.62%,+1.23%,+0.61%,-1.21%,-0.20%,-0.20%,+0.20%,+0.20%,-0.41%,-0.41%
4420.TWO,+1.49%,+1.47%,+2.53%,-0.71%,+0.18%,+0.18%,+0.35%,+0.35%,-0.35%,-0.35%
7718.TWO,+0.00%,+0.00%,-1.55%,+1.23%,-1.04%,-1.04%,+1.57%,+0.34%,+1.20%,-1.69%
8227.TWO,+9.91%,+0.56%,+0.28%,-2.79%,-0.29%,-0.29%,-1.15%,+3.79%,-2.81%,+0.87%
00864B.TWO,-0.42%,-0.10%,-0.15%,+0.21%,-0.06%,-0.06%,+0.04%,-0.17%,+0.00%,-0.21%
5291.TWO,+5.67%,-1.19%,+0.80%,-0.40%,-0.80%,-0.80%,+0.40%,+0.60%,-0.40%,+0.20%
3467.TWO,+0.71%,+3.10%,-0.39%,+0.78%,+0.58%,+0.58%,-2.12%,-0.20%,+0.39%,+4.90%
6109.TWO,+1.24%,+0.00%,-0.41%,+3.28%,-0.79%,-0.79%,-0.40%,+1.61%,+1.19%,-1.56%
6976.TWO,+1.11%,+5.75%,+1.04%,+0.26%,+0.77%,+0.77%,+2.79%,+11.60%,+3.98%,+3.62%
6725.TWO,+1.42%,+0.56%,-1.67%,+0.00%,-2.26%,-2.26%,-4.62%,+1.21%,+3.29%,+0.00%
8455.TWO,+1.76%,+0.69%,-2.23%,+0.00%,-2.63%,-2.63%,+0.00%,+1.08%,+4.99%,-3.40%
4130.TWO,-0.43%,+1.30%,+1.28%,-0.84%,+0.00%,+0.00%,+0.85%,-0.42%,+1.90%,+0.62%
3205.TWO,+0.63%,+1.09%,+0.00%,+0.00%,+0.00%,+0.00%,-0.31%,+0.31%,+0.00%,+0.46%
6894.TWO,+0.27%,+0.00%,+1.36%,+0.27%,-1.33%,-1.33%,+0.00%,+0.00%,+0.54%,+2.15%
00937B.TWO,+0.25%,+0.82%,-0.13%,-0.38%,-0.32%,-0.32%,-0.38%,-0.44%,+0.89%,+0.19%
6125.TWO,+1.60%,-0.61%,+0.12%,-0.61%,+1.35%,+1.35%,+3.51%,+0.47%,+0.23%,+1.16%
6195.TWO,,,,,,,,,,
6220.TWO,+1.42%,+0.00%,+0.40%,+0.80%,+1.38%,+1.38%,-0.97%,+0.39%,-0.59%,+0.79%
4582.TWO,+2.91%,+3.53%,+3.86%,-1.09%,-3.32%,-3.32%,+2.29%,-0.45%,-1.12%,+0.00%
3095.TWO,+0.12%,+0.99%,+0.37%,+6.83%,-3.65%,-3.65%,+1.07%,+0.82%,+10.00%,+4.86%
4911.TWO,+1.87%,+4.21%,+1.76%,-0.17%,-0.52%,-0.52%,+1.04%,-0.17%,-0.52%,+0.52%
6198.TWO,-0.95%,+0.84%,-0.36%,-0.24%,+0.48%,+0.48%,-2.50%,+0.24%,-0.61%,-0.37%
6884.TWO,+0.00%,+3.36%,+0.00%,+0.00%,+0.00%,+0.00%,+0.00%,+0.00%,+0.00%,+0.00%
6922.TWO,+7.02%,+0.47%,+9.79%,-0.42%,-3.62%,-3.62%,-1.33%,-4.48%,-1.41%,+10.00%
4194.TWO,+0.88%,-0.43%,+0.44%,-2.61%,-0.89%,-0.89%,-4.95%,+2.84%,-4.61%,-1.45%
8255.TWO,+1.64%,+3.87%,+0.31%,+0.62%,-0.62%,-0.62%,-1.24%,+1.57%,+0.93%,-0.31%
6612.TWO,+2.43%,+3.56%,+0.76%,-2.27%,+0.78%,+0.78%,+0.77%,-2.29%,+1.17%,-0.39%
6560.TWO,+0.66%,+1.63%,+1.92%,-1.42%,+0.48%,+0.48%,-0.63%,+1.44%,+0.16%,-2.20%
8299.TWO,+0.11%,+3.26%,-0.51%,+0.61%,+2.54%,+2.54%,+0.00%,+4.56%,+1.33%,+1.31%
6144.TWO,+0.00%,+0.50%,+2.34%,-1.96%,+9.98%,+9.98%,+9.98%,-3.03%,-1.56%,+0.00%
3555.TWO,+1.85%,-1.82%,+1.70%,+0.00%,+0.00%,+0.00%,-3.79%,-0.32%,-5.06%,-0.33%
3551.TWO,+3.27%,+0.40%,-0.79%,-2.38%,-2.85%,-2.85%,+2.09%,+2.46%,-0.40%,+0.80%
3570.TWO,+0.00%,+0.29%,+1.17%,+1.15%,-2.28%,-2.28%,+2.33%,+0.57%,+0.57%,+8.17%
2949.TWO,+0.00%,-0.12%,-0.36%,-0.12%,-1.22%,-1.22%,+0.00%,-2.47%,+4.06%,-3.29%
3207.TWO,+4.38%,+1.46%,+6.25%,+1.81%,-1.33%,-1.33%,+3.60%,+4.35%,-3.33%,+0.86%
6470.TWO,+1.12%,+1.31%,+1.59%,+3.32%,+0.19%,+0.19%,+0.00%,+0.75%,+0.00%,+0.00%
3067.TWO,+0.36%,+0.35%,-2.47%,-1.63%,+6.25%,+6.25%,+0.00%,+4.84%,-1.32%,-4.18%
4939.TWO,+1.01%,+2.25%,+0.00%,+0.49%,-1.22%,-1.22%,-0.49%,+0.99%,-0.25%,-1.23%
8401.TWO,-1.08%,-0.78%,-2.36%,+1.13%,+3.03%,+3.03%,+0.15%,-0.62%,-0.62%,-1.56%
3567.TWO,+1.77%,+0.79%,+1.10%,+0.77%,-0.15%,-0.15%,-0.62%,+0.77%,-0.92%,+0.93%
3678.TWO,+5.69%,+2.12%,-0.19%,-3.02%,+4.28%,+4.28%,-4.29%,+5.46%,-4.25%,-2.90%
4577.TWO,+1.67%,-0.73%,+2.21%,-1.80%,-3.66%,-3.66%,-0.95%,+2.50%,-0.19%,+0.19%
2640.TWO,-0.37%,+0.00%,-4.10%,+1.17%,-1.54%,-1.54%,+2.73%,-1.14%,+0.38%,+0.77%
6616.TWO,+0.47%,+0.47%,+0.00%,+0.46%,+0.92%,+0.92%,+0.46%,+1.36%,+0.45%,+0.00%
3217.TWO,+1.39%,+0.34%,+1.71%,+2.36%,+0.66%,+0.66%,+0.33%,+0.65%,+0.32%,+0.97%
4172.TWO,-2.80%,+6.73%,-2.70%,-1.23%,-1.88%,-1.88%,+0.32%,+0.63%,-1.26%,+3.51%
3492.TWO,+2.97%,+2.67%,+1.00%,+9.92%,+4.69%,+4.69%,-1.03%,+4.53%,+0.00%,-3.50%
6555.TWO,+2.69%,+2.33%,-2.28%,-1.46%,+0.30%,+0.30%,-0.88%,+0.60%,+0.59%,+1.47%
1594.TWO,+0.00%,+0.00%,+5.26%,+0.00%,-5.32%,-5.32%,+0.00%,+0.34%,+0.00%,+0.00%
6134.TWO,+2.45%,+0.34%,+2.21%,-1.33%,-0.68%,-0.68%,+1.19%,+0.67%,+0.50%,+0.17%
4534.TWO,+2.16%,-2.58%,+3.61%,-1.16%,-0.24%,-0.24%,+2.83%,-2.75%,+0.00%,+4.01%
6833.TWO,+1.35%,+0.17%,+0.00%,-3.49%,+0.00%,+0.00%,+0.34%,-3.26%,+0.00%,+4.09%
5236.TWO,+2.03%,+1.66%,+2.93%,-0.32%,-1.27%,-1.27%,+0.96%,+0.64%,-0.63%,+0.96%
4113.TWO,-0.39%,+2.92%,-1.32%,+2.87%,-1.49%,-1.49%,-1.13%,+4.40%,-0.18%,+4.59%
4131.TWO,-1.72%,+1.12%,+0.32%,+5.35%,-2.69%,-2.69%,-0.31%,-1.54%,+5.31%,-3.56%
6462.TWO,+1.25%,-1.85%,+0.00%,-3.13%,-2.91%,-2.91%,-1.33%,+2.36%,-0.33%,+1.99%
3687.TWO,+1.33%,+1.65%,+1.62%,-0.85%,+0.21%,+0.21%,+0.21%,-1.07%,-0.54%,+0.00%
6899.TWO,+1.96%,+0.77%,+1.14%,+0.75%,-0.93%,-0.93%,+0.38%,-1.50%,-0.76%,+1.92%
3147.TWO,-0.87%,+3.50%,+1.13%,-4.74%,-0.88%,-0.88%,+3.54%,+1.42%,-2.53%,-0.86%
3520.TWO,+0.83%,+1.09%,+0.27%,-1.08%,+0.27%,+0.27%,+0.54%,+1.35%,-0.27%,-0.80%
4523.TWO,+0.30%,+0.00%,+0.15%,-0.60%,+0.15%,+0.15%,+1.81%,+1.92%,+1.60%,-1.14%
6911.TWO,-0.19%,+0.12%,-0.12%,+0.12%,-2.56%,-2.56%,+1.79%,-3.87%,-0.85%,+0.74%
6156.TWO,+5.70%,+0.74%,+1.66%,+0.73%,+4.50%,+4.50%,-1.72%,-0.70%,+1.41%,-0.52%
6506.TWO,+1.52%,+1.80%,+0.00%,-0.88%,+0.00%,+0.00%,-0.59%,+0.90%,-0.30%,-0.59%
4702.TWO,+0.82%,+1.22%,+0.81%,-0.40%,+0.40%,+0.40%,+0.40%,+0.00%,+1.59%,-1.96%
2740.TWO,-0.31%,+3.09%,+1.05%,+0.15%,-9.62%,-9.62%,+2.95%,+1.43%,+8.93%,+2.73%
2942.TWO,+0.00%,+0.27%,-1.51%,-1.25%,+1.41%,+1.41%,-1.39%,+1.41%,-0.14%,+0.14%
6967.TWO,+0.00%,+0.96%,+0.95%,+5.67%,-3.76%,-3.76%,-1.49%,+2.08%,+0.00%,+0.37%
2237.TWO,+0.99%,-2.15%,+2.40%,-2.34%,-0.80%,-0.80%,-0.81%,+1.22%,+0.40%,+2.00%
5487.TWO,-0.90%,+0.45%,+2.11%,-1.77%,+0.45%,+0.45%,-1.79%,-0.76%,-0.15%,+0.31%
4549.TWO,+1.51%,+3.26%,+0.86%,-9.12%,-2.19%,-2.19%,+0.32%,+1.92%,-0.94%,+2.85%
6622.TWO,+1.32%,+0.87%,-0.43%,+3.46%,-3.77%,-3.77%,+0.00%,+0.43%,+1.30%,-4.27%
6692.TWO,,,,,,,,,,
6798.TWO,+0.00%,-2.02%,+1.61%,+0.45%,+0.11%,+0.11%,+0.00%,+0.00%,+0.00%,+0.00%
8096.TWO,+8.65%,+4.24%,+7.14%,+0.56%,+9.94%,+9.94%,+8.04%,+0.16%,+9.91%,-0.42%
6510.TWO,+2.90%,+1.28%,-0.63%,+0.89%,+0.50%,+0.50%,+6.27%,+0.59%,-1.64%,-0.48%
6945.TWO,+0.99%,+3.33%,+1.71%,-2.05%,+0.95%,+0.95%,-0.94%,-0.57%,-0.77%,+4.63%
4163.TWO,+0.45%,+0.90%,+0.00%,-1.35%,-0.91%,-0.91%,+0.00%,+0.46%,-0.46%,+0.00%
7808.TWO,+6.43%,+15.05%,-1.38%,-4.89%,-1.10%,-1.10%,+3.34%,+10.41%,-2.44%,+1.67%
5450.TWO,+0.57%,+0.00%,+0.85%,-0.56%,-0.57%,-0.57%,-0.29%,+2.58%,+0.00%,-1.12%
4304.TWO,+0.00%,+6.12%,+5.44%,-0.71%,-6.93%,-6.93%,+1.86%,+0.00%,+0.00%,-1.08%
9950.TWO,+4.73%,-1.39%,-0.35%,-0.71%,+0.36%,+0.36%,+0.35%,-0.35%,+0.71%,-0.35%
6786.TWO,+15.63%,-7.63%,+11.92%,+0.73%,+3.25%,+3.25%,-8.85%,+2.04%,-2.50%,+2.05%
00746B.TWO,+0.14%,+0.84%,-0.32%,-0.32%,-0.22%,-0.22%,-0.38%,-0.65%,+0.93%,+0.05%
3230.TWO,+8.72%,-2.90%,-2.11%,-1.80%,+0.55%,+0.55%,-1.64%,-0.18%,+2.04%,-0.36%
6170.TWO,+1.47%,+4.77%,+3.17%,+0.38%,+0.57%,+0.57%,+0.57%,+0.95%,-1.12%,-1.52%
1343.TWO,-0.99%,-0.50%,-1.91%,-5.94%,+1.31%,+1.31%,-1.94%,+0.55%,+0.11%,-1.74%
6727.TWO,+4.70%,-1.12%,-0.38%,-0.76%,-4.08%,-4.08%,+1.73%,-1.31%,-0.66%,-1.07%
3363.TWO,+0.00%,+9.92%,+2.45%,+0.60%,+5.93%,+5.93%,-4.06%,-0.15%,-3.80%,+4.56%
6121.TWO,+3.64%,-1.62%,+0.41%,-1.09%,+0.14%,+0.14%,+0.00%,+0.97%,-0.96%,+0.14%
2760.TWO,+0.00%,-3.55%,+3.68%,+0.00%,-0.15%,-0.15%,+0.00%,+0.44%,-2.06%,+2.26%
7747.TWO,-0.37%,-0.37%,+0.00%,+1.12%,+0.37%,+0.37%,-0.74%,+0.00%,-0.74%,+0.00%
00886.TWO,+1.02%,+0.90%,-0.30%,-0.08%,+0.43%,+0.43%,-0.57%,+0.73%,+0.43%,+0.00%
6986.TWO,+0.00%,+1.13%,+0.00%,-1.11%,+0.00%,+0.00%,-0.56%,-1.27%,+1.87%,+0.42%
6549.TWO,+0.66%,-2.86%,+1.02%,+0.45%,-2.79%,-2.79%,-0.11%,+3.33%,+0.22%,-0.11%
6229.TWO,+2.11%,+2.24%,+0.67%,+0.84%,-0.66%,-0.66%,+0.00%,+1.00%,-0.50%,+1.00%
6938.TWO,+1.09%,-1.62%,+4.07%,+0.84%,-4.71%,-4.71%,-1.76%,+3.02%,-2.28%,-0.33%
6679.TWO,+6.30%,-0.78%,+1.89%,+0.15%,-1.08%,-1.08%,-1.56%,+2.53%,-0.31%,+0.00%
4950.TWO,-0.78%,-0.39%,+0.00%,+0.39%,+9.77%,+9.77%,+3.20%,+1.38%,+1.36%,-3.02%
6697.TWO,-0.99%,+0.80%,+8.95%,-2.19%,-1.87%,-1.87%,-3.04%,+3.53%,-2.27%,+0.00%
6523.TWO,-0.33%,-0.67%,-0.34%,+0.34%,+0.67%,+0.67%,-0.67%,+0.34%,-0.67%,+0.34%
3276.TWO,+1.30%,+0.32%,-0.32%,+0.00%,-1.28%,-1.28%,+0.32%,-0.32%,+0.32%,+0.00%
3162.TWO,+2.31%,+1.43%,+3.29%,-2.05%,+9.98%,+9.98%,-1.79%,+3.01%,-2.19%,+0.64%
6874.TWO,,,,,,,,,,
7703.TWO,+1.63%,+0.00%,+0.00%,+0.96%,+1.59%,+1.59%,-0.31%,+0.00%,-1.89%,+6.09%
3491.TWO,+0.35%,-2.31%,-5.08%,+0.50%,+1.98%,+1.98%,-0.61%,-0.24%,-3.92%,-0.13%
00857B.TWO,+0.16%,+1.44%,-0.16%,-0.44%,-0.28%,-0.28%,-0.72%,-1.12%,+1.22%,+0.08%
5864.TWO,+0.71%,+0.35%,+0.35%,+1.40%,-0.34%,-0.34%,+0.00%,+2.08%,+1.36%,+1.00%
6583.TWO,+0.00%,+0.59%,-1.17%,+0.00%,+0.00%,+0.00%,+4.14%,+0.00%,-1.14%,+0.00%
5016.TWO,+0.36%,+0.18%,+0.36%,+0.90%,+0.00%,+0.00%,+0.00%,+0.00%,+0.54%,+0.18%
6785.TWO,+9.73%,+7.09%,-2.98%,+7.51%,-0.63%,-0.63%,-4.79%,+0.00%,+2.01%,+2.63%
6603.TWO,+1.25%,+1.54%,+0.61%,-0.30%,+0.60%,+0.60%,-0.60%,+1.51%,+1.79%,+0.00%
3483.TWO,+1.88%,+0.00%,+9.96%,-1.01%,+0.00%,+0.00%,-1.02%,-1.37%,-2.78%,+0.00%
6417.TWO,+0.00%,+0.00%,+0.00%,+0.00%,+2.49%,+2.49%,-0.97%,+0.98%,-1.46%,+0.49%
6208.TWO,+0.51%,-0.10%,+0.30%,+3.14%,-1.38%,-1.38%,-0.40%,+0.40%,-0.20%,+0.80%
6274.TWO,+4.64%,+3.16%,+0.31%,+0.00%,-0.31%,-0.31%,+0.31%,+2.45%,-1.19%,+2.11%
6539.TWO,-0.97%,-3.77%,+4.77%,+0.00%,-0.81%,-0.81%,+0.82%,+0.00%,+0.00%,+0.16%
8183.TWO,+1.42%,+0.13%,+2.16%,-1.49%,+0.51%,+0.51%,+0.00%,+2.26%,-1.35%,+0.87%
8277.TWO,+4.76%,-0.41%,+0.00%,-1.66%,-2.11%,-2.11%,-0.43%,+4.33%,+4.98%,-0.40%
1480.TWO,+0.00%,+1.49%,+0.00%,+11.27%,+6.61%,+6.61%,-4.55%,+2.16%,+0.42%,-1.69%
5392.TWO,+8.47%,-1.70%,+6.36%,-0.27%,+0.27%,+0.27%,-0.82%,-2.47%,-1.54%,+4.71%
4105.TWO,+0.79%,+0.78%,-0.52%,-0.78%,-0.26%,-0.26%,+1.18%,-0.26%,-0.39%,+0.00%
4767.TWO,+1.20%,+0.00%,-0.30%,+0.59%,+0.00%,+0.00%,+0.00%,+1.18%,+1.02%,-0.14%
5262.TWO,+3.95%,+0.89%,-1.51%,-1.02%,+0.26%,+0.26%,-2.05%,+3.80%,+0.38%,+0.25%
1271.TWO,-4.07%,+0.12%,-0.12%,-1.30%,-5.13%,-5.13%,-1.51%,+1.15%,+0.38%,-1.01%
6227.TWO,+9.87%,+4.24%,+3.57%,+1.43%,+2.70%,+2.70%,+0.34%,-1.48%,+1.50%,+0.00%
3228.TWO,+0.99%,+0.00%,+0.73%,+0.24%,-2.18%,-2.18%,+0.25%,+4.20%,+6.16%,+0.67%
00772B.TWO,+0.20%,+0.87%,-0.31%,-0.45%,-0.25%,-0.25%,-0.37%,-0.71%,+1.03%,+0.14%
6020.TWO,+0.26%,+0.00%,+0.26%,+0.26%,-0.52%,-0.52%,+0.00%,+0.53%,+0.26%,+0.26%
6758.TWO,+0.00%,+1.08%,+0.00%,-0.13%,+0.00%,+0.00%,+0.00%,+0.00%,+0.00%,-0.40%
6270.TWO,+1.48%,+2.29%,+3.25%,-0.79%,-0.20%,-0.20%,-0.60%,+0.60%,+0.00%,+1.39%
8927.TWO,+0.17%,-2.03%,-3.45%,+0.00%,-0.54%,-0.54%,-0.18%,+0.00%,+0.72%,-0.71%
6787.TWO,+0.89%,-0.33%,+0.44%,-3.32%,+0.57%,+0.57%,-3.19%,+2.59%,+0.00%,+2.18%
8440.TWO,+1.51%,+1.19%,+0.88%,+9.91%,+3.18%,+3.18%,-3.34%,+1.06%,+1.05%,-0.39%
6021.TWO,+0.00%,+0.00%,-0.63%,+0.00%,+0.63%,+0.63%,-0.63%,+0.00%,+0.00%,+1.05%
3272.TWO,+1.10%,+1.09%,+0.18%,+0.00%,+0.18%,+0.18%,-1.25%,+0.91%,+0.36%,+0.54%
6929.TWO,+2.42%,+0.52%,-0.26%,+1.05%,+0.65%,+0.65%,+5.02%,+1.72%,+0.48%,+0.12%
4745.TWO,+0.25%,-0.74%,-0.25%,+1.74%,+0.00%,+0.00%,-0.49%,-0.74%,+0.74%,+0.00%
5381.TWO,+2.00%,+0.98%,+1.21%,+1.20%,+9.95%,+9.95%,+1.29%,-1.70%,+0.43%,-0.86%
8121.TWO,+9.84%,-2.99%,+0.77%,-1.34%,-0.58%,-0.58%,-0.58%,+2.15%,+0.00%,+1.34%
00780B.TWO,-0.18%,+0.29%,-0.23%,-0.10%,-0.08%,-0.08%,-0.08%,-0.50%,+0.52%,+0.10%
4128.TWO,,,,,,,,,,
3630.TWO,+4.66%,+5.61%,+1.83%,-0.72%,+0.00%,+0.00%,+2.72%,-1.94%,-1.62%,+0.00%
6565.TWO,+0.00%,+14.56%,+7.20%,+1.78%,-6.80%,-6.80%,+5.21%,+2.77%,-11.37%,+3.91%
8040.TWO,+0.13%,-1.31%,+1.20%,-2.24%,-0.27%,-0.27%,-1.75%,+0.96%,+0.00%,+0.27%
8067.TWO,-0.29%,+0.00%,-0.58%,+0.29%,-0.29%,-0.29%,-1.16%,-0.29%,+0.29%,+0.00%
6891.TWO,+0.25%,+0.50%,-0.75%,+3.77%,-1.94%,-1.94%,-0.25%,+0.99%,-1.96%,+0.00%
7723.TWO,-0.76%,-0.38%,+0.89%,-0.76%,-2.29%,-2.29%,-0.78%,-1.05%,-0.66%,-0.53%
6662.TWO,+4.06%,+0.00%,-1.95%,-4.83%,+2.09%,+2.09%,-0.58%,+0.59%,+0.00%,-0.29%
3349.TWO,+9.97%,+9.87%,+9.95%,-0.66%,-2.22%,-2.22%,-4.55%,+1.43%,+4.23%,+1.80%
6629.TWO,+0.44%,+3.98%,+0.00%,+0.00%,+1.28%,+1.28%,-0.84%,-0.42%,-0.85%,-1.29%
7796.TWO,+1.56%,-6.81%,-1.18%,-4.30%,+5.74%,+5.74%,-4.48%,+2.72%,+3.85%,+0.69%
6584.TWO,+5.38%,-1.82%,-1.12%,-2.26%,+1.92%,+1.92%,-1.51%,+7.28%,+3.57%,+0.69%
7748.TWO,+0.00%,-2.98%,-1.84%,+1.04%,+0.41%,+0.41%,+0.00%,+0.31%,+0.00%,+0.00%
6883.TWO,+1.63%,-1.41%,-0.51%,-2.25%,+0.52%,+0.52%,-0.94%,+0.84%,+0.42%,-2.60%
3666.TWO,+3.66%,+5.52%,-1.45%,-0.15%,-1.92%,-1.92%,+0.30%,-0.90%,+0.00%,-0.30%
8298.TWO,-1.51%,+3.07%,+0.43%,+0.00%,-1.69%,-1.69%,-0.22%,+0.65%,+0.00%,+3.00%
5245.TWO,+0.15%,+0.00%,-0.45%,+0.15%,+0.30%,+0.30%,+0.15%,+1.81%,-0.74%,-0.30%
6237.TWO,-0.36%,+6.75%,-1.71%,+0.70%,-1.90%,-1.90%,+2.82%,-2.74%,-4.05%,+2.75%
8999.TWO,-5.06%,+4.03%,+1.38%,-0.12%,-2.22%,-2.22%,-0.51%,+1.52%,-3.87%,+0.39%
3689.TWO,+3.42%,+1.43%,+3.80%,-0.31%,+0.74%,+0.74%,+1.46%,+0.62%,-3.06%,+7.48%
3354.TWO,+9.95%,-3.48%,+2.40%,-0.47%,-0.94%,-0.94%,+1.43%,+1.88%,-0.46%,-0.23%
8092.TWO,+8.97%,-2.53%,-1.52%,-1.54%,-0.45%,-0.45%,+0.00%,-0.45%,-0.45%,-1.13%
7712.TWO,+3.41%,-1.03%,+3.33%,-1.41%,-3.48%,-3.48%,-2.97%,-0.44%,-1.32%,-0.22%
2066.TWO,-1.07%,+1.84%,-0.85%,+0.75%,+4.05%,+4.05%,-0.92%,+1.65%,-0.71%,-2.15%
6709.TWO,+0.49%,-0.24%,-0.24%,-2.68%,-5.01%,-5.01%,+1.32%,+0.00%,+0.52%,+5.18%
5905.TWO,+0.00%,+0.36%,-0.71%,+1.80%,+0.00%,+0.00%,+1.77%,+1.74%,-1.71%,+1.39%
6664.TWO,+2.80%,+0.91%,+1.12%,-2.44%,+0.00%,+0.00%,-1.14%,+3.46%,+1.11%,+0.44%
6707.TWO,-2.82%,+2.58%,+0.00%,-3.77%,-0.33%,-0.33%,+1.97%,-1.61%,+0.00%,-1.96%
7816.TWO,+0.41%,-5.26%,+0.85%,-1.27%,-1.29%,-1.29%,-3.48%,-4.50%,+3.77%,+0.00%
00867B.TWO,+0.54%,+1.14%,-0.41%,-0.53%,-0.15%,-0.15%,-0.51%,-0.78%,+1.12%,+0.09%
1569.TWO,+8.98%,+5.38%,-4.76%,-3.21%,-2.03%,-2.03%,-2.64%,+3.48%,-3.93%,+9.92%
6233.TWO,+1.36%,+1.53%,-0.75%,-0.19%,-0.19%,-0.19%,-0.76%,+2.31%,+0.00%,+1.32%
00687B.TWO,+0.23%,+1.37%,-0.16%,-0.46%,-0.33%,-0.33%,-0.66%,-1.10%,+1.29%,+0.00%
6465.TWO,-0.26%,+0.00%,-0.26%,-5.21%,+0.55%,+0.55%,+1.09%,+0.81%,+1.61%,+0.79%
4804.TWO,+0.00%,+0.00%,+0.00%,+0.00%,+0.00%,+0.00%,+0.00%,+0.00%,+0.00%,+0.00%
4178.TWO,+11.71%,+0.66%,-1.95%,-5.58%,+0.14%,+0.14%,+3.79%,+0.27%,+2.83%,-0.52%
00877.TWO,-2.39%,+2.68%,+3.73%,-1.22%,+0.36%,+0.36%,+0.58%,-0.50%,-0.07%,+2.68%
3176.TWO,-5.12%,-0.41%,+0.56%,-2.62%,-1.28%,-1.28%,+0.00%,+2.44%,+0.14%,-0.56%
6559.TWO,+10.74%,-2.24%,-1.27%,+3.09%,-0.75%,-0.75%,-4.03%,+0.52%,-0.26%,+0.52%
3178.TWO,+1.61%,+0.79%,+0.31%,-3.13%,-0.81%,-0.81%,+0.00%,+1.30%,+0.16%,+0.32%
8043.TWO,+9.93%,+0.93%,+2.78%,-3.45%,+0.78%,+0.78%,-1.39%,+2.03%,-1.84%,-0.16%
3374.TWO,-0.27%,-0.27%,-0.54%,-0.82%,-2.47%,-2.47%,+1.41%,+4.72%,-1.33%,+8.33%
8086.TWO,-0.11%,+0.77%,+1.64%,-2.69%,+0.33%,+0.33%,+0.00%,+2.09%,+4.64%,+1.65%
8147.TWO,+1.88%,+0.00%,+0.92%,-3.20%,-0.47%,-0.47%,+0.00%,+2.37%,-1.39%,+3.76%
00725B.TWO,+0.19%,+0.78%,-0.32%,-0.35%,-0.19%,-0.19%,-0.38%,-0.48%,+0.95%,+0.05%
7443.TWO,+0.00%,+0.00%,-3.23%,-0.48%,+3.83%,+3.83%,+0.00%,+0.00%,+4.15%,+0.00%
6999.TWO,+3.23%,+0.68%,+0.54%,-3.23%,+3.19%,+3.19%,+0.00%,+0.00%,-4.17%,+4.35%
6979.TWO,-0.60%,+0.91%,+0.00%,-0.45%,+0.00%,+0.00%,+0.00%,+0.00%,+0.90%,+0.00%
3580.TWO,+3.45%,+0.13%,+0.38%,-4.21%,+0.80%,+0.80%,+0.79%,+1.31%,-0.52%,+1.30%
7756.TWO,+0.00%,+0.98%,+0.39%,+0.00%,+0.00%,+0.00%,+0.00%,-3.29%,-1.00%,+0.00%
6292.TWO,+1.40%,+5.51%,+0.19%,-1.86%,+1.14%,+1.14%,+1.13%,+1.86%,-0.55%,+2.20%
3264.TWO,+3.97%,+9.62%,-0.90%,+1.82%,-1.53%,-1.53%,-2.60%,+0.13%,+3.20%,-1.68%
6939.TWO,+2.97%,-4.24%,+0.00%,+0.88%,-0.53%,-0.53%,-1.06%,+4.81%,-1.36%,+0.17%
8358.TWO,+2.26%,+2.03%,+1.27%,+0.71%,+0.18%,+0.18%,-0.71%,+0.71%,-0.35%,+0.00%
6983.TWO,+0.44%,+4.80%,+0.00%,+3.33%,-0.40%,-0.40%,+0.00%,+0.40%,+0.00%,+0.00%
5902.TWO,+1.00%,+0.12%,-0.74%,-0.50%,+1.00%,+1.00%,+1.36%,-0.12%,+0.12%,+0.12%
4303.TWO,+0.20%,+0.41%,+0.71%,-0.91%,+0.10%,+0.10%,-0.10%,+2.95%,+6.52%,+5.19%
7566.TWO,-0.77%,+0.19%,-1.16%,-0.19%,-1.56%,-1.56%,-2.18%,+1.62%,-0.20%,+0.20%
2756.TWO,-0.54%,-1.62%,+0.82%,+1.36%,+0.81%,+0.81%,+1.20%,+0.00%,+1.05%,-0.78%
6574.TWO,,,,,,,,,,
6568.TWO,-0.91%,+0.61%,-2.12%,+0.62%,-1.85%,-1.85%,+0.00%,+5.02%,+0.00%,-2.69%
6174.TWO,+1.81%,-1.11%,+1.80%,+3.32%,+4.71%,+4.71%,-2.04%,+1.04%,+0.21%,+0.62%
5364.TWO,+1.72%,+0.19%,-1.32%,+4.57%,-1.09%,-1.09%,-0.74%,-3.53%,+0.19%,+1.34%
3623.TWO,+1.81%,+0.89%,+1.76%,-1.94%,+0.00%,+0.00%,+1.76%,+0.43%,+1.72%,+0.64%
6761.TWO,+4.38%,-0.92%,+2.07%,+1.11%,-1.80%,-1.80%,-0.41%,+0.00%,+0.00%,+0.72%
8929.TWO,+1.63%,+1.00%,-1.39%,+2.81%,-1.95%,-1.95%,-1.00%,+1.21%,-0.80%,-1.40%
2938.TWO,+0.14%,-0.14%,-0.14%,+3.93%,-4.59%,-4.59%,-0.42%,+2.42%,-0.14%,+0.00%
5483.TWO,+1.32%,+0.00%,-0.87%,-2.19%,+0.00%,+0.00%,-0.45%,+3.60%,+0.87%,+4.31%
6618.TWO,-0.52%,+0.26%,+3.95%,+0.76%,-3.52%,-3.52%,-1.30%,+1.06%,-2.61%,-1.07%
7561.TWO,+4.76%,+2.73%,+0.00%,+0.00%,+2.43%,+2.43%,+9.29%,-1.38%,-0.60%,-3.23%
3066.TWO,+3.94%,+2.46%,+9.80%,+7.94%,+1.29%,+1.29%,-4.90%,-0.19%,-1.53%,-0.39%
6825.TWO,+5.32%,+0.00%,+0.00%,+0.00%,+0.00%,+0.00%,+0.16%,+0.00%,+0.79%,+0.00%
3624.TWO,+3.62%,+0.00%,+0.62%,-1.36%,-0.13%,-0.13%,+0.00%,+2.89%,-1.59%,+0.62%
3085.TWO,+0.00%,+0.00%,+4.31%,-8.88%,+7.94%,+7.94%,+0.00%,+1.26%,-7.47%,+0.00%
8099.TWO,+0.24%,+0.72%,+3.11%,-3.37%,-0.12%,-0.12%,+0.48%,+0.96%,-0.36%,-1.19%
3073.TWO,+3.19%,+1.20%,-1.38%,+0.40%,-0.99%,-0.99%,+0.80%,+2.39%,+2.33%,+0.00%
6729.TWO,-0.22%,+2.24%,-0.44%,+4.18%,+0.00%,+0.00%,-1.90%,+0.00%,-3.87%,+0.22%
6744.TWO,+0.00%,+0.00%,+0.00%,+0.00%,+0.00%,+0.00%,+0.00%,+3.04%,+0.25%,+0.00%
8924.TWO,+0.00%,+0.71%,+0.28%,-0.14%,+0.00%,+0.00%,+0.14%,+1.13%,+0.00%,+0.00%
7709.TWO,+0.33%,-0.33%,+0.67%,-1.49%,-1.18%,-1.18%,+3.23%,-2.64%,-0.51%,+1.53%
1259.TWO,+2.25%,-0.16%,+0.00%,+0.32%,+2.20%,+2.20%,-0.31%,-1.23%,+0.62%,+0.31%
6498.TWO,+0.77%,+1.91%,+0.00%,+7.87%,-1.04%,-1.04%,-1.05%,-0.35%,-0.71%,+0.00%
7729.TWO,+1.72%,+0.00%,+0.00%,+0.00%,+1.45%,+1.45%,+2.85%,+2.31%,-2.93%,+1.86%
8087.TWO,+2.67%,-0.22%,+1.84%,+0.00%,+1.17%,+1.17%,-0.74%,+0.11%,+0.11%,-0.53%
6723.TWO,+0.86%,+0.68%,+0.17%,+0.00%,-0.01%,-0.01%,+0.00%,-0.18%,+0.00%,-4.42%
00887.TWO,+0.12%,+0.94%,+3.73%,-0.11%,-0.67%,-0.67%,-0.23%,+1.14%,-0.11%,+1.57%
2736.TWO,+0.23%,-0.47%,+0.71%,+2.80%,-2.50%,-2.50%,+0.70%,+0.46%,-0.69%,-1.16%
6868.TWO,+1.69%,+3.03%,-1.76%,+2.40%,-0.73%,-0.73%,-0.88%,-0.45%,+0.00%,-0.15%
5520.TWO,+0.00%,+0.73%,-0.48%,+0.36%,+0.12%,+0.12%,+0.00%,+0.00%,+0.00%,+0.00%
6932.TWO,-0.93%,+0.94%,+1.86%,-1.22%,-1.54%,-1.54%,+0.31%,+0.31%,+0.62%,-1.55%
4979.TWO,-0.89%,+2.93%,+9.87%,-1.40%,+0.00%,+0.00%,-9.92%,+1.35%,-1.55%,-1.35%
4553.TWO,+0.00%,+0.00%,+0.00%,-1.97%,+1.51%,+1.51%,+0.50%,+0.00%,+0.00%,-0.49%
4971.TWO,+3.29%,+9.76%,+9.66%,+9.69%,+9.64%,+9.64%,+9.89%,+9.33%,+1.52%,+1.50%
6425.TWO,+1.93%,-0.47%,+1.59%,-0.31%,-0.31%,-0.31%,-2.36%,+1.61%,-1.11%,+4.01%
6780.TWO,+0.00%,+2.30%,+0.64%,+0.00%,-0.96%,-0.96%,+3.23%,+0.00%,+3.12%,+1.82%
6649.TWO,+0.14%,+1.41%,+6.67%,-1.04%,+3.03%,+3.03%,-9.45%,+0.00%,+0.56%,+0.84%
5498.TWO,+1.95%,+0.96%,+2.37%,-2.31%,-0.47%,-0.47%,+1.43%,+0.00%,+0.94%,+0.47%
1785.TWO,+0.68%,+1.01%,+0.67%,-1.16%,-2.01%,-2.01%,-0.34%,+0.00%,-0.69%,+0.69%
3152.TWO,+2.84%,+0.31%,+2.14%,-0.30%,-0.90%,-0.90%,-2.12%,+1.86%,+0.61%,+0.00%
4502.TWO,+0.00%,+9.89%,-4.50%,-0.52%,-1.58%,-1.58%,-1.87%,+1.91%,+1.34%,+5.54%
4170.TWO,+0.36%,-1.43%,+1.45%,-0.36%,+1.43%,+1.43%,-0.71%,-0.71%,+0.72%,-0.71%
7578.TWO,+8.18%,-1.54%,+0.26%,+1.82%,-1.91%,-1.91%,+0.26%,+2.72%,-1.26%,+0.38%
6432.TWO,+3.15%,+0.00%,+1.80%,-1.41%,+0.36%,+0.36%,-0.18%,+1.25%,+0.00%,+0.00%
當年度平均,+1.50%,+0.98%,+0.66%,-0.10%,+0.11%,+0.10%,+0.04%,+0.98%,+0.17%,+0.65%
